episode,step,total_loss,loss_X1,loss_X2,loss_X3,loss_X4,loss_X5,loss_X10,loss_X11,loss_X12,loss_X13,loss_X14,loss_X15,loss_X16,loss_X17,loss_X18,loss_X19,loss_X20,loss_X21,loss_X22,loss_X23,loss_X24,loss_X25,loss_X26,loss_X27,loss_X28,loss_X29,loss_X30,loss_X6,loss_X7,loss_X8,loss_X9
0,0,54.84500450491905,0.9314996600151062,0.936153769493103,1.1102687120437622,0.9841923713684082,0.9871573448181152,3.3132684230804443,1.7910943031311035,2.895763635635376,1.9330134391784668,2.4578452110290527,2.207482099533081,1.0873339176177979,0.8827014565467834,2.041701555252075,1.004258155822754,1.3855433464050293,1.53860604763031,3.6122162342071533,2.1975553035736084,4.3211989402771,4.260615348815918,2.2669036388397217,2.2569994926452637,1.1624631881713867,0.45598432421684265,2.397752046585083,1.306093692779541,3.8028056621551514,1.8136177062988281,1.4623329639434814
0,1,12.892774508148431,0.9437888264656067,0.9371170997619629,1.1182537078857422,1.0187053680419922,0.9868050813674927,0.039891209453344345,0.036990586668252945,0.14525842666625977,2.125298023223877,0.08725743740797043,0.18681500852108002,0.025166518986225128,0.07454148679971695,0.06281808763742447,0.2281874418258667,0.1590242087841034,0.5416801571846008,2.8760902881622314,0.5877946615219116,1.024484395980835,1.181435227394104,0.5904807448387146,0.634719729423523,0.43441978096961975,0.05007420480251312,0.6793227791786194,0.026273416355252266,0.035228971391916275,0.03382394090294838,0.02476375736296177
0,2,7.2783156272023914,0.9659972786903381,0.9360038042068481,1.1261608600616455,1.0149909257888794,0.9867909550666809,0.033427830785512924,0.031788863241672516,0.07391241192817688,1.928381323814392,0.03424078971147537,0.3112017810344696,0.061962492763996124,0.07113879173994064,0.10327717661857605,0.2196720689535141,0.8588328957557678,1.0324078798294067,0.10933302342891693,0.8473208546638489,0.10622401535511017,0.06171790137887001,0.10716819018125534,0.025648782029747963,0.025619663298130035,0.04312293604016304,0.053351715207099915,0.023606792092323303,0.03526045382022858,0.042955681681632996,0.030752547085285187
0,3,4.44504133798182,0.952790379524231,0.9378108978271484,1.1295567750930786,1.0055294036865234,0.9866894483566284,0.0259734895080328,0.052045539021492004,0.1342546045780182,0.02575395256280899,0.14440639317035675,0.1803486943244934,0.03878476470708847,0.21077905595302582,0.3228338062763214,0.052415065467357635,0.447480171918869,0.8006666898727417,0.07556270807981491,0.4813636541366577,0.039437614381313324,0.09861194342374802,0.027923496440052986,0.022817213088274002,0.02387312240898609,0.06517909467220306,0.05581190437078476,0.02622002363204956,0.02889530546963215,0.03042067587375641,0.030706973746418953
0,4,4.07727849110961,0.9502569437026978,0.9370696544647217,1.1144920587539673,0.9964988827705383,0.987484335899353,0.03397810459136963,0.05443045124411583,0.06306992471218109,0.03914644941687584,0.024365974590182304,0.2910441756248474,0.0276425089687109,0.029280105605721474,1.1041110754013062,0.14513473212718964,0.05114082619547844,0.119938924908638,0.10747605562210083,0.4477976858615875,0.05709981918334961,0.09216992557048798,0.03375155106186867,0.024324623867869377,0.02835218422114849,0.13811132311820984,0.05210159346461296,0.029313882812857628,0.03155916556715965,0.026235444471240044,0.028541607782244682
0,5,4.356547213345766,0.9487588405609131,0.9370771646499634,1.1172680854797363,1.000553846359253,0.989629328250885,0.03579419106245041,0.050460334867239,0.08352024853229523,0.0431777723133564,0.022969840094447136,0.39698582887649536,0.02769482508301735,0.028117764741182327,1.0574897527694702,0.1755835860967636,0.058507490903139114,0.17012275755405426,0.09624231606721878,0.5140206217765808,0.05333053320646286,0.09343580901622772,0.03489287197589874,0.0260150283575058,0.031226906925439835,0.19117942452430725,0.051778025925159454,0.03331658989191055,0.03370402008295059,0.02266724407672882,0.025655975565314293
0,6,3.4493424106389283,0.9449442028999329,0.9372232556343079,1.1138571500778198,0.9979454874992371,0.9892522096633911,0.030834127217531204,0.0534176304936409,0.10300612449645996,0.04056087136268616,0.02690591849386692,0.22467972338199615,0.0313253253698349,0.03521418198943138,0.25350144505500793,0.20967288315296173,0.08803772181272507,0.11614738404750824,0.07754401862621307,0.550348699092865,0.05605081096291542,0.1014585867524147,0.03625229001045227,0.025658855214715004,0.03168852627277374,0.19609947502613068,0.053170304745435715,0.03017614781856537,0.035250116139650345,0.02027544565498829,0.02542133629322052
0,7,3.8260372899472714,0.9426474571228027,0.9371528029441833,1.1180601119995117,0.9905588626861572,0.9868730306625366,0.0378769151866436,0.046040695160627365,0.09991173446178436,0.05470431223511696,0.02547074481844902,0.21649476885795593,0.025773510336875916,0.03255119547247887,0.268533319234848,0.2777935862541199,0.07979176938533783,0.18260568380355835,0.1269952803850174,0.7186288833618164,0.054705921560525894,0.1310568004846573,0.034848060458898544,0.024401573464274406,0.04158366471529007,0.17677730321884155,0.06384184956550598,0.028411827981472015,0.03237200528383255,0.023182537406682968,0.02662489376962185
0,8,4.105127166211605,0.9406629800796509,0.9372606873512268,1.1187176704406738,0.9892996549606323,0.9870941042900085,0.03532508388161659,0.044058024883270264,0.11191470921039581,0.05422138795256615,0.03364941105246544,0.1652325689792633,0.022468609735369682,0.030231671407818794,0.22116108238697052,0.33320266008377075,0.07501610368490219,0.15282267332077026,0.15918059647083282,1.0604093074798584,0.08098587393760681,0.0927412286400795,0.03864055871963501,0.02525200881063938,0.03742823749780655,0.15993939340114594,0.06536846607923508,0.03276301920413971,0.02735086716711521,0.022719314321875572,0.028437288478016853
0,9,4.625917568802834,0.9392129182815552,0.9370924234390259,1.1181533336639404,0.9879317283630371,0.986739456653595,0.03328269347548485,0.03625015541911125,0.12595465779304504,0.06505590677261353,0.031079934909939766,0.1147390604019165,0.025091981515288353,0.026729857549071312,0.19046640396118164,0.2984097898006439,0.07688530534505844,0.21116897463798523,0.1584867686033249,1.5894312858581543,0.10221453756093979,0.10517283529043198,0.03997161611914635,0.027269264683127403,0.04399716854095459,0.1613389551639557,0.05596497654914856,0.030737437307834625,0.029636895284056664,0.023846453055739403,0.028908681124448776
0,10,5.3122598342597485,0.9369823336601257,0.9364169239997864,1.1165670156478882,0.987949013710022,0.9868008494377136,0.036101751029491425,0.05215899273753166,0.14883777499198914,0.05695530027151108,0.02328692004084587,0.08564415574073792,0.022871319204568863,0.026660721749067307,0.13173680007457733,0.3149375915527344,0.06750310212373734,0.3630448579788208,0.15276123583316803,2.1254055500030518,0.14819994568824768,0.13084448873996735,0.03372225537896156,0.027702881023287773,0.05318167060613632,0.14852872490882874,0.06144712492823601,0.026103628799319267,0.026441097259521484,0.026280952617526054,0.02895776368677616
0,11,5.649155486002565,0.9359439611434937,0.9364205002784729,1.1158512830734253,0.986880898475647,0.9871951937675476,0.0318392775952816,0.045280586928129196,0.11545376479625702,0.06112450733780861,0.026533005759119987,0.09379453957080841,0.025027930736541748,0.03403312340378761,0.16759461164474487,0.3379785418510437,0.07789339870214462,0.23953253030776978,0.2027643322944641,2.4860153198242188,0.141590416431427,0.16081242263317108,0.03387146070599556,0.027959605678915977,0.04958079755306244,0.13884055614471436,0.059517569839954376,0.02365160919725895,0.025801829993724823,0.023696348071098328,0.026509031653404236
0,12,5.8905982207506895,0.936383843421936,0.9363775253295898,1.1154987812042236,0.9873958230018616,0.9871444702148438,0.036307692527770996,0.04590273275971413,0.08094798773527145,0.04515625163912773,0.028682593256235123,0.09430289268493652,0.022572122514247894,0.031811412423849106,0.09726960211992264,0.35198771953582764,0.07947996258735657,0.2622949182987213,0.23130683600902557,2.6885793209075928,0.22831934690475464,0.15113118290901184,0.032616425305604935,0.024812156334519386,0.05672258511185646,0.14068487286567688,0.06359875202178955,0.0237555094063282,0.025939159095287323,0.02331656962633133,0.030539527535438538
1,0,53.81994912624359,0.9314996600151062,0.936153769493103,1.1102687120437622,0.9841923713684082,0.9871573448181152,3.4933106899261475,1.5827977657318115,1.7416452169418335,2.285160541534424,1.7942099571228027,1.3897268772125244,0.45572298765182495,0.7320234179496765,2.5699284076690674,0.6693176031112671,2.2008962631225586,1.352916955947876,4.421564102172852,2.4517662525177,3.3593554496765137,3.7274343967437744,2.5720999240875244,2.5244734287261963,1.0133800506591797,0.9605829119682312,2.715332508087158,1.2188711166381836,4.464560031890869,1.5032100677490234,1.6298078298568726
1,1,7.730810067057609,0.9322549104690552,0.936153769493103,1.137944221496582,1.0034067630767822,0.9866007566452026,0.05075831338763237,0.14706169068813324,0.13944204151630402,0.030437441542744637,0.2625647187232971,0.2329612523317337,0.051610346883535385,0.22562167048454285,0.7317295670509338,0.1480443775653839,0.08023641258478165,0.4765755534172058,0.26615604758262634,0.4255737066268921,0.4052874743938446,0.2917299270629883,0.27969902753829956,0.051402654498815536,0.12663757801055908,0.10064791142940521,0.36725443601608276,1.0127021074295044,0.766723096370697,0.025987381115555763,0.03469324856996536
1,2,8.702495755627751,0.9297971129417419,0.936153769493103,1.1223700046539307,1.0012611150741577,0.9866756796836853,0.048095714300870895,0.13023562729358673,0.2103416919708252,0.04002276435494423,0.0271286740899086,0.3366938829421997,0.2228032499551773,0.5264949202537537,0.543015718460083,0.06631264090538025,0.061816081404685974,0.5402830839157104,0.2603263258934021,0.5121944546699524,0.41749832034111023,0.20641659200191498,0.9129999279975891,0.028191518038511276,0.176242858171463,0.06711291521787643,0.6350612640380859,0.9531552195549011,0.7223308682441711,0.027221376076340675,0.0352485291659832
1,3,8.46318132430315,0.9283974766731262,0.936153769493103,1.1154967546463013,0.9889066815376282,0.9892681241035461,0.03583858907222748,0.10874094069004059,0.22660982608795166,0.03312043845653534,0.15853536128997803,0.38961103558540344,0.1438210904598236,0.10883043706417084,0.8687147498130798,0.06487342715263367,0.04607585445046425,0.9921844005584717,0.3471928834915161,0.7276472449302673,0.3735996186733246,0.24688446521759033,0.3755592107772827,0.02642740122973919,0.3352181613445282,0.030543331056833267,0.053217075765132904,1.0338428020477295,0.6881623268127441,0.025424353778362274,0.030861737206578255
1,4,6.464760724455118,0.9279509782791138,0.9365038871765137,1.1206930875778198,0.985504686832428,0.9893887042999268,0.030865618959069252,0.08676426857709885,0.1332889348268509,0.023642010986804962,0.1378515660762787,0.22705800831317902,0.036271654069423676,0.045718930661678314,0.0586230643093586,0.15440648794174194,0.04725366085767746,1.6975747346878052,0.696687638759613,0.4429091215133667,0.34676453471183777,0.3270075023174286,0.14373235404491425,0.08902458101511002,0.3546522855758667,0.10247065126895905,0.16138677299022675,0.030872460454702377,0.029058309271931648,0.04436656832695007,0.024500735104084015
1,5,6.348186083137989,0.9300472140312195,0.9365078806877136,1.117028832435608,0.9863327741622925,0.9876427054405212,0.030467350035905838,0.0662844255566597,0.16068634390830994,0.025324981659650803,0.14293272793293,0.22557853162288666,0.033426783978939056,0.05581143870949745,0.06968634575605392,0.19872604310512543,0.04177508130669594,1.6440277099609375,0.6521852612495422,0.4065591096878052,0.32025501132011414,0.17827166616916656,0.2784082889556885,0.1385050117969513,0.2771807312965393,0.07836056500673294,0.2152242511510849,0.0370674692094326,0.026735786348581314,0.026561658829450607,0.02663162723183632
1,6,6.596821013465524,0.9296820163726807,0.9376092553138733,1.1240839958190918,0.986510157585144,0.9879952073097229,0.03358635678887367,0.07949148118495941,0.1121249571442604,0.025297140702605247,0.16533398628234863,0.12619969248771667,0.03237103670835495,0.03610249236226082,0.055674485862255096,0.2304435521364212,0.0388561487197876,1.755972981452942,0.8744604587554932,0.4892658591270447,0.3155103027820587,0.43316003680229187,0.20027285814285278,0.12043116986751556,0.10832485556602478,0.07214850932359695,0.19777047634124756,0.022404717281460762,0.02620769292116165,0.02645402029156685,0.025779617950320244
1,7,7.530143367126584,0.9250729084014893,0.941322386264801,1.1228512525558472,0.9862502217292786,0.9879736304283142,0.027672195807099342,0.025399276986718178,0.09036169946193695,0.025274455547332764,0.08918220549821854,0.3077329695224762,0.04027021303772926,0.03412191942334175,0.05932411178946495,0.27396345138549805,0.027273155748844147,1.9051672220230103,1.714853286743164,0.5039374232292175,0.26687124371528625,0.2941149175167084,0.18166638910770416,0.12481021881103516,0.10857895016670227,0.11817698180675507,0.21207846701145172,0.028382616117596626,0.024626731872558594,0.027414100244641304,0.026195084676146507
1,8,6.70771135352552,0.9255103468894958,0.9413627982139587,1.122078537940979,0.9841486215591431,0.9884205460548401,0.02602074109017849,0.028724482282996178,0.07001625746488571,0.024171097204089165,0.029518814757466316,0.38864025473594666,0.04411178454756737,0.04503793269395828,0.057960186153650284,0.31073540449142456,0.039803396910429,1.4909652471542358,1.2817282676696777,0.5416094064712524,0.2258303463459015,0.24461188912391663,0.18544317781925201,0.12184714525938034,0.09418225288391113,0.13128705322742462,0.22691109776496887,0.029356179758906364,0.026187030598521233,0.026235703378915787,0.024472033604979515
1,9,7.244427367299795,0.9265575408935547,0.9413624405860901,1.1186692714691162,0.9837204813957214,0.989375114440918,0.035927556455135345,0.03182096779346466,0.06818132102489471,0.0238692294806242,0.04937069118022919,0.43388718366622925,0.041001610457897186,0.05512524023652077,0.07493945211172104,0.34935498237609863,0.04325570911169052,1.5930744409561157,1.3885570764541626,0.8055974245071411,0.2112572342157364,0.16668957471847534,0.2300628274679184,0.14493724703788757,0.07195306569337845,0.08391888439655304,0.2439953237771988,0.028708569705486298,0.027133649215102196,0.024259483441710472,0.025611652061343193
1,10,7.522440161928534,0.9262565970420837,0.938943088054657,1.117221474647522,0.9858757853507996,0.9893669486045837,0.034530263394117355,0.023844100534915924,0.06615225970745087,0.025227494537830353,0.03519848734140396,0.8679319024085999,0.03264501318335533,0.05447707325220108,0.07966717332601547,0.2992110550403595,0.08109640330076218,0.9955213665962219,1.6102663278579712,0.8667749762535095,0.2473863959312439,0.23731186985969543,0.3449854552745819,0.14126543700695038,0.06498925387859344,0.06810193508863449,0.2485111653804779,0.032158445566892624,0.027845153585076332,0.024900028482079506,0.02090834639966488
1,11,7.01411776356399,0.9266136884689331,0.9389011859893799,1.1164302825927734,0.9851453304290771,0.9894254803657532,0.028517533093690872,0.03179457411170006,0.1253127008676529,0.02791193127632141,0.03227784484624863,0.8190118670463562,0.038885243237018585,0.08068782091140747,0.12061023712158203,0.3819466531276703,0.08010832965373993,0.41483649611473083,1.2150095701217651,1.0225580930709839,0.24116773903369904,0.2841721177101135,0.43415820598602295,0.1445385366678238,0.07085913419723511,0.05635044723749161,0.26172295212745667,0.03067026287317276,0.0254130270332098,0.026454275473952293,0.027838977053761482
2,0,55.70199195146561,0.9314996600151062,0.936153769493103,1.1102687120437622,0.9841923713684082,0.9871573448181152,2.8908655643463135,1.4360026121139526,2.1559953689575195,3.1888182163238525,2.050778388977051,1.8266310691833496,0.868126630783081,1.28471839427948,2.415541172027588,1.5113728046417236,1.5410603284835815,1.5330982208251953,4.547093868255615,2.5965957641601562,3.319504737854004,4.784071445465088,2.0550715923309326,2.315916061401367,1.1051148176193237,0.7241293787956238,2.234001874923706,0.7606577277183533,3.943171501159668,2.1070199012756348,1.516780138015747
2,1,8.272613574564456,0.9494394659996033,0.936153769493103,1.1010695695877075,0.9747905135154724,0.9873698949813843,0.07378099113702774,0.04673391580581665,0.23993077874183655,0.029660625383257866,0.02673564851284027,0.047892313450574875,0.08046234399080276,0.4898867905139923,0.5525416135787964,0.028319263830780983,0.28242921829223633,0.20840373635292053,0.3820771872997284,0.7242344617843628,0.5732744932174683,0.7198565602302551,0.4534182846546173,0.033256895840168,0.42430251836776733,0.3184279203414917,0.027217604219913483,0.5560950636863708,0.9016481637954712,0.027919940650463104,0.03434259817004204
2,2,9.336520487815141,0.9490917921066284,0.9385238885879517,1.1068364381790161,0.9747905731201172,0.9867922067642212,0.0653790608048439,0.15914975106716156,0.3365578055381775,0.031248684972524643,0.026203449815511703,0.2974105179309845,0.061766497790813446,0.47696003317832947,0.34829771518707275,0.038059577345848083,0.27887049317359924,0.2512538433074951,1.1369891166687012,0.9933146238327026,0.6424633860588074,1.3316786289215088,0.5355367064476013,0.11275075376033783,0.04245937988162041,0.40789371728897095,0.5641059279441833,0.05120374262332916,0.08294568210840225,0.036185991019010544,0.036628421396017075
2,3,9.64411269798875,0.9523058533668518,0.9385213851928711,1.1139075756072998,0.9810978770256042,0.9866033792495728,0.04868527874350548,0.23479577898979187,0.34748658537864685,0.10268007963895798,0.04223044216632843,0.8507737517356873,0.061219945549964905,0.05055778846144676,0.1553925722837448,0.042017120867967606,0.1082058772444725,0.5990850925445557,0.9371950030326843,1.4143916368484497,0.5681042671203613,1.0913081169128418,0.03048742190003395,0.17835107445716858,0.05586162582039833,0.907444953918457,0.656615138053894,0.05508841574192047,0.05799794942140579,0.026356510818004608,0.02729305624961853
2,4,8.70068337060511,0.9476485848426819,0.936062753200531,1.1128308773040771,0.9841519594192505,0.9875638484954834,0.049934323877096176,0.11155837774276733,0.28977730870246887,0.14805090427398682,0.13027165830135345,0.33923858404159546,0.025516508147120476,0.3411220908164978,0.07088543474674225,0.09130558371543884,0.04582566022872925,0.9583600759506226,1.1208617687225342,1.440606951713562,0.5074111819267273,0.8315033912658691,0.03801749274134636,0.09451308101415634,0.029487643390893936,0.14106547832489014,0.702002763748169,0.09421592950820923,0.046130239963531494,0.027922365814447403,0.03144696727395058
2,5,8.546752287447452,0.9433223009109497,0.9360573887825012,1.1152257919311523,0.9831293821334839,0.9878346920013428,0.033328019082546234,0.08463011682033539,0.3607899844646454,0.0908367708325386,0.18913239240646362,0.3934572637081146,0.031739916652441025,0.040888700634241104,0.052929703146219254,0.07799277454614639,0.07644624263048172,0.9127519726753235,0.8231841325759888,1.4087051153182983,0.47969961166381836,1.4734947681427002,0.05466494709253311,0.07007207721471786,0.03411133214831352,0.07033843547105789,0.619579017162323,0.07977669686079025,0.04161383956670761,0.0243968665599823,0.0290776789188385
2,6,9.138981335237622,0.9405853152275085,0.936057448387146,1.1146894693374634,0.9821649789810181,0.9887943863868713,0.04184495657682419,0.07370956242084503,0.4040459394454956,0.10838747769594193,0.21546493470668793,0.46794211864471436,0.03131765499711037,0.0522034615278244,0.06315150856971741,0.11455492675304413,0.0945558100938797,1.0476843118667603,0.79697185754776,1.2478173971176147,0.5701485276222229,1.5066559314727783,0.0871700569987297,0.06449881941080093,0.038787685334682465,0.14177457988262177,0.773443341255188,0.09068293124437332,0.05582321062684059,0.03069654107093811,0.027189472690224648
2,7,9.42008538544178,0.9331144094467163,0.9370772838592529,1.1143094301223755,0.9826222062110901,0.9902030229568481,0.030619561672210693,0.08479522913694382,0.3675277531147003,0.08515705913305283,0.28281348943710327,0.42704886198043823,0.026622112840414047,0.07396093755960464,0.07368152588605881,0.05631013959646225,0.06801270693540573,1.0059231519699097,0.7711582183837891,1.748297095298767,0.5098538398742676,1.1633368730545044,0.10716746002435684,0.07922723889350891,0.03286923095583916,0.30700358748435974,0.9957819581031799,0.04967382177710533,0.031148187816143036,0.026064300909638405,0.024565773084759712
3,0,59.95250310897827,0.9260987639427185,0.9358967542648315,1.111777901649475,0.9856852293014526,0.98870450258255,3.442117929458618,1.499319314956665,2.736790418624878,4.54152774810791,1.9302502870559692,1.7768486738204956,0.8378722667694092,1.1786712408065796,2.358715057373047,1.0420997142791748,1.8550370931625366,1.7146670818328857,4.918330669403076,1.989387035369873,5.212586879730225,4.308239459991455,2.5199296474456787,2.1704843044281006,0.9226123094558716,0.766508936882019,2.586815357208252,1.0293676853179932,4.451297283172607,1.5257757902145386,1.647618293762207
3,1,6.988741232082248,0.9365904331207275,0.9358967542648315,1.1050053834915161,0.9911249876022339,0.9866682291030884,0.05459723621606827,0.04067911580204964,0.14200466871261597,0.021036986261606216,0.10946375131607056,0.42682963609695435,0.5223415493965149,0.05576904118061066,1.2425743341445923,0.10176839679479599,0.05385115370154381,0.18136702477931976,0.14905166625976562,0.08930445462465286,0.46959900856018066,0.22420410811901093,0.0908723697066307,0.025013219565153122,0.027551980689167976,0.15431979298591614,0.035367436707019806,0.8661234974861145,0.8307222127914429,0.0338619165122509,0.04940951615571976
3,2,9.311855256929993,0.9345221519470215,0.9358967542648315,1.1099224090576172,1.0011357069015503,0.9866155982017517,0.03817601129412651,0.023579420521855354,0.07668301463127136,0.035494785755872726,0.06377232074737549,0.4048406779766083,0.5562312602996826,0.04871712997555733,0.9575398564338684,0.04101049527525902,0.08074046671390533,0.6685678362846375,0.3438623547554016,0.11088567227125168,0.5928194522857666,1.8203319311141968,0.14244027435779572,0.04455278441309929,0.03680679574608803,0.34717312455177307,0.05772116780281067,0.9058643579483032,0.8363171219825745,0.035486217588186264,0.04862220212817192
3,3,11.02470526881516,0.929351806640625,0.9358967542648315,1.1062449216842651,0.9887042045593262,0.9872419238090515,0.0347064770758152,0.022909430786967278,0.0643230751156807,0.026751482859253883,0.26604509353637695,0.39522239565849304,0.04270729050040245,0.047855835407972336,1.1014072895050049,0.19898320734500885,0.05608002096414566,1.3253262042999268,0.5792522430419922,0.3449821472167969,0.6937207579612732,2.0933539867401123,0.22083832323551178,0.03965110331773758,0.056257911026477814,0.5816377997398376,0.09387766569852829,0.9459179043769836,0.7265251278877258,0.022976843640208244,0.05390772968530655
3,4,8.259018601849675,0.9287086129188538,0.9449808597564697,1.1010328531265259,0.9857738018035889,0.9868780374526978,0.033463168889284134,0.20841658115386963,0.0651615709066391,0.03048097901046276,0.1471407264471054,0.45856744050979614,0.0323675163090229,0.03528976812958717,0.2050531506538391,0.09625023603439331,0.09690602868795395,1.5050652027130127,1.171270489692688,0.9287641048431396,0.38140344619750977,1.1003623008728027,0.03101442940533161,0.025785813108086586,0.064876988530159,0.4861080050468445,0.04746521636843681,0.022598324343562126,0.0238924752920866,0.025364432483911514,0.0464753732085228
3,5,7.694528054445982,0.928192138671875,0.944948136806488,1.1018176078796387,0.9875776171684265,0.9871069192886353,0.03150525316596031,0.22110316157341003,0.06229574233293533,0.02964812144637108,0.09319255501031876,0.5425441265106201,0.03906412795186043,0.023113854229450226,0.21811361610889435,0.08616898953914642,0.09600172936916351,1.140401840209961,1.0010002851486206,1.103805661201477,0.376185804605484,0.6520460247993469,0.04938386380672455,0.02947762794792652,0.06781681627035141,0.6645789742469788,0.049298111349344254,0.024949297308921814,0.029790572822093964,0.021929049864411354,0.051184363663196564
3,6,7.038544059544802,0.9289464950561523,0.9360897541046143,1.1031748056411743,0.9910301566123962,0.9867352843284607,0.026655813679099083,0.2165614515542984,0.20357216894626617,0.028247710317373276,0.082802914083004,0.1062406450510025,0.03331154212355614,0.027326809242367744,0.24414536356925964,0.12055899947881699,0.05482994765043259,1.238983154296875,0.3471095860004425,1.6507961750030518,0.2167285680770874,0.8035895824432373,0.03408759459853172,0.038824714720249176,0.03621261194348335,0.3526090979576111,0.05940096452832222,0.02902860939502716,0.03190955892205238,0.02263578027486801,0.04317939653992653
3,7,8.85603293031454,0.9306859970092773,0.9359501004219055,1.1036580801010132,0.9934574961662292,0.9869090914726257,0.02772194892168045,0.31981974840164185,0.42783766984939575,0.042358335107564926,0.03775632008910179,0.09427201747894287,0.024482017382979393,0.02528511732816696,0.14277444779872894,0.1257612258195877,0.049421027302742004,1.4318814277648926,0.18882642686367035,2.6584525108337402,0.2835181653499603,1.213223934173584,0.05222984030842781,0.041040170937776566,0.04804292321205139,0.4593255817890167,0.06608013063669205,0.02277964912354946,0.027475563809275627,0.02434113249182701,0.0311934445053339
4,0,57.23889044523239,0.9314996600151062,0.936153769493103,1.1102687120437622,0.9841923713684082,0.9871573448181152,3.3398258686065674,1.5979835987091064,2.68550968170166,2.462470293045044,2.044548749923706,2.2000203132629395,0.5318544507026672,1.0549077987670898,2.6481878757476807,0.9772879481315613,1.9846540689468384,1.6889325380325317,3.979785680770874,2.4037983417510986,4.605607509613037,4.836453437805176,2.7392258644104004,1.8260560035705566,0.7183186411857605,0.7399700284004211,1.8397119045257568,1.4824544191360474,4.47252893447876,1.978949785232544,1.4099923372268677
4,1,9.532971557602286,0.9242164492607117,0.936153769493103,1.1022419929504395,0.9911656975746155,0.9923185110092163,0.03264005109667778,0.061974700540304184,0.3497551381587982,0.032576605677604675,0.04838864877820015,0.18817083537578583,0.049713678658008575,0.027228914201259613,0.5608601570129395,0.04785476624965668,0.3967963457107544,0.08205552399158478,0.1392754167318344,0.7302283644676208,0.4483689069747925,0.323987752199173,1.2341543436050415,0.11144156008958817,0.17225567996501923,0.5880077481269836,0.29682666063308716,0.9462507367134094,1.6130129098892212,0.026321882382035255,0.035604946315288544
4,2,8.693370865285397,0.9287566542625427,0.936153769493103,1.1025404930114746,0.9828518629074097,0.9868624210357666,0.042252667248249054,0.0756983682513237,0.18744903802871704,0.033095065504312515,0.03632688894867897,0.056627653539180756,0.04688349738717079,0.02857551909983158,2.1753110885620117,0.11254165321588516,0.09306181967258453,0.16460084915161133,0.1988358050584793,0.5818957686424255,0.40916115045547485,0.971388041973114,0.21541714668273926,0.04550008848309517,0.034502722322940826,0.05136338621377945,0.21894288063049316,0.92006516456604,0.9415176510810852,0.02775448001921177,0.037169430404901505
4,3,7.790189191326499,0.9360879063606262,0.936153769493103,1.1067137718200684,0.9849207997322083,0.9869089126586914,0.03602617606520653,0.060554374009370804,0.24338796734809875,0.031860627233982086,0.03507415950298309,0.11174654960632324,0.05690816789865494,0.030743123963475227,0.5538616180419922,0.09390556067228317,0.09022322297096252,0.23255716264247894,0.43925026059150696,0.9532936215400696,0.3202359080314636,0.7404600977897644,0.5896002054214478,0.03339371085166931,0.27154818177223206,0.2199171930551529,0.04044157639145851,0.8217817544937134,0.7278838753700256,0.03292333707213402,0.03245372697710991
4,4,7.095470873266459,0.9374442100524902,0.9369704723358154,1.1105071306228638,0.9878492951393127,0.9867878556251526,0.04033247381448746,0.03593304380774498,0.39935627579689026,0.025540057569742203,0.03874114155769348,0.10843607038259506,0.030246075242757797,0.10269886255264282,0.13391831517219543,0.11946547031402588,0.02922106347978115,0.21206802129745483,0.691048264503479,0.73504239320755,0.35063475370407104,0.2004195749759674,0.8393160104751587,0.026561038568615913,0.8761164546012878,0.8677884340286255,0.1298818439245224,0.023502781987190247,0.031222937628626823,0.022077510133385658,0.03399021178483963
4,5,7.687086406722665,0.9366295337677002,0.9369720220565796,1.1096935272216797,0.9928929805755615,0.9866273999214172,0.04079296812415123,0.044558316469192505,0.6098634004592896,0.0282979104667902,0.05059477314352989,0.10130983591079712,0.029719296842813492,0.13680222630500793,0.19828318059444427,0.16078007221221924,0.03504384309053421,0.29013320803642273,0.8479849100112915,0.5433390140533447,0.3051663041114807,0.22653937339782715,0.8820056319236755,0.034505270421504974,1.0179885625839233,0.8367258310317993,0.16293781995773315,0.023129312321543694,0.03442353755235672,0.02264365553855896,0.030955059453845024
4,6,7.258745362609625,0.9350607395172119,0.9369720220565796,1.1095902919769287,0.9898276329040527,0.9866163730621338,0.03796180710196495,0.048818230628967285,0.6540151834487915,0.03725990280508995,0.029607459902763367,0.12465262413024902,0.02928934060037136,0.10880690068006516,0.18451686203479767,0.14117509126663208,0.03763424977660179,0.3625398576259613,0.7186046838760376,0.5524514317512512,0.29987969994544983,0.20614327490329742,0.8612105250358582,0.05895039066672325,0.8293893337249756,0.6359702348709106,0.20087707042694092,0.022423030808568,0.029900848865509033,0.023914573714137077,0.031139342114329338
4,7,5.938764083012939,0.9323822855949402,0.9384636282920837,1.1067062616348267,0.9851405024528503,0.9866535663604736,0.03184330090880394,0.04229455441236496,0.4816384017467499,0.037842344492673874,0.02702726237475872,0.15639883279800415,0.0346531942486763,0.03561951592564583,0.266165167093277,0.13156557083129883,0.05211898684501648,0.3344446122646332,0.5251022577285767,0.2535848021507263,0.17637300491333008,0.2957363724708557,0.2993296682834625,0.1769459992647171,0.4070318639278412,0.6959531307220459,0.3716564476490021,0.02598874270915985,0.03732302412390709,0.024498265236616135,0.027759511023759842
4,8,5.632450156658888,0.9324640035629272,0.9360665082931519,1.1056638956069946,0.9843652248382568,0.9867266416549683,0.03181948512792587,0.045302145183086395,0.5111836194992065,0.039823807775974274,0.0286614540964365,0.18432481586933136,0.032291680574417114,0.03404988721013069,0.3953814208507538,0.16925594210624695,0.05605331063270569,0.366605281829834,0.4175022542476654,0.3158123195171356,0.37129804491996765,0.24663101136684418,0.38899466395378113,0.024648059159517288,0.26685312390327454,0.3601636290550232,0.24887439608573914,0.026196595281362534,0.027603009715676308,0.024216454476118088,0.029846489429473877
4,9,6.635529985651374,0.9312795996665955,0.936069667339325,1.104824423789978,0.9843260049819946,0.9869012236595154,0.03364913910627365,0.047045085579156876,0.5246074795722961,0.040032219141721725,0.03368151932954788,0.19236084818840027,0.03039374202489853,0.034501414746046066,0.2748427391052246,0.15325969457626343,0.08353668451309204,0.2993068993091583,0.38322657346725464,0.2822219431400299,0.35836154222488403,0.33095479011535645,1.4645613431930542,0.024354761466383934,0.2129647135734558,0.3709738850593567,0.36403578519821167,0.024472879245877266,0.029242489486932755,0.023625502362847328,0.030636128038167953
4,10,6.214177802950144,0.9303683042526245,0.9361389875411987,1.104665756225586,0.9852951765060425,0.9866535067558289,0.03572439029812813,0.04249199479818344,0.4219065010547638,0.05133456736803055,0.021778924390673637,0.1968134492635727,0.025035187602043152,0.0500599704682827,0.2384064942598343,0.15633057057857513,0.09038027375936508,0.2804913818836212,0.2987131178379059,0.21235977113246918,0.2813267409801483,0.321280837059021,1.314303994178772,0.026054665446281433,0.21985425055027008,0.45226970314979553,0.378397673368454,0.027767738327383995,0.030138840898871422,0.020911579951643944,0.031420838087797165
4,11,6.376973755285144,0.9304552674293518,0.9359579682350159,1.104663372039795,0.9867056012153625,0.9865972399711609,0.03720535710453987,0.042955413460731506,0.6280990242958069,0.047438591718673706,0.023487882688641548,0.27849534153938293,0.028840014711022377,0.06635180115699768,0.1692337542772293,0.11989188939332962,0.08738112449645996,0.14847327768802643,0.230171337723732,0.22032392024993896,0.41156235337257385,0.3735660910606384,1.516137719154358,0.024525780230760574,0.1422044336795807,0.2837616801261902,0.403323233127594,0.024485401809215546,0.026101352646946907,0.022642474621534348,0.031438615173101425
4,12,6.385609495639801,0.9293310046195984,0.9359017014503479,1.1051942110061646,0.9863377213478088,0.9866260886192322,0.03819569572806358,0.04040220379829407,0.7711207270622253,0.06241792440414429,0.025098562240600586,0.26921576261520386,0.027859242632985115,0.06729169934988022,0.17904217541217804,0.12273072451353073,0.11142051219940186,0.15165644884109497,0.21624444425106049,0.33421099185943604,0.48414188623428345,0.4218539595603943,1.131143569946289,0.026783473789691925,0.1327691674232483,0.2918422520160675,0.3789728283882141,0.02970190718770027,0.029121536761522293,0.023307623341679573,0.030386030673980713
4,13,6.338440066948533,0.9307094812393188,0.9361445903778076,1.1061955690383911,0.9852102994918823,0.9865956902503967,0.03864794224500656,0.055609770119190216,0.5297082662582397,0.02255607582628727,0.031811077147722244,0.3157913088798523,0.029174380004405975,0.06456810235977173,0.16563622653484344,0.08647429943084717,0.06259509921073914,0.16488154232501984,0.30397528409957886,0.3160598874092102,0.4202171862125397,0.3690897524356842,1.5100830793380737,0.023315584287047386,0.12343620508909225,0.29299500584602356,0.32081401348114014,0.02381531521677971,0.026484554633498192,0.02150452509522438,0.030224457383155823
4,14,5.59366953894496,0.9308556914329529,0.9361326098442078,1.1067602634429932,0.9851937294006348,0.9866349101066589,0.035920292139053345,0.02913220413029194,0.6171256899833679,0.02687431126832962,0.03473943471908569,0.14622662961483002,0.02249095030128956,0.03537622094154358,0.09237324446439743,0.10522431880235672,0.02562081627547741,0.15065743029117584,0.3122022747993469,0.33391496539115906,0.331066370010376,0.2719302475452423,1.184590220451355,0.02747729793190956,0.13140347599983215,0.3430519104003906,0.24703443050384521,0.02395009808242321,0.02540763095021248,0.024217698723077774,0.0265459343791008
4,15,5.28701990544796,0.9315147995948792,0.936132550239563,1.1077195405960083,0.9843721985816956,0.9867526888847351,0.028409969061613083,0.026011992245912552,0.6378469467163086,0.026560243219137192,0.026910211890935898,0.14846746623516083,0.023582251742482185,0.04939652234315872,0.08452819287776947,0.11090084910392761,0.026152677834033966,0.17014111578464508,0.26659661531448364,0.2773963212966919,0.2889100909233093,0.2504842281341553,1.0852900743484497,0.026348207145929337,0.07777800410985947,0.29646939039230347,0.27011069655418396,0.026142654940485954,0.023090846836566925,0.024770135059952736,0.025425845757126808
4,16,5.760545098781586,0.9329200387001038,0.9360174536705017,1.1079977750778198,0.9832843542098999,0.9868822693824768,0.03344173729419708,0.0388723760843277,0.3901014029979706,0.028482040390372276,0.04858751222491264,0.15259236097335815,0.024870488792657852,0.030286360532045364,0.0866735652089119,0.0935792475938797,0.07654286175966263,0.13014774024486542,0.5361291170120239,0.5404483675956726,0.36438167095184326,0.22046341001987457,1.1331686973571777,0.024502204731106758,0.04732345789670944,0.4793219268321991,0.18957248330116272,0.02602304518222809,0.023850973695516586,0.024732965975999832,0.027028705924749374
4,17,5.613610305264592,0.9331674575805664,0.9360179305076599,1.1077851057052612,0.9825155735015869,0.9868800640106201,0.03325682878494263,0.03639741986989975,0.6931113004684448,0.02845032699406147,0.062310487031936646,0.1817885935306549,0.02302725985646248,0.02959221787750721,0.058617688715457916,0.10209023952484131,0.03942108899354935,0.08929318189620972,0.5274714231491089,0.7269194722175598,0.3055861294269562,0.20512144267559052,0.9598110914230347,0.021862300112843513,0.04077274724841118,0.2234947234392166,0.1459006369113922,0.01998032070696354,0.02263864502310753,0.02293109893798828,0.024490414187312126
4,18,5.664080480486154,0.9331270456314087,0.9359650611877441,1.107911467552185,0.9829285740852356,0.9870088696479797,0.032330308109521866,0.050364863127470016,0.5323806405067444,0.03721800073981285,0.07504108548164368,0.16869598627090454,0.022523794323205948,0.02623904123902321,0.07652682811021805,0.08248263597488403,0.050313953310251236,0.17906039953231812,0.579455554485321,0.7094847559928894,0.4144792854785919,0.18138110637664795,0.977357029914856,0.025331344455480576,0.04051229730248451,0.22770698368549347,0.08814572542905807,0.02378174103796482,0.022537309676408768,0.024660317227244377,0.026681289076805115
4,19,6.128741890192032,0.9340799450874329,0.9359615445137024,1.1080018281936646,0.9838504791259766,0.9870479702949524,0.026963314041495323,0.07101985812187195,0.7458120584487915,0.05207640305161476,0.061042703688144684,0.11781858652830124,0.022075841203331947,0.027657169848680496,0.08444523811340332,0.10975903272628784,0.054800473153591156,0.20040762424468994,0.6885836124420166,0.6440818905830383,0.5358489751815796,0.22056938707828522,0.9935913681983948,0.02774658054113388,0.03762809932231903,0.22123636305332184,0.09748471528291702,0.02319503389298916,0.023528633639216423,0.02378360740840435,0.027796966955065727
4,20,5.618796836957335,0.9335488080978394,0.9359614253044128,1.1079665422439575,0.9843661785125732,0.987290620803833,0.029796915128827095,0.07362134009599686,0.6483461856842041,0.04018336907029152,0.07175136357545853,0.10777575522661209,0.02375655621290207,0.02619553916156292,0.07512553036212921,0.051834527403116226,0.06634223461151123,0.20872537791728973,0.44411879777908325,0.6247977018356323,0.4010485112667084,0.23634859919548035,1.0635814666748047,0.02409401722252369,0.03660547733306885,0.1938505470752716,0.07994848489761353,0.023300031200051308,0.0267441775649786,0.023423874750733376,0.027653740718960762
4,21,5.401925647631288,0.9333918690681458,0.9362809062004089,1.1079672574996948,0.9840715527534485,0.9873028993606567,0.02277134172618389,0.06096826493740082,0.5289816856384277,0.03016679361462593,0.06551554054021835,0.11928341537714005,0.022769205272197723,0.027231382206082344,0.08459391444921494,0.052974503487348557,0.04591408744454384,0.22492586076259613,0.3411240875720978,0.644823431968689,0.5028774738311768,0.26556816697120667,1.032650113105774,0.026785362511873245,0.043433379381895065,0.12354380637407303,0.050213951617479324,0.021262656897306442,0.021827440708875656,0.023484591394662857,0.028432292863726616
5,0,55.099018609523775,0.9314996600151062,0.936153769493103,1.1102687120437622,0.9841923713684082,0.9871573448181152,2.717200517654419,1.8538928031921387,3.0886824131011963,2.699376106262207,1.8307403326034546,2.0725908279418945,0.9464308619499207,0.9372761845588684,2.6063761711120605,1.5587100982666016,1.4345098733901978,1.4486110210418701,4.397890567779541,2.342149257659912,3.3991177082061768,4.3336100578308105,2.655646562576294,2.640104055404663,0.5776810050010681,0.6926600337028503,1.5872306823730469,1.2736270427703857,3.988689422607422,1.7510616779327393,1.2752989530563354
5,1,8.038964937999845,0.9942245483398438,0.936153769493103,1.119756817817688,1.0208895206451416,0.9874452352523804,0.09035883098840714,0.12074983865022659,0.12410364300012589,0.026785507798194885,0.04260975494980812,0.09826085716485977,0.024082567542791367,0.30242693424224854,0.5697408318519592,0.05170582979917526,0.08209293335676193,0.15523678064346313,0.2707812190055847,0.11668509244918823,0.308289498090744,0.16974064707756042,0.148264542222023,0.0646904781460762,0.5713268518447876,0.08466777205467224,0.03872465342283249,0.9574530124664307,2.53235125541687,0.029323024675250053,0.046818602830171585
5,2,5.347985864803195,0.9537281394004822,0.936153769493103,1.1487154960632324,0.9945079684257507,0.990191638469696,0.11518982797861099,0.05554476007819176,0.10199496150016785,0.024894310161471367,0.15614309906959534,0.14125949144363403,0.03651406988501549,0.14040504395961761,0.07730117440223694,0.07873718440532684,0.05008688196539879,0.1548120379447937,0.8333638310432434,0.7122248411178589,0.40731674432754517,0.29855087399482727,0.031062129884958267,0.04585471376776695,0.40180504322052,0.19564209878444672,0.08558900654315948,0.04597259685397148,0.055206939578056335,0.035912856459617615,0.06194194406270981
5,3,8.600443237647415,0.9450781345367432,0.936153769493103,1.1271973848342896,0.9838866591453552,0.9888101816177368,0.10687407106161118,0.07262004911899567,0.08908932656049728,0.024415897205471992,0.1837187558412552,0.11396844685077667,0.05014144256711006,0.08253046870231628,0.05796745419502258,0.0798683613538742,0.028706777840852737,0.14968298375606537,3.8406636714935303,0.9581183195114136,0.46905994415283203,0.3954010009765625,0.04665388539433479,0.04478498920798302,0.48495662212371826,0.07029588520526886,0.11009512841701508,0.030723508447408676,0.0462426133453846,0.03570758178830147,0.0319308266043663
5,4,7.4416297435760494,0.940868079662323,0.9397567510604858,1.1396596431732178,0.985600471496582,0.9874800443649292,0.05502314120531082,0.10614189505577087,0.07880626618862152,0.03891615569591522,0.3572128117084503,0.1356772631406784,0.024230381473898888,0.16120947897434235,0.1531098335981369,0.048268917948007584,0.03941349685192108,0.24615058302879333,2.738581895828247,0.7183277606964111,0.5393240451812744,0.477292537689209,0.16019387543201447,0.035326410084962845,0.059786904603242874,0.12033747136592865,0.03532356768846512,0.027610935270786285,0.03276929259300232,0.024817558005452156,0.029104266315698624
5,5,7.571531787142158,0.9396266937255859,0.9397742748260498,1.1463245153427124,0.9844775795936584,0.9876694679260254,0.05324344336986542,0.08244146406650543,0.07434852421283722,0.02894621342420578,0.20061886310577393,0.13027767837047577,0.02460062876343727,0.2121657282114029,0.22731104493141174,0.12633582949638367,0.09595681726932526,0.23055483400821686,2.70817232131958,0.8711740374565125,0.3773837387561798,0.5707269310951233,0.1899537593126297,0.029937339946627617,0.05500750616192818,0.13640891015529633,0.024034298956394196,0.03402472659945488,0.03221561759710312,0.0251331627368927,0.030983861535787582
5,6,7.755482969805598,0.9407761096954346,0.9397743940353394,1.1361711025238037,0.9830445051193237,0.9880885481834412,0.04459577053785324,0.08500158786773682,0.08173233270645142,0.024812476709485054,0.07953403890132904,0.16642868518829346,0.02499310113489628,0.0591413713991642,0.3387950360774994,0.20021674036979675,0.09266093373298645,0.2737080156803131,2.8156325817108154,1.0138064622879028,0.46813592314720154,0.382351815700531,0.22640278935432434,0.03139648959040642,0.07438712567090988,0.13000494241714478,0.023743944242596626,0.029335148632526398,0.02705928310751915,0.031270332634449005,0.03276510909199715
5,7,9.151853659003972,0.9413059949874878,0.9378604888916016,1.1310193538665771,0.984984815120697,0.9881296753883362,0.0416095107793808,0.06555750966072083,0.07016731798648834,0.02476806566119194,0.07883689552545547,0.1646254062652588,0.024831699207425117,0.03825646638870239,0.15369345247745514,0.057256121188402176,0.058448366820812225,0.46286246180534363,3.488483428955078,1.7634124755859375,0.8208240866661072,0.24159854650497437,0.28758755326271057,0.02531505562365055,0.03777441382408142,0.116312175989151,0.032366108149290085,0.023032085970044136,0.023574020713567734,0.023663049563765526,0.030337318778038025
5,8,7.871286668255925,0.9415044784545898,0.9378610849380493,1.1322799921035767,0.9833553433418274,0.9886917471885681,0.039665549993515015,0.1291801482439041,0.07271185517311096,0.027092255651950836,0.0468796081840992,0.17122213542461395,0.022355681285262108,0.03979611024260521,0.20199249684810638,0.05589764565229416,0.04722491279244423,0.46438613533973694,2.178770065307617,2.1962990760803223,0.23286907374858856,0.20077919960021973,0.40507856011390686,0.023152276873588562,0.04167981445789337,0.128095343708992,0.03703242540359497,0.02288631908595562,0.023383494466543198,0.027598874643445015,0.038519080728292465
6,0,55.357757329940796,0.9332247376441956,0.9400257468223572,1.122415542602539,0.9896256923675537,0.9866857528686523,3.0856142044067383,1.7018810510635376,2.415579319000244,3.0538382530212402,1.9520925283432007,1.9140057563781738,0.7359446287155151,0.5954807996749878,2.7289769649505615,1.2955759763717651,1.4992256164550781,1.4540032148361206,4.332185745239258,2.2161686420440674,3.7765984535217285,4.27058219909668,3.357832908630371,1.9276198148727417,0.8725304007530212,0.9089414477348328,2.273315668106079,1.1948435306549072,4.319605827331543,1.3000341653823853,1.1808847188949585
6,1,8.027439649775625,0.9410966634750366,0.9400257468223572,1.1162189245224,1.011168360710144,0.9894322752952576,0.04931985214352608,0.026988418772816658,0.20833182334899902,0.03133594989776611,0.28380653262138367,0.1546110063791275,0.21279922127723694,0.08301299065351486,0.7368572950363159,0.03686288744211197,0.051432281732559204,0.19994474947452545,0.24676324427127838,1.1020134687423706,0.22084000706672668,0.2583135664463043,0.10747551918029785,0.06364493817090988,0.10695452988147736,0.1653033345937729,0.07700884342193604,0.6109740138053894,1.9058433771133423,0.023680884391069412,0.06373251974582672
6,2,5.857644303515554,0.9410873651504517,0.9472980499267578,1.1094744205474854,1.025123119354248,0.9873400330543518,0.050501786172389984,0.0637093186378479,0.22356034815311432,0.055868957191705704,0.4949386417865753,0.08961006999015808,0.023924505338072777,0.10535978525876999,0.1239694356918335,0.03736365586519241,0.11895999312400818,0.12145218253135681,0.23022374510765076,1.2597497701644897,0.9972091317176819,0.23642705380916595,0.14213047921657562,0.029686611145734787,0.05820254608988762,0.19750621914863586,0.05813341215252876,0.027671057730913162,0.029197635129094124,0.02730187214910984,0.052921492606401443
6,3,6.495615472272038,0.9316883087158203,0.9473138451576233,1.1082391738891602,1.0103306770324707,0.9885033965110779,0.04747395217418671,0.10924032330513,0.35958895087242126,0.04092017561197281,0.5361016392707825,0.1582707315683365,0.023703424260020256,0.3392397165298462,0.09111050516366959,0.029923131689429283,0.13333553075790405,0.08712668716907501,0.24576584994792938,1.75917649269104,0.6483235955238342,0.20619414746761322,0.2940426766872406,0.02161344513297081,0.03841997683048248,0.1624784916639328,0.02936236560344696,0.02806323766708374,0.027874210849404335,0.02615392580628395,0.054897207766771317
6,4,6.830884505808354,0.9279748797416687,0.9420478343963623,1.1019384860992432,0.9951551556587219,0.9878783226013184,0.0365670844912529,0.16074897348880768,0.4225030839443207,0.035797346383333206,0.12457878142595291,0.05450178682804108,0.02782212756574154,0.609634280204773,0.07837100327014923,0.03811261057853699,0.03256267309188843,0.08980195224285126,0.7502692937850952,1.5005797147750854,0.9128960967063904,0.16910186409950256,0.37674498558044434,0.02455449104309082,0.07118217647075653,0.18349318206310272,0.033845968544483185,0.02314324863255024,0.027585582807660103,0.023652059957385063,0.031835202127695084
6,5,7.314058622345328,0.9292027354240417,0.9420456290245056,1.103381633758545,0.9921480417251587,0.9869970679283142,0.04478884115815163,0.17505291104316711,0.43461373448371887,0.03057006001472473,0.15717041492462158,0.06911256909370422,0.0271755401045084,0.6392370462417603,0.07919485121965408,0.04337016120553017,0.05649794265627861,0.08354568481445312,0.8306711316108704,1.750485897064209,0.8850782513618469,0.21207302808761597,0.31372398138046265,0.02587318792939186,0.06590134650468826,0.2642909586429596,0.03283873572945595,0.02315857820212841,0.02506241388618946,0.02142896130681038,0.032387372106313705
6,6,8.242823927849532,0.9287500381469727,0.9366580247879028,1.1033692359924316,0.9909229874610901,0.9866945147514343,0.044111210852861404,0.1602327823638916,0.4670354723930359,0.025411013513803482,0.16829267144203186,0.09174209833145142,0.03219516575336456,0.6035757660865784,0.16629546880722046,0.07529198378324509,0.030085060745477676,0.11310331523418427,1.0690077543258667,1.985933542251587,1.1006609201431274,0.19488760828971863,0.34692731499671936,0.030280178412795067,0.07823655009269714,0.15579962730407715,0.21145325899124146,0.0239043440669775,0.027891572564840317,0.025450484827160835,0.025739802047610283
6,7,7.530232159793377,0.926581859588623,0.9385387897491455,1.1054348945617676,0.9929668307304382,0.9871272444725037,0.037596195936203,0.1143069639801979,0.5699393153190613,0.02580149471759796,0.1090221256017685,0.09918755292892456,0.03385075926780701,0.3249240219593048,0.11312556266784668,0.06492453068494797,0.028654670342803,0.2391832172870636,1.2099082469940186,1.7673782110214233,0.6676557660102844,0.20604844391345978,0.4480505883693695,0.02494179457426071,0.05395057424902916,0.20260165631771088,0.09652627259492874,0.02239983342587948,0.03060610592365265,0.02305835857987404,0.02645997330546379
6,8,7.528000131249428,0.9258193373680115,0.9385309219360352,1.105183720588684,0.9938153028488159,0.9873597621917725,0.03376086801290512,0.08918507397174835,0.5876100659370422,0.02152813784778118,0.18376313149929047,0.13451364636421204,0.035006046295166016,0.21140345931053162,0.12358523905277252,0.038670554757118225,0.025681298226118088,0.2481464445590973,1.0719881057739258,2.2891199588775635,0.7032625675201416,0.19719964265823364,0.04011967405676842,0.024239974096417427,0.03526322543621063,0.23060451447963715,0.11495096236467361,0.024111099541187286,0.0272278543561697,0.022386204451322556,0.024530572816729546
7,0,55.017654752731325,0.9314996600151062,0.936153769493103,1.1102687120437622,0.9841923713684082,0.9871573448181152,3.249285936355591,1.2853665351867676,2.1967523097991943,2.3511056900024414,1.5518943071365356,2.0978307723999023,1.432267665863037,0.6833704710006714,2.824331283569336,1.2201652526855469,2.438206672668457,1.0401451587677002,3.74149751663208,2.587003231048584,3.741628408432007,4.073946475982666,2.458991050720215,1.28727126121521,1.414247751235962,0.583170473575592,2.6264121532440186,1.1948589086532593,4.7615180015563965,1.6190754175186157,1.567457675933838
7,1,8.889683193340897,0.9314996600151062,0.943133533000946,1.148020625114441,1.0404245853424072,0.999926745891571,1.0258727073669434,0.4875144064426422,0.14438484609127045,0.8508163690567017,0.09050767868757248,0.10189267247915268,0.03000940941274166,0.14331604540348053,0.045148659497499466,0.7624810338020325,0.0507943220436573,0.18544051051139832,0.2570451498031616,1.1158417463302612,0.5904381275177002,0.6658008098602295,0.08831579238176346,0.27635666728019714,0.04799508675932884,0.46322736144065857,0.2789865732192993,0.028428804129362106,0.06203274428844452,0.033857543021440506,0.05057709664106369
7,2,7.652865780889988,0.9536096453666687,0.9430527091026306,1.1246870756149292,0.9885309934616089,0.9949665069580078,0.02886393293738365,0.4711613059043884,0.46650028228759766,0.022572096437215805,0.05942481756210327,0.33129560947418213,0.028917230665683746,0.1680040955543518,0.075737364590168,0.19489465653896332,0.054416656494140625,0.2019917368888855,0.532322883605957,1.6467645168304443,0.936007559299469,0.6576035618782043,0.047476042062044144,0.05553334578871727,0.1425485461950302,0.16234323382377625,0.20896154642105103,0.024830682203173637,0.06374893337488174,0.026128923520445824,0.04384683445096016
7,3,7.167292445525527,0.9408929944038391,0.9430522918701172,1.1168358325958252,0.9838207960128784,0.9928211569786072,0.02897072397172451,0.5002194046974182,0.8471935391426086,0.031064581125974655,0.0341622494161129,0.4571467936038971,0.0418800450861454,0.04539524018764496,0.13565930724143982,0.26681485772132874,0.02624170295894146,0.2245614379644394,0.28031086921691895,0.8986712694168091,0.8513113856315613,0.6776570081710815,0.032929692417383194,0.0455499142408371,0.08982369303703308,0.312495619058609,0.17786021530628204,0.02796730026602745,0.06816203892230988,0.02611480839550495,0.04364413395524025
7,4,7.160210644826293,0.9363762140274048,0.9376878142356873,1.113172173500061,0.9819968938827515,0.9882005453109741,0.04652029648423195,0.25087296962738037,0.46002936363220215,0.0396345853805542,0.0625719353556633,0.3451974093914032,0.022305190563201904,0.08083203434944153,0.1261095255613327,0.12272801250219345,0.02672877535223961,0.16119252145290375,0.3316112458705902,0.5723175406455994,1.0944569110870361,1.6668603420257568,0.04966355115175247,0.035183243453502655,0.0661248117685318,0.2819015383720398,0.19934049248695374,0.0292376596480608,0.029058147221803665,0.025946717709302902,0.042299095541238785
7,5,7.5873815849423405,0.9321866631507874,0.9376802444458008,1.1073607206344604,0.9804157614707947,0.9875044226646423,0.03483988344669342,0.4148716926574707,0.5288888216018677,0.0336126983165741,0.13251039385795593,0.42876702547073364,0.022532446309924126,0.08403050899505615,0.16917137801647186,0.14503520727157593,0.14525675773620605,0.1627160608768463,0.8031477928161621,1.0351178646087646,0.5885843634605408,1.2426643371582031,0.026981057599186897,0.031173236668109894,0.06776410341262817,0.1889299601316452,0.19345451891422272,0.03443438187241554,0.02944885939359665,0.022268258035182953,0.03215041384100914
7,6,6.5968560323119165,0.9291293621063232,0.9376802444458008,1.1090999841690063,0.9800736904144287,0.9869998693466187,0.03624357283115387,0.2958931624889374,0.4477900266647339,0.030396252870559692,0.10094019025564194,0.24653756618499756,0.02608485519886017,0.061711739748716354,0.17408548295497894,0.131652370095253,0.2526516020298004,0.2200499325990677,0.40239155292510986,0.6710668802261353,0.7130501866340637,1.2324198484420776,0.027692895382642746,0.03008151985704899,0.060192231088876724,0.265085369348526,0.04872997850179672,0.040379781275987625,0.03582460805773735,0.023201381787657738,0.03410641476511955
7,7,6.240308741480112,0.9277400970458984,0.9373039603233337,1.1064940690994263,0.9808283448219299,0.9873397350311279,0.033700279891490936,0.20464564859867096,0.40618476271629333,0.02893219143152237,0.1091475561261177,0.25132372975349426,0.03431949391961098,0.05858820304274559,0.15770262479782104,0.06513739377260208,0.24418093264102936,0.20583797991275787,0.4019845724105835,0.560620129108429,0.7273254990577698,1.2967172861099243,0.027644691988825798,0.035371143370866776,0.05022334307432175,0.15680420398712158,0.06804931908845901,0.04651680588722229,0.02656855620443821,0.023381732404232025,0.031459420919418335
7,8,5.930354868993163,0.9277701377868652,0.9371899366378784,1.1065336465835571,0.9832736849784851,0.9874899983406067,0.03316203132271767,0.19243589043617249,0.3078111708164215,0.029829993844032288,0.10763490200042725,0.20695702731609344,0.03991909697651863,0.05098574608564377,0.14624926447868347,0.0573204904794693,0.2976783812046051,0.26449596881866455,0.47333380579948425,0.4592919647693634,0.7418528199195862,1.1505906581878662,0.026942549273371696,0.028878213837742805,0.02687361277639866,0.11658886820077896,0.051630545407533646,0.04576503857970238,0.027918050065636635,0.02379940263926983,0.03395789489150047
7,9,5.304558293893933,0.9283797740936279,0.9371865391731262,1.1063157320022583,0.9836663007736206,0.9879050254821777,0.03129115700721741,0.21063442528247833,0.31315717101097107,0.022115973755717278,0.0969032570719719,0.1418604701757431,0.03628033027052879,0.05156196653842926,0.252088725566864,0.06667349487543106,0.3725576102733612,0.29108956456184387,0.2176784723997116,0.3838437497615814,0.3992716073989868,1.0117074251174927,0.02734287455677986,0.03152749687433243,0.030559025704860687,0.13602779805660248,0.05323541909456253,0.054372698068618774,0.02735903672873974,0.024659084156155586,0.03206878527998924
7,10,4.841469994187355,0.9292244911193848,0.9359927177429199,1.107466697692871,0.9850927591323853,0.9877266883850098,0.02927963063120842,0.033691998571157455,0.25072014331817627,0.0232672281563282,0.06256795674562454,0.11695776879787445,0.039393533021211624,0.0513862669467926,0.2408122569322586,0.02543911710381508,0.07235375791788101,0.28241676092147827,0.3574836552143097,0.2369888722896576,0.5459005236625671,1.1014519929885864,0.029627468436956406,0.02438274584710598,0.03342924639582634,0.11300234496593475,0.0338120236992836,0.05477885901927948,0.02806251309812069,0.023685380816459656,0.041477277874946594
7,11,5.234478808566928,0.928713858127594,0.9358871579170227,1.1074742078781128,0.9858629107475281,0.9876003265380859,0.03220004215836525,0.06406231969594955,0.30190640687942505,0.03086967021226883,0.08296767622232437,0.11094462871551514,0.034033097326755524,0.04877414181828499,0.2209482491016388,0.02355511300265789,0.09272775053977966,0.19912484288215637,0.33128365874290466,0.37878140807151794,1.2726399898529053,0.4591408371925354,0.05104465410113335,0.044502001255750656,0.048628684133291245,0.25193268060684204,0.041778091341257095,0.04248232766985893,0.02907617948949337,0.022086691111326218,0.029879974201321602
7,12,4.485617425665259,0.9292858839035034,0.9358834624290466,1.108199119567871,0.9874817132949829,0.9872710108757019,0.028432779014110565,0.07406812161207199,0.4801180958747864,0.02798806130886078,0.06035454943776131,0.07803956419229507,0.0373850092291832,0.030626116320490837,0.22847022116184235,0.02784588932991028,0.0880131796002388,0.11102709919214249,0.36192429065704346,0.18108642101287842,0.7549567818641663,0.4822536110877991,0.03541690856218338,0.05368727818131447,0.041863419115543365,0.12629346549510956,0.047544460743665695,0.052048780024051666,0.028105514124035835,0.021623695269227028,0.03681987524032593
7,13,4.247794161364436,0.9291994571685791,0.9358852505683899,1.1077446937561035,0.9857904314994812,0.9868807196617126,0.03128312900662422,0.13594220578670502,0.45482388138771057,0.03113079071044922,0.025772331282496452,0.07569878548383713,0.022157471626996994,0.09297150373458862,0.24074694514274597,0.031774427741765976,0.07666861265897751,0.08127202093601227,0.5237118601799011,0.1434583067893982,0.4400137960910797,0.42864862084388733,0.04329012334346771,0.05736514925956726,0.044860560446977615,0.12371562421321869,0.04167181998491287,0.02864561788737774,0.025563910603523254,0.02460087649524212,0.03290567919611931
7,14,4.189470652863383,0.9291874170303345,0.9360256791114807,1.1080141067504883,0.9857611060142517,0.9867364764213562,0.03021552972495556,0.21026724576950073,0.3188323974609375,0.020203227177262306,0.04542229697108269,0.14314495027065277,0.019783994182944298,0.08352892845869064,0.28325018286705017,0.03396566957235336,0.06992139667272568,0.08331824839115143,0.4859273433685303,0.1490774303674698,0.31877702474594116,0.4332428574562073,0.06094738095998764,0.05338428542017937,0.05988822132349014,0.13131770491600037,0.05194538086652756,0.028059136122465134,0.0252290740609169,0.02561020851135254,0.035065580159425735
7,15,4.799240700155497,0.9304700493812561,0.9360098838806152,1.1087431907653809,0.9862200021743774,0.9866837859153748,0.033133603632450104,0.23734283447265625,0.3166915774345398,0.023078037425875664,0.05397624149918556,0.16305451095104218,0.024617573246359825,0.07703496515750885,0.2625839412212372,0.02692572772502899,0.07636129856109619,0.09679868072271347,0.7127489447593689,0.19695550203323364,0.2935557961463928,0.7544638514518738,0.04172569885849953,0.0536554716527462,0.06658297032117844,0.09874135255813599,0.08656717091798782,0.02869190275669098,0.026084182783961296,0.023109925910830498,0.03513355553150177
7,16,5.535796165838837,0.929737389087677,0.9360805749893188,1.109829068183899,0.9859541654586792,0.9868847727775574,0.03339722007513046,0.30766260623931885,0.3641718626022339,0.023964984342455864,0.05357357859611511,0.1514493227005005,0.021687757223844528,0.07141352444887161,0.33967918157577515,0.02808443270623684,0.08294253051280975,0.08378084003925323,0.8187958598136902,0.27433815598487854,0.2580261528491974,0.8681002855300903,0.10507021844387054,0.05058586224913597,0.057967398315668106,0.3107210397720337,0.13054507970809937,0.026923226192593575,0.024492766708135605,0.02566881850361824,0.033056266605854034
7,17,6.058058945834636,0.9306806921958923,0.9360845685005188,1.1094233989715576,0.9854556918144226,0.986885130405426,0.034633997827768326,0.2721468508243561,0.40047311782836914,0.02590574324131012,0.04713897034525871,0.1260232776403427,0.023555118590593338,0.07703028619289398,0.33814680576324463,0.02690301649272442,0.0683385580778122,0.07354555279016495,1.265183687210083,0.22993621230125427,0.2473234236240387,1.081845998764038,0.1360083967447281,0.02311462163925171,0.054899971932172775,0.3014003038406372,0.11563006043434143,0.02611604705452919,0.023324554786086082,0.021776970475912094,0.027951505035161972
7,18,5.509787431359291,0.9313148260116577,0.9364174604415894,1.1094343662261963,0.9852797389030457,0.9868355989456177,0.032998744398355484,0.27044618129730225,0.42621299624443054,0.02576258033514023,0.0662958100438118,0.09267786145210266,0.02170083485543728,0.06004177778959274,0.3110392987728119,0.029980773106217384,0.08022084087133408,0.06460201740264893,0.8443188667297363,0.3064025342464447,0.2434566617012024,0.9266706705093384,0.13975106179714203,0.03716140612959862,0.06628582626581192,0.2596583366394043,0.1092405840754509,0.025934694334864616,0.02557050809264183,0.022621668875217438,0.030878497287631035
7,19,5.071843593195081,0.9309391379356384,0.936262309551239,1.1103954315185547,0.9861700534820557,0.986770510673523,0.030925940722227097,0.2572351098060608,0.3455010652542114,0.027737632393836975,0.08901310712099075,0.0715966671705246,0.01958620920777321,0.05689810961484909,0.31786075234413147,0.0336754135787487,0.05568983405828476,0.06699538975954056,0.8502303957939148,0.3661379814147949,0.1960819959640503,0.8424203991889954,0.09791481494903564,0.03791714459657669,0.09891889989376068,0.04790228605270386,0.06851984560489655,0.02358308434486389,0.027004491537809372,0.022106226533651352,0.030283307656645775
7,20,5.113096898794174,0.9314385056495667,0.9362626671791077,1.1099846363067627,0.9860905408859253,0.9867251515388489,0.031655605882406235,0.2501107156276703,0.4105380177497864,0.027091041207313538,0.08314387500286102,0.06846368312835693,0.025070220232009888,0.05301519110798836,0.24780535697937012,0.04440181329846382,0.04878976196050644,0.05412852391600609,0.8139439225196838,0.28774377703666687,0.1856703758239746,1.0315066576004028,0.09909307211637497,0.03606657311320305,0.08163485676050186,0.06357667595148087,0.07496033608913422,0.02767263352870941,0.026603255420923233,0.020727671682834625,0.029582984745502472
8,0,56.514425134658815,0.9314996600151062,0.936153769493103,1.1102687120437622,0.9841923713684082,0.9871573448181152,4.2839765548706055,1.4635504484176636,2.128695249557495,2.645526885986328,1.3700201511383057,1.8311376571655273,0.6512568593025208,0.7139351963996887,2.7425432205200195,1.2513949871063232,1.996089220046997,1.8721872568130493,5.110650539398193,2.2383484840393066,3.8717234134674072,4.002906799316406,2.591482400894165,2.554412603378296,1.2119389772415161,0.4228270649909973,2.1238834857940674,1.008865475654602,4.023168087005615,1.6871172189712524,1.7269325256347656
8,1,12.322517288848758,0.9314996600151062,0.9412215352058411,1.1497769355773926,0.9751441478729248,1.0130966901779175,2.125154495239258,0.20122234523296356,0.13978946208953857,0.8225894570350647,0.44658100605010986,0.21194006502628326,0.046982187777757645,0.13579370081424713,0.1739179491996765,0.5376941561698914,0.09362182766199112,0.40571141242980957,0.7098488807678223,1.1339831352233887,1.6696408987045288,0.5538274049758911,0.2383560836315155,0.08844055235385895,0.5329897999763489,0.7678532600402832,0.0922415480017662,0.025250187143683434,0.04449554532766342,0.05703216418623924,0.06541197001934052
8,2,7.492484671622515,0.9247099161148071,0.9412037134170532,1.1196744441986084,0.9994189739227295,1.0020827054977417,0.0389619879424572,0.1287456452846527,0.05915309861302376,0.02652924321591854,0.21666795015335083,0.14644020795822144,0.07408172637224197,0.044305428862571716,0.06675778329372406,0.02219226583838463,0.17985638976097107,0.46617382764816284,0.5966638922691345,2.210592269897461,0.07936978340148926,0.9479250311851501,0.6533228158950806,0.08859440684318542,0.05525295436382294,0.028333958238363266,0.24102933704853058,0.025263169780373573,0.03400808200240135,0.03058323636651039,0.03426222875714302
8,3,12.455283690989017,0.9306769371032715,0.9412037134170532,1.1240086555480957,0.9933730959892273,0.9937580823898315,0.03132256120443344,0.1370542049407959,0.38588574528694153,0.03978116065263748,0.5937085151672363,0.20454677939414978,0.09701301902532578,0.104429230093956,0.0762636661529541,0.0227041058242321,0.10282807797193527,4.299846172332764,0.5644862055778503,1.5474092960357666,0.13585929572582245,1.434800386428833,0.9609230756759644,0.10069811344146729,0.08043289184570312,0.04692380875349045,0.3729177713394165,0.027429481968283653,0.036915604025125504,0.024734443053603172,0.029765982180833817
8,4,12.941063839569688,0.9267436265945435,0.9358866214752197,1.1159446239471436,0.9866521954536438,0.9949193000793457,0.02833305485546589,0.040087807923555374,0.13991042971611023,0.02667754702270031,0.5332356095314026,0.11397764831781387,0.04763055592775345,0.18210478127002716,0.08067269623279572,0.046614643186330795,0.05309861898422241,6.486518383026123,0.3936450779438019,1.4060654640197754,0.3390640318393707,1.1961010694503784,0.27115997672080994,0.06693922728300095,0.13243383169174194,0.07062473893165588,0.1757943481206894,0.025845851749181747,0.027318717911839485,0.032819539308547974,0.03236091509461403
8,5,10.66097626388073,0.927168607711792,0.9358855485916138,1.11007559299469,0.9878765344619751,0.9959206581115723,0.028810327872633934,0.09685615450143814,0.15376125276088715,0.024663250893354416,0.19670245051383972,0.22895339131355286,0.02543978951871395,0.03195501118898392,0.5620700120925903,0.03925751894712448,0.04950321838259697,3.658629894256592,0.4390484094619751,1.539602518081665,0.3641522526741028,1.319217562675476,0.3246787190437317,0.060967933386564255,0.14864934980869293,0.07539907097816467,0.1872260719537735,0.026268569752573967,0.026622742414474487,0.022456908598542213,0.03869849443435669
8,6,10.832053466141224,0.9279868006706238,0.9359080195426941,1.1112074851989746,0.984760582447052,0.9947730898857117,0.025532718747854233,0.10605046898126602,0.08844418078660965,0.025381598621606827,0.17080621421337128,0.27181679010391235,0.022790027782320976,0.03244306892156601,0.3593531847000122,0.05002155900001526,0.09946791082620621,4.124369144439697,0.4011857509613037,1.472061038017273,0.26023074984550476,1.3665063381195068,0.3283805549144745,0.07613787055015564,0.17396147549152374,0.058327339589595795,0.1972101926803589,0.03471137210726738,0.028202693909406662,0.02274475060403347,0.04498927667737007
8,7,14.579928512871266,0.9286670684814453,0.9361770153045654,1.1073719263076782,0.9875512719154358,0.9910203814506531,0.02616758458316326,0.1404229700565338,0.0915643498301506,0.026624443009495735,0.10574816167354584,0.1858922392129898,0.024298204109072685,0.053470365703105927,0.15602678060531616,0.023392077535390854,0.08681123703718185,6.374709129333496,0.5448217988014221,2.421731948852539,0.3271287977695465,2.032959222793579,0.33179712295532227,0.04554212465882301,0.21647858619689941,0.06633169203996658,0.19044461846351624,0.022091105580329895,0.030692867934703827,0.023828400298953056,0.04079515114426613
8,8,13.310581752285362,0.9288574457168579,0.9361746907234192,1.106663703918457,0.9859638810157776,0.9904937148094177,0.022982163354754448,0.2234003096818924,0.08836782723665237,0.026365898549556732,0.1117515042424202,0.17829552292823792,0.023968946188688278,0.0631522685289383,0.10976805537939072,0.028921980410814285,0.10444828867912292,5.660682678222656,0.5554855465888977,3.172203779220581,0.38367941975593567,0.6309291124343872,0.20030520856380463,0.04133392497897148,0.2374228984117508,0.12639762461185455,0.2185719907283783,0.02156640589237213,0.027792034670710564,0.026326848194003105,0.036830827593803406
9,0,58.202849614620206,0.9314496517181396,0.9389333128929138,1.1090179681777954,0.984879195690155,0.9872385859489441,3.369690418243408,2.6092751026153564,2.5588505268096924,2.7064642906188965,1.8635623455047607,2.118924140930176,0.5905983448028564,1.1191197633743286,2.682588815689087,0.7256519198417664,2.124884843826294,1.7386879920959473,4.428514003753662,2.2040889263153076,3.977614164352417,3.419726848602295,2.602541208267212,2.7466471195220947,0.9477900266647339,0.6843027472496033,2.9805686473846436,1.2945225238800049,4.4904913902282715,1.6962529420852661,1.531186819076538
9,1,12.29549480676651,0.9412440061569214,0.9389333128929138,1.1029609441757202,0.974932074546814,1.00685715675354,0.03923138603568077,0.0965556725859642,0.16705048084259033,0.0586165189743042,0.3804306089878082,0.13201336562633514,1.1727253198623657,0.3364408314228058,1.8346530199050903,0.460505872964859,0.04306759685277939,0.1585509032011032,0.8621307611465454,0.814873456954956,0.2697591185569763,0.36857500672340393,0.4620816111564636,0.1130494475364685,0.21726574003696442,0.19319193065166473,0.03043813817203045,1.1786402463912964,1.7946275472640991,0.02741599641740322,0.09061872959136963
9,2,6.815372111275792,0.9327293038368225,0.9389333128929138,1.113568902015686,0.9774634838104248,0.9930130839347839,0.02794666774570942,0.14813031256198883,0.18292847275733948,0.026785176247358322,0.2001514881849289,0.08760223537683487,0.029082197695970535,0.1616789847612381,0.18231773376464844,0.1565839946269989,0.02349751628935337,0.3499890863895416,1.0712463855743408,1.3150440454483032,0.1939857006072998,0.20158345997333527,0.6590900421142578,0.07247985899448395,0.24923895299434662,0.21581295132637024,0.09929785132408142,0.04762623459100723,0.04728776216506958,0.021099543198943138,0.053743839263916016
9,3,8.121981931105257,0.9327496886253357,0.9379268288612366,1.114042043685913,0.9833875298500061,0.9893933534622192,0.02818230353295803,0.2007129192352295,0.04980766773223877,0.03320879861712456,0.18922078609466553,0.05344264954328537,0.025968410074710846,0.051011886447668076,0.0838334783911705,0.15100552141666412,0.07181603461503983,0.34291186928749084,0.7775843739509583,2.116962432861328,0.25766700506210327,0.24805016815662384,1.0971484184265137,0.06366151571273804,0.4762341380119324,0.5960732698440552,0.08991338312625885,0.02311653271317482,0.02933170087635517,0.025066858157515526,0.048549920320510864
9,4,8.667559587582947,0.9309853911399841,0.9402717351913452,1.1127760410308838,0.982483983039856,0.9892880320549011,0.034649722278118134,0.09589416533708572,0.05996638536453247,0.03445957973599434,0.19061493873596191,0.06910724192857742,0.022401271387934685,0.05821647495031357,0.10655684769153595,0.0387568362057209,0.03240393102169037,0.37593400478363037,1.2115732431411743,2.4035816192626953,0.5724759697914124,0.24854625761508942,1.4773114919662476,0.041434675455093384,0.12590855360031128,0.34067949652671814,0.028580553829669952,0.025887805968523026,0.027508217841386795,0.022412747144699097,0.0315365195274353
9,5,9.71034626401961,0.9301309585571289,0.9403086304664612,1.111254096031189,0.9826419949531555,0.9906994104385376,0.04312405362725258,0.0647263303399086,0.11893156915903091,0.047493938356637955,0.24941430985927582,0.08390737324953079,0.02034495770931244,0.05015123635530472,0.07833397388458252,0.0424380898475647,0.050778817385435104,0.3470085561275482,0.7868202924728394,2.9843530654907227,0.8731469511985779,0.1953737884759903,2.1406171321868896,0.020720669999718666,0.11296160519123077,0.2714729607105255,0.03646247088909149,0.02290724776685238,0.02536485157907009,0.023441430181264877,0.029043573886156082
9,6,8.54020342938602,0.9304361343383789,0.9486382007598877,1.1112949848175049,0.9831900596618652,0.9905140399932861,0.03470751643180847,0.03980107232928276,0.12434427440166473,0.050798092037439346,0.2511346638202667,0.08983512967824936,0.023638175800442696,0.0522778257727623,0.062453221529722214,0.055228400975465775,0.051579657942056656,0.13617727160453796,0.759811282157898,1.8218762874603271,0.6819703578948975,0.21604928374290466,1.5819194316864014,0.02186509221792221,0.15147492289543152,1.1935721635818481,0.043657418340444565,0.022189684212207794,0.026383696123957634,0.021549226716160774,0.03309459611773491
9,7,6.38761619515717,0.9320473670959473,0.9438517093658447,1.1100965738296509,0.9822575449943542,0.9905804395675659,0.02499748021364212,0.07897313684225082,0.10847114771604538,0.05864093825221062,0.10765205323696136,0.07419741898775101,0.021522507071495056,0.10113435983657837,0.08425509184598923,0.02843281254172325,0.03743851184844971,0.15852738916873932,0.49607399106025696,1.8670872449874878,1.320626974105835,0.20983107388019562,0.07898606359958649,0.023761477321386337,0.19731701910495758,0.18483704328536987,0.035345256328582764,0.02227518893778324,0.02622276544570923,0.0250774547457695,0.024165067821741104
9,8,6.780245070531964,0.9341334104537964,0.9438057541847229,1.1102204322814941,0.9817858338356018,0.9908304810523987,0.027966687455773354,0.09662359207868576,0.13940463960170746,0.04416770488023758,0.02399548888206482,0.07834761589765549,0.021627580747008324,0.0817161351442337,0.0884457379579544,0.028681326657533646,0.04556426405906677,0.14236126840114594,0.4399772882461548,2.429002523422241,1.149118185043335,0.26030343770980835,0.057399291545152664,0.025753673166036606,0.21146753430366516,0.2425251305103302,0.05464038625359535,0.020827850326895714,0.027066661044955254,0.022784681990742683,0.028321202844381332
9,9,7.580959154292941,0.9327564239501953,0.943805456161499,1.1089760065078735,0.9828587770462036,0.9888718724250793,0.028071245178580284,0.058024078607559204,0.16325743496418,0.04046166315674782,0.036077626049518585,0.09910836070775986,0.022907868027687073,0.0761713758111,0.13431775569915771,0.028938468545675278,0.048986826092004776,0.1240106150507927,0.38073432445526123,2.941497564315796,1.476670742034912,0.19519111514091492,0.04240332171320915,0.028188204392790794,0.1873845010995865,0.3131035566329956,0.06446056813001633,0.023005174472928047,0.024404989555478096,0.024286506697535515,0.027841560542583466
9,10,8.925220987573265,0.9330937266349792,0.9393237233161926,1.1098153591156006,0.9829165935516357,0.9884791374206543,0.024465210735797882,0.04508407413959503,0.22283121943473816,0.032000645995140076,0.03928317129611969,0.07217758148908615,0.02167464978992939,0.040435027331113815,0.2503853738307953,0.036841582506895065,0.05981110408902168,0.11690555512905121,0.5663474798202515,4.168421268463135,1.3071850538253784,0.20957188308238983,0.07124960422515869,0.029641149565577507,0.19810104370117188,0.25815725326538086,0.06277944147586823,0.024505680426955223,0.02637697570025921,0.022837746888399124,0.027425503358244896
9,11,9.200480528920888,0.9327313303947449,0.9393277168273926,1.1115195751190186,0.9851273894309998,0.9876196384429932,0.030288709327578545,0.054667484015226364,0.191208615899086,0.032741058617830276,0.04103850945830345,0.07436763495206833,0.02142740972340107,0.043215565383434296,0.30867907404899597,0.03654446452856064,0.05680681765079498,0.12748363614082336,0.5088468790054321,4.3875532150268555,1.3137717247009277,0.19465932250022888,0.07352767884731293,0.03927723318338394,0.25293785333633423,0.2584625482559204,0.06322426348924637,0.021497124806046486,0.027135681360960007,0.023492738604545593,0.026360156014561653
9,12,8.04214879721403,0.9309672117233276,0.9393277168273926,1.1101077795028687,0.985240638256073,0.9873311519622803,0.02535894885659218,0.04706547409296036,0.18734276294708252,0.027643375098705292,0.03574870526790619,0.0778362974524498,0.023377802222967148,0.05073430761694908,0.2870957851409912,0.02764654904603958,0.06737992912530899,0.13053211569786072,0.3945884704589844,3.636268377304077,1.12420654296875,0.18139345943927765,0.093079574406147,0.033848509192466736,0.19462250173091888,0.2484031468629837,0.06208879500627518,0.0207203421741724,0.02650165557861328,0.02046225033700466,0.027608219534158707
9,13,8.56098651215434,0.9328543543815613,0.9373480677604675,1.110790729522705,0.9855672717094421,0.9871906042098999,0.029235495254397392,0.05516849458217621,0.11367415636777878,0.02383234165608883,0.02738741599023342,0.06954973936080933,0.021564843133091927,0.04329528287053108,0.37536606192588806,0.03186837211251259,0.07293830811977386,0.1271601915359497,0.2909078598022461,4.4309797286987305,0.9319338798522949,0.21403326094150543,0.15511015057563782,0.034011323004961014,0.1658439189195633,0.20275621116161346,0.05634571611881256,0.023152800276875496,0.026921264827251434,0.021789489313960075,0.0254100002348423
10,0,54.30548534393311,0.9314996600151062,0.936153769493103,1.1102687120437622,0.9841923713684082,0.9871573448181152,3.1522486209869385,2.0732555389404297,2.2102363109588623,3.0955312252044678,1.754555583000183,2.3563737869262695,0.7254671454429626,0.9492848515510559,2.702451705932617,0.8458433151245117,1.7087336778640747,1.6575967073440552,4.4221720695495605,2.1039578914642334,3.47096586227417,3.596061944961548,1.9225096702575684,2.222374677658081,1.253814697265625,0.6650120615959167,1.806106686592102,0.967827558517456,3.952516555786133,2.147097587585449,1.5536352396011353
10,1,11.652364145591855,0.9550566673278809,0.936153769493103,1.1030685901641846,0.9931179285049438,0.9956659078598022,0.04281865805387497,0.1534547656774521,0.6788191199302673,0.031479157507419586,0.1428436040878296,0.1599675565958023,0.3577616810798645,0.3790188431739807,2.661625862121582,0.1092730164527893,0.2838837802410126,0.3833370506763458,0.09707280993461609,0.5804252028465271,0.572594404220581,0.17199629545211792,0.24872179329395294,0.03382526710629463,0.14910010993480682,0.8550742268562317,0.06598097085952759,0.6702510118484497,1.744296669960022,0.020637916401028633,0.06149179860949516
10,2,6.473010979965329,0.9438455104827881,0.936153769493103,1.102464199066162,0.989659309387207,0.9883022904396057,0.04120156168937683,0.11685716360807419,0.6762701272964478,0.0746992751955986,0.07116327434778214,0.04972867667675018,0.024749990552663803,0.2975073754787445,0.22687199711799622,0.07473360002040863,0.28580427169799805,1.038880467414856,0.21841628849506378,0.5798426866531372,0.3123965859413147,0.13736218214035034,0.27239686250686646,0.03140895813703537,0.13552239537239075,0.5637157559394836,0.07613403350114822,0.03172503039240837,0.08601363003253937,0.02859240397810936,0.02893137000501156
10,3,5.988651466369629,0.9438584446907043,0.9406186938285828,1.1050854921340942,0.9952993392944336,0.9866116046905518,0.02973134256899357,0.1538081169128418,0.5361425280570984,0.022105040028691292,0.06442825496196747,0.052244074642658234,0.02071428671479225,0.6232737302780151,0.04889576509594917,0.0816536545753479,0.29090914130210876,0.9457138180732727,0.17612409591674805,0.5380588173866272,0.3432048261165619,0.18547897040843964,0.5857064127922058,0.02825755439698696,0.03884654864668846,0.026225879788398743,0.09072940796613693,0.025065628811717033,0.030265117064118385,0.028848668560385704,0.027925070375204086
10,4,6.610772557929158,0.9351948499679565,0.9376063942909241,1.1055833101272583,0.9919828772544861,0.9866124987602234,0.03148656338453293,0.13534605503082275,0.4014052748680115,0.023334117606282234,0.033184152096509933,0.0429893396794796,0.020726025104522705,0.9272720813751221,0.029638029634952545,0.043692849576473236,0.2861160337924957,1.091774821281433,0.16860266029834747,1.1458438634872437,0.3442251682281494,0.25218141078948975,0.07806432992219925,0.06685975939035416,0.04306846857070923,0.31483712792396545,0.02931610308587551,0.02291545644402504,0.027434997260570526,0.023747382685542107,0.03531450033187866
10,5,6.582741515338421,0.9297300577163696,0.9365185499191284,1.1053314208984375,0.990075945854187,0.9866666197776794,0.030938217416405678,0.1732064187526703,0.3215115964412689,0.02190876379609108,0.035540856420993805,0.042062170803546906,0.02133903093636036,0.6537150144577026,0.03605922684073448,0.042506128549575806,0.029405271634459496,0.963278591632843,0.5135749578475952,1.6879136562347412,0.21288616955280304,0.2925780713558197,0.019999215379357338,0.08078210800886154,0.05319538712501526,0.23368458449840546,0.02578553557395935,0.02053888887166977,0.022619357332587242,0.025569694116711617,0.03247808292508125
10,6,7.071738782897592,0.928237795829773,0.9365220069885254,1.1036335229873657,0.9901665449142456,0.9866042733192444,0.030745266005396843,0.15612481534481049,0.3122490644454956,0.022841881960630417,0.02603999711573124,0.03699534758925438,0.023874059319496155,0.026997188106179237,0.06015738099813461,0.03819061070680618,0.0602654404938221,0.8868122696876526,0.3869190812110901,3.039165496826172,0.2648230791091919,0.24676303565502167,0.024701666086912155,0.07200087606906891,0.04624594375491142,0.14865395426750183,0.0777200385928154,0.02136775478720665,0.023985281586647034,0.0219833105802536,0.02708311378955841
10,7,9.863084175810219,0.9291609525680542,0.9396531581878662,1.1031606197357178,0.9890292286872864,0.9866213798522949,0.030636971816420555,0.15048731863498688,0.21188071370124817,0.02558165229856968,0.03561920300126076,0.0362539105117321,0.02353651449084282,0.14891301095485687,0.07626356929540634,0.04533999785780907,0.025570519268512726,1.0272507667541504,0.6907347440719604,5.402517318725586,0.18393483757972717,0.3178340494632721,0.04404805973172188,0.06398242712020874,0.05014758184552193,0.08703581243753433,0.10211820900440216,0.023392708972096443,0.02349703386425972,0.0230416189879179,0.02394055761396885
10,8,9.07940858118236,0.9299555420875549,0.9396139979362488,1.1045383214950562,0.9873442053794861,0.9866219162940979,0.028484880924224854,0.2037341147661209,0.2716565430164337,0.027786139398813248,0.03644890710711479,0.03542472794651985,0.025104431435465813,0.14633144438266754,0.0941283330321312,0.0378863587975502,0.02197982929646969,0.7746906280517578,0.6705805063247681,4.768728733062744,0.1722548007965088,0.3037869334220886,0.0880512222647667,0.05431128665804863,0.045312657952308655,0.09655844420194626,0.09121101349592209,0.024683650583028793,0.02214524708688259,0.022543013095855713,0.025969937443733215
10,9,10.608855502679944,0.9290022253990173,0.9396144151687622,1.1053866147994995,0.9870837926864624,0.9866521954536438,0.027647877112030983,0.1458638608455658,0.3106533885002136,0.02476869337260723,0.044136133044958115,0.03526134416460991,0.021755076944828033,0.15533050894737244,0.08217411488294601,0.033024366945028305,0.02570611983537674,0.6844233870506287,0.7602318525314331,6.295905113220215,0.19412554800510406,0.2815975844860077,0.08028779923915863,0.06102370098233223,0.05952628329396248,0.08509570360183716,0.11566384881734848,0.0206645168364048,0.024412384256720543,0.02425476536154747,0.025773681700229645
