episode,step,target,loss
0,0,,0.3521159924566746
0,1,,0.08683163905516267
0,2,,0.13548216596245766
0,3,,0.3116786312311888
0,4,,0.06473484169691801
0,5,X3,0.13029159777215682
0,6,X3,0.07852416714013088
0,7,X3,0.0487831302016275
0,8,X3,0.03890616077114828
0,9,X3,0.11526804493041709
0,10,X3,0.03221600020333426
0,11,X3,0.08042334721540101
0,12,X3,0.13448323346528923
0,13,X3,0.12584351398982108
0,14,X3,0.07531880761962384
0,15,X3,0.08829947425692808
0,16,X3,0.00591239504637997
0,17,X3,0.022286076404270716
0,18,X3,0.07774894755857531
0,19,X3,0.015891956281848252
1,0,,0.20011903904378414
1,1,,0.14063848089426756
1,2,,0.32635220186784863
1,3,,0.11488817725330591
1,4,,0.21130805648863316
1,5,X3,0.04888367606326938
1,6,X3,0.13196785145555623
1,7,X3,0.09468118063523434
1,8,X3,0.05456363849225454
1,9,X3,0.0529883581912145
1,10,X3,0.06362779650226003
1,11,X3,0.07620526500977576
1,12,X3,0.012969368166523054
1,13,X3,0.08391325268894434
1,14,X3,0.010805217156303115
1,15,X3,0.18219959319685586
1,16,X3,0.03537799129844643
1,17,X3,0.03736591534106992
1,18,X3,0.043571108690230176
1,19,X3,0.03855685208691284
2,0,,0.18397367745637894
2,1,,0.2161673605442047
2,2,,0.30195680260658264
2,3,,0.15943153388798237
2,4,,0.2198349554091692
2,5,X3,0.25429566827369854
2,6,X3,0.01530773363992921
2,7,X3,0.17270043650933076
2,8,X3,0.3744158660156245
2,9,X3,0.10174207553791348
2,10,X3,0.08680614427248656
2,11,X3,0.18939289548507077
2,12,X3,0.10827983960916754
2,13,X3,0.08834539212693926
2,14,X3,0.02094603384648508
2,15,X3,0.1125772461091401
2,16,X3,0.06820788457571325
2,17,X3,0.0129696746580521
2,18,X3,0.08629786978417542
2,19,X3,0.0777160640245711
3,0,,0.10657300939783454
3,1,,0.05676716472953558
3,2,,0.39116786792874336
3,3,,0.06325997645035386
3,4,,0.25627033971250057
3,5,X3,0.03328543552743213
3,6,X3,0.10780946421436965
3,7,X3,0.13055002712644637
3,8,X3,0.03228563674201723
3,9,X3,0.1312491688877344
3,10,X3,0.032805544724396896
3,11,X3,0.043870696681551635
3,12,X3,0.09755055984715
3,13,X3,0.12297568017675076
3,14,X3,0.06924118829192594
3,15,X3,0.04041423981107073
3,16,X3,0.03823416311934125
3,17,X3,0.054070911995950155
3,18,X3,0.009377584050525911
3,19,X3,0.08377267501782626
4,0,,0.17105048056691885
4,1,,0.11858602985739708
4,2,,0.309602290391922
4,3,,0.12190448399633169
4,4,,0.4500945582985878
4,5,X3,0.06736551935318857
4,6,X3,0.03752008486480918
4,7,X3,0.05161989797488786
4,8,X3,0.1078129957895726
4,9,X3,0.01141328684934706
4,10,X3,0.012532515353086637
4,11,X3,0.039411557925632223
4,12,X3,0.043472987090353854
4,13,X3,0.06265751787577756
4,14,X3,0.07715758806443773
4,15,X3,0.06358756103145424
4,16,X3,0.10055965912761167
4,17,X3,0.15887910482706502
4,18,X3,0.020880604215562926
4,19,X3,0.04475949702464277
5,0,,0.5027750506997108
5,1,,0.05853516748175025
5,2,,0.168074494227767
5,3,,0.040467248763889074
5,4,,0.12594286003150046
5,5,X3,0.037906294368440285
5,6,X3,0.20468062309373636
5,7,X3,0.2632747796596959
5,8,X3,0.09111296409537317
5,9,X3,0.13819030376907904
5,10,X3,0.06713770461647073
5,11,X3,0.13350682942473213
5,12,X3,0.1798486919615243
5,13,X3,0.17120319182868116
5,14,X3,0.09308195627090754
5,15,X3,0.024236317137365404
5,16,X3,0.12393123304354958
5,17,X3,0.09543905123427976
5,18,X3,0.09079121525246592
5,19,X3,0.0187886314665775
6,0,,0.22191183641552925
6,1,,0.23798233177512884
6,2,,0.2309415526688099
6,3,,0.16428944654762745
6,4,,0.11804399825632572
6,5,X3,0.2018748172558844
6,6,X3,0.3933517530094832
6,7,X3,0.06156531677697785
6,8,X3,0.12306200017337687
6,9,X3,0.04480786493513733
6,10,X3,0.11175688693765551
6,11,X3,0.04265342591679655
6,12,X3,0.03647998211090453
6,13,X3,0.047407498001120985
6,14,X3,0.07805158224073239
6,15,X3,0.03187528169291909
6,16,X3,0.029322416405193508
6,17,X3,0.060902933502802625
6,18,X3,0.040270323399454355
6,19,X3,0.038820521091111004
7,0,,0.44982982985675335
7,1,,0.11342999618500471
7,2,,0.10460778884589672
7,3,,0.13199136219918728
7,4,,0.06566170556470752
7,5,X3,0.14499520417302847
7,6,X3,0.17692613588587847
7,7,X3,0.0796111494419165
7,8,X3,0.08700013495399617
7,9,X3,0.08798792122252053
7,10,X3,0.12300892814528197
7,11,X3,0.11630557361058891
7,12,X3,0.02394419965639827
7,13,X3,0.07171901679248549
7,14,X3,0.044403347215848044
7,15,X3,0.09526514299795963
7,16,X3,0.02913251229074376
7,17,X3,0.025064692534215283
7,18,X3,0.08215528196888044
7,19,X3,0.0940806032740511
8,0,,0.0802826164290309
8,1,,0.3880741950124502
8,2,,0.1606550384312868
8,3,,0.11893067881464958
8,4,,0.05006239749491215
8,5,X3,0.17907605139771476
8,6,X3,0.21732931579390424
8,7,X3,0.1911977076670155
8,8,X3,0.2561448132037185
8,9,X3,0.037710705437348224
8,10,X3,0.06549011552124284
8,11,X3,0.01156036077736644
8,12,X3,0.07696057426801417
8,13,X3,0.09813212003791705
8,14,X3,0.05612664307409432
8,15,X3,0.03873051434493391
8,16,X3,0.0968366991437506
8,17,X3,0.06535473663825542
8,18,X3,0.11416004169586813
8,19,X3,0.029801566608512076
9,0,,0.07032457552850246
9,1,,0.12602149741724133
9,2,,0.17423268035054207
9,3,,0.23743630573153496
9,4,,0.14904074976220727
9,5,X3,0.02831272268667817
9,6,X3,0.02260092170763528
9,7,X3,0.13076059507147875
9,8,X3,0.006951094703254057
9,9,X3,0.04658502113306895
9,10,X3,0.17428693958208896
9,11,X3,0.10023133461436373
9,12,X3,0.04102810134190804
9,13,X3,0.17604738801310305
9,14,X3,0.01027847458681208
9,15,X3,0.04339552453166107
9,16,X3,0.1777337621024344
9,17,X3,0.03281294794214773
9,18,X3,0.038719031486834865
9,19,X3,0.03637338050248218
10,0,,0.15995207196101546
10,1,,0.0609280071221292
10,2,,0.220913864672184
10,3,,0.21092102210968733
10,4,,0.1858408348634839
10,5,X3,0.12449342122999951
10,6,X3,0.05008199901203625
10,7,X3,0.018044937591184862
10,8,X3,0.09030141000403091
10,9,X3,0.1822098013071809
10,10,X3,0.04616180522862123
10,11,X3,0.22650546906515956
10,12,X3,0.10181826620100765
10,13,X3,0.05328525746881496
10,14,X3,0.12294475105954916
10,15,X3,0.013612632206786657
10,16,X3,0.1724948769333423
10,17,X3,0.04365036730087013
10,18,X3,0.07192285496421391
10,19,X3,0.05384978999791201
11,0,,0.24118446372449398
11,1,,0.28990209475159645
11,2,,0.10139418113976717
11,3,,0.097549082711339
11,4,,0.1866406463086605
11,5,X3,0.19560006161918864
11,6,X3,0.048176102583965985
11,7,X3,0.2010290729085682
11,8,X3,0.13968045319779776
11,9,X3,0.052116618540821946
11,10,X3,0.030029034460312687
11,11,X3,0.038227500657740165
11,12,X3,0.040697447999264114
11,13,X3,0.11802353001621668
11,14,X3,0.07827782701588148
11,15,X3,0.020285276703816635
11,16,X3,0.05821559190098924
11,17,X3,0.07766170937975403
11,18,X3,0.10441539332532557
11,19,X3,0.015701832321383336
12,0,,0.41719937697052956
12,1,,0.034551489632576704
12,2,,0.44832897186279297
12,3,,0.20119761861860752
12,4,,0.08511849585920572
12,5,X3,0.22879963050945662
12,6,X3,0.22357766411732882
12,7,X3,0.15255201952822972
12,8,X3,0.04364668732159771
12,9,X3,0.03061676128709223
12,10,X3,0.07695276330923662
12,11,X3,0.029226291611848865
12,12,X3,0.03203193825902417
12,13,X3,0.03136829589493573
12,14,X3,0.051896510733058676
12,15,X3,0.08183368903701194
12,16,X3,0.018792476217640797
12,17,X3,0.052600751419959124
12,18,X3,0.035331315881194314
12,19,X3,0.1625439313647803
13,0,,0.1887557115405798
13,1,,0.09692201297730207
13,2,,0.28468967974185944
13,3,,0.16913296189159155
13,4,,0.24309314414858818
13,5,X3,0.10617726616328582
13,6,X3,0.075744779795059
13,7,X3,0.04570653269911418
13,8,X3,0.0579592608510211
13,9,X3,0.04265487121119804
13,10,X3,0.018983875826961594
13,11,X3,0.2151060450996738
13,12,X3,0.13956397783840657
13,13,X3,0.018413147949104314
13,14,X3,0.03858574160221906
13,15,X3,0.10054275766015053
13,16,X3,0.007253916810896044
13,17,X3,0.022869518124934984
13,18,X3,0.16283089009812102
13,19,X3,0.026448827571584843
14,0,,0.1397605501115322
14,1,,0.12131207156926394
14,2,,0.2644775570370257
14,3,,0.24179605767130852
14,4,,0.06655952427536249
14,5,X3,0.10617265847395174
14,6,X3,0.0755580841905612
14,7,X3,0.08422706469718833
14,8,X3,0.06081439651461551
14,9,X3,0.14445566765061812
14,10,X3,0.07400612891069613
14,11,X3,0.1418348356964998
14,12,X3,0.10499044647440314
14,13,X3,0.12051144955330528
14,14,X3,0.045540243612776976
14,15,X3,0.0673605454612698
14,16,X3,0.018061988623230718
14,17,X3,0.049275637335085776
14,18,X3,0.0573471108727972
14,19,X3,0.044707128770824056
15,0,,0.2613784447312355
15,1,,0.13513598963618279
15,2,,0.06814368441700935
15,3,,0.18647926673293114
15,4,,0.3818551911972463
15,5,X3,0.04863956029294059
15,6,X3,0.2426190570113249
15,7,X3,0.22153690131381154
15,8,X3,0.03709041474212427
15,9,X3,0.038651599308650475
15,10,X3,0.060427162461564876
15,11,X3,0.20043779641855508
15,12,X3,0.022747558970877435
15,13,X3,0.03488717635991634
15,14,X3,0.07396952889030217
15,15,X3,0.05903094180393964
15,16,X3,0.07725152972852811
15,17,X3,0.03253875785958371
15,18,X3,0.10122044413583353
15,19,X3,0.04129383998224512
16,0,,0.2528513129800558
16,1,,0.21534298220649362
16,2,,0.1591404201462865
16,3,,0.1788619328290224
16,4,,0.10466253757476807
16,5,X3,0.13569152005948126
16,6,X3,0.15649476554244757
16,7,X3,0.012240953292348422
16,8,X3,0.0619146769749932
16,9,X3,0.07988434062281158
16,10,X3,0.051032497474807315
16,11,X3,0.13043746107723564
16,12,X3,0.05588112855912186
16,13,X3,0.07069471530849114
16,14,X3,0.014333724850075669
16,15,X3,0.035573053053667536
16,16,X3,0.014599434100091457
16,17,X3,0.012551093961519655
16,18,X3,0.009533907476907189
16,19,X3,0.009670688881669776
17,0,,0.21088762674480677
17,1,,0.18930122628808022
17,2,,0.3335947897285223
17,3,,0.2075142189860344
17,4,,0.06292646192014217
17,5,X3,0.10737156511459034
17,6,X3,0.014402175104123671
17,7,X3,0.08958686268306337
17,8,X3,0.04012602016882738
17,9,X3,0.18992118970345473
17,10,X3,0.08282731156123191
17,11,X3,0.0986121859314153
17,12,X3,0.18744064128986793
17,13,X3,0.04840827177758911
17,14,X3,0.14485091911046766
17,15,X3,0.09275127202636213
17,16,X3,0.08397321786651446
17,17,X3,0.01898560063818877
17,18,X3,0.04709436061239103
17,19,X3,0.036032289369359205
18,0,,0.262059623375535
18,1,,0.18135527148842812
18,2,,0.0913911135867238
18,3,,0.0585445121396333
18,4,,0.1568010849878192
18,5,X3,0.07737423726939596
18,6,X3,0.02564869213529164
18,7,X3,0.16747553483583033
18,8,X3,0.025684890111733694
18,9,X3,0.011701268827891909
18,10,X3,0.022031294898624765
18,11,X3,0.040657689052750356
18,12,X3,0.03214993067376781
18,13,X3,0.1003196716774255
18,14,X3,0.01831536108693399
18,15,X3,0.0467118395754369
18,16,X3,0.003798585217737127
18,17,X3,0.03067601381917484
18,18,X3,0.004146389794186689
18,19,X3,0.008444230443274137
19,0,,0.08313654572702944
19,1,,0.26260729134082794
19,2,,0.19998202938586473
19,3,,0.09057219373062253
19,4,,0.10719295172020793
19,5,X3,0.1951696837786585
19,6,X3,0.03212944652841543
19,7,X3,0.020075429951248225
19,8,X3,0.08189168009266723
19,9,X3,0.03432293123478303
19,10,X3,0.044592324575205566
19,11,X3,0.14368597509746905
19,12,X3,0.10487034642210347
19,13,X3,0.027989792863081675
19,14,X3,0.09073057551722741
19,15,X3,0.05392665616818704
19,16,X3,0.027473682616346196
19,17,X3,0.01090199613133791
19,18,X3,0.08283055064384826
19,19,X3,0.02576334069317454
20,0,,0.18140370026230812
20,1,,0.6479227179661393
20,2,,0.09609211795032024
20,3,,0.14909225748851895
20,4,,0.0926263933070004
20,5,X3,0.20003354037180543
20,6,X3,0.28577130218036473
20,7,X3,0.12002533578197472
20,8,X3,0.08830171189038083
20,9,X3,0.2168432756443508
20,10,X3,0.10263570211827755
20,11,X3,0.09389058880333323
20,12,X3,0.24661901302170008
20,13,X3,0.023673176830925513
20,14,X3,0.14911766379373148
20,15,X3,0.07828417427390377
20,16,X3,0.04848995685642876
20,17,X3,0.17502588138449937
20,18,X3,0.05515836118138395
20,19,X3,0.018693188249017112
21,0,,0.13393506035208702
21,1,,0.1199051970615983
21,2,,0.4871615692973137
21,3,,0.16732041630893946
21,4,,0.18755994737148285
21,5,X3,0.24725026919622906
21,6,X3,0.08388329279478057
21,7,X3,0.04081845087603142
21,8,X3,0.08285230550154665
21,9,X3,0.12795314487084397
21,10,X3,0.028683934609944117
21,11,X3,0.10963171225557744
21,12,X3,0.062868533157598
21,13,X3,0.060382473994650354
21,14,X3,0.02684532563762332
21,15,X3,0.042697431769738614
21,16,X3,0.021723197867231647
21,17,X3,0.03182292027759104
21,18,X3,0.03901983328796632
21,19,X3,0.04765210431833111
22,0,,0.2552791517227888
22,1,,0.1938615737017244
22,2,,0.13635987788438797
22,3,,0.21015041880309582
22,4,,0.23553435690701008
22,5,X3,0.06637940504879225
22,6,X3,0.35595108452253044
22,7,X3,0.07040781545219943
22,8,X3,0.1520181391388178
22,9,X3,0.0738416445965413
22,10,X3,0.12218102195765823
22,11,X3,0.046241728792665526
22,12,X3,0.10219073703046888
22,13,X3,0.047739897163410205
22,14,X3,0.15771736175520346
22,15,X3,0.02989703605453542
22,16,X3,0.02131311601260677
22,17,X3,0.12498200377012836
22,18,X3,0.05803493631538004
22,19,X3,0.04683188136550598
23,0,,0.08230748423375189
23,1,,0.05370575841516256
23,2,,0.14786054100841284
23,3,,0.19067181274294853
23,4,,0.1828285325318575
23,5,X3,0.047127430443651974
23,6,X3,0.16762151711736806
23,7,X3,0.08496213589569379
23,8,X3,0.12086632556747645
23,9,X3,0.04837811072502518
23,10,X3,0.1254496896872297
23,11,X3,0.022928220838366542
23,12,X3,0.04291711264522746
23,13,X3,0.008291262056445703
23,14,X3,0.05150960853097786
23,15,X3,0.07265510690922383
23,16,X3,0.12408948550000787
23,17,X3,0.005435460716398666
23,18,X3,0.16793039155891165
23,19,X3,0.04026710997277405
24,0,,0.1607658974826336
24,1,,0.08121488243341446
24,2,,0.37947485223412514
24,3,,0.23262371611781418
24,4,,0.09907081304118037
24,5,X3,0.046527582835551584
24,6,X3,0.14498500048648566
24,7,X3,0.125308867849526
24,8,X3,0.04214203287483542
24,9,X3,0.09052560392592568
24,10,X3,0.1518099011373124
24,11,X3,0.11699615123143303
24,12,X3,0.06907011849398259
24,13,X3,0.09990349516738206
24,14,X3,0.05355258179770317
24,15,X3,0.047976070825825445
24,16,X3,0.18724542697600555
24,17,X3,0.04390138916460273
24,18,X3,0.047078356925339904
24,19,X3,0.026433207545778714
25,0,,0.38814613223075867
25,1,,0.21135377511382103
25,2,,0.24355485290288925
25,3,,0.054485252359882
25,4,,0.14927991665899754
25,5,X3,0.13603821987635456
25,6,X3,0.08389960465501645
25,7,X3,0.07551651828543982
25,8,X3,0.06324386588312336
25,9,X3,0.23435866105137393
25,10,X3,0.09842740721614973
25,11,X3,0.03473643497636658
25,12,X3,0.018547151192251476
25,13,X3,0.4085770902092918
25,14,X3,0.031025778447656194
25,15,X3,0.11717172740100068
25,16,X3,0.1305023500972311
25,17,X3,0.1724200366079458
25,18,X3,0.08707522685654112
25,19,X3,0.06288496300203406
26,0,,0.1392950378358364
26,1,,0.12864590343087912
26,2,,0.15072249993681908
26,3,,0.053623120533302426
26,4,,0.306778185069561
26,5,X3,0.07958557945676148
26,6,X3,0.012476334071834572
26,7,X3,0.08928711264161393
26,8,X3,0.15846675320062786
26,9,X3,0.1118601233465597
26,10,X3,0.15216918708756566
26,11,X3,0.16026307956781238
26,12,X3,0.08601307377102785
26,13,X3,0.08211526612285525
26,14,X3,0.01933615490270313
26,15,X3,0.017624885731493123
26,16,X3,0.10574538428045344
26,17,X3,0.010777406980196247
26,18,X3,0.018599480659759138
26,19,X3,0.04441252542892471
27,0,,0.20639891549944878
27,1,,0.18395622819662094
27,2,,0.11966093024238944
27,3,,0.24040502309799194
27,4,,0.1081854086369276
27,5,X3,0.1784426165977493
27,6,X3,0.09900177222152706
27,7,X3,0.06287475951103261
27,8,X3,0.17326247530581895
27,9,X3,0.23377589683514088
27,10,X3,0.0381252577790292
27,11,X3,0.06854713771463139
27,12,X3,0.09559678587538656
27,13,X3,0.09287990943994373
27,14,X3,0.13798547385522397
27,15,X3,0.03222799832292367
27,16,X3,0.02447642206971068
27,17,X3,0.1461273881723173
27,18,X3,0.010291183614754118
27,19,X3,0.027703502171789296
28,0,,0.19853217154741287
28,1,,0.11196214519441128
28,2,,0.09433528035879135
28,3,,0.1203991174697876
28,4,,0.1823025168851018
28,5,X3,0.08945419410883915
28,6,X3,0.2158399980980903
28,7,X3,0.0944413865217939
28,8,X3,0.013889357811422087
28,9,X3,0.10082190619141329
28,10,X3,0.03350059999502264
28,11,X3,0.04025874589569867
28,12,X3,0.022933560496312566
28,13,X3,0.014377170964507968
28,14,X3,0.0648247184290085
28,15,X3,0.001456459802284371
28,16,X3,0.02009511099277006
28,17,X3,0.15888586013170425
28,18,X3,0.04074707148538437
28,19,X3,0.039141016015491914
29,0,,0.18790913093835115
29,1,,0.05642803851515055
29,2,,0.06487158127129078
29,3,,0.27694987691938877
29,4,,0.3801581487059593
29,5,X3,0.1708893909235485
29,6,X3,0.08046967181144282
29,7,X3,0.28216148345381953
29,8,X3,0.04889075906248763
29,9,X3,0.09322130185319111
29,10,X3,0.020313856231950922
29,11,X3,0.07686720899073407
29,12,X3,0.041599262913223356
29,13,X3,0.15956212239689194
29,14,X3,0.016571501329963212
29,15,X3,0.028710075879644137
29,16,X3,0.11222886387258768
29,17,X3,0.045526612928370014
29,18,X3,0.021339867049391614
29,19,X3,0.040758435214229394
30,0,,0.054962494876235723
30,1,,0.07320244144648314
30,2,,0.08813082054257393
30,3,,0.0650688256137073
30,4,,0.017154562170617282
30,5,X3,0.07814172256621532
30,6,X3,0.07268994505284354
30,7,X3,0.060239191778237
30,8,X3,0.1718084554595407
30,9,X3,0.020020133029902354
30,10,X3,0.15418460604269058
30,11,X3,0.1357275251793908
30,12,X3,0.08033118772436865
30,13,X3,0.2140869548311457
30,14,X3,0.018552590285253245
30,15,X3,0.031078116153366864
30,16,X3,0.009543484542518854
30,17,X3,0.04707711077298882
30,18,X3,0.012942751178343315
30,19,X3,0.01029969313640322
31,0,,0.13674069475382566
31,1,,0.1456067617982626
31,2,,0.364840324036777
31,3,,0.26437374018132687
31,4,,0.13830491714179516
31,5,X3,0.0864838471316034
31,6,X3,0.3855555532936705
31,7,X3,0.07037859581760131
31,8,X3,0.10935495725425426
31,9,X3,0.08317026888835244
31,10,X3,0.10444698974606581
31,11,X3,0.03178597984879161
31,12,X3,0.09701225526805501
31,13,X3,0.11401449698314536
31,14,X3,0.028512205055449158
31,15,X3,0.13503103136463324
31,16,X3,0.0717717232000723
31,17,X3,0.13222845032578334
31,18,X3,0.14970211689069401
31,19,X3,0.04049566028038498
32,0,,0.1970470231026411
32,1,,0.07449399307370186
32,2,,0.36909536737948656
32,3,,0.06358917523175478
32,4,,0.19500986160710454
32,5,X3,0.027499841438839212
32,6,X3,0.0706832641735673
32,7,X3,0.10294742317637429
32,8,X3,0.033960065920837224
32,9,X3,0.2641798860859126
32,10,X3,0.07465869392035529
32,11,X3,0.1639907275675796
32,12,X3,0.18493492726702243
32,13,X3,0.04718380803933542
32,14,X3,0.030366375955054536
32,15,X3,0.09399358445079997
32,16,X3,0.03324053676624317
32,17,X3,0.234045338263968
32,18,X3,0.0038690106930516777
32,19,X3,0.03333434094747645
33,0,,0.25098107382655144
33,1,,0.12009607534855604
33,2,,0.13492769096046686
33,3,,0.2663724906742573
33,4,,0.20547585934400558
33,5,X3,0.02676756076471065
33,6,X3,0.19696293555898592
33,7,X3,0.024986215830722358
33,8,X3,0.1916601434641052
33,9,X3,0.12289723271896946
33,10,X3,0.06641743643558584
33,11,X3,0.07655885798158124
33,12,X3,0.06180896553269122
33,13,X3,0.04786024739587447
33,14,X3,0.06804633993306197
33,15,X3,0.06085751255341165
33,16,X3,0.06613143147478695
33,17,X3,0.12940422803512774
33,18,X3,0.038430156753747724
33,19,X3,0.045317542731936555
34,0,,0.3407488875091076
34,1,,0.6161655001342297
34,2,,0.1212223800830543
34,3,,0.26176184602081776
34,4,,0.0976912253536284
34,5,X3,0.07970041714725085
34,6,X3,0.14743106115201954
34,7,X3,0.11451335657329764
34,8,X3,0.04867016453499673
34,9,X3,0.07777988085217657
34,10,X3,0.02325481779871552
34,11,X3,0.04162056720815599
34,12,X3,0.08271906088339165
34,13,X3,0.03668254155127215
34,14,X3,0.06106347275999724
34,15,X3,0.03944166960718576
34,16,X3,0.014589126978535205
34,17,X3,0.06727373957983218
34,18,X3,0.05806873039182392
34,19,X3,0.20600000792182982
35,0,,0.15302775520831347
35,1,,0.2531197965145111
35,2,,0.050714076962322
35,3,,0.25443192664533854
35,4,,0.10818758513778448
35,5,X3,0.1590792868519202
35,6,X3,0.05166982370428741
35,7,X3,0.3054428326431662
35,8,X3,0.08271469624014571
35,9,X3,0.016316264824126847
35,10,X3,0.03751744441615301
35,11,X3,0.2523736575967632
35,12,X3,0.19291654881089926
35,13,X3,0.1342044719203841
35,14,X3,0.07094891802989878
35,15,X3,0.037363443390859175
35,16,X3,0.09958591645408887
35,17,X3,0.09795650841260795
35,18,X3,0.035869887957233004
35,19,X3,0.056848218460800126
36,0,,0.0987856974825263
36,1,,0.18221126217395067
36,2,,0.03167651826515794
36,3,,0.07378928759135306
36,4,,0.20935221016407013
36,5,X3,0.07790495624067262
36,6,X3,0.0861340566771105
36,7,X3,0.05234010369167663
36,8,X3,0.04448414761282038
36,9,X3,0.08393086437718011
36,10,X3,0.08327669062418863
36,11,X3,0.17224738048389554
36,12,X3,0.14725948954583146
36,13,X3,0.011907699923540349
36,14,X3,0.025538497226079926
36,15,X3,0.02880209413342527
36,16,X3,0.029244602541439235
36,17,X3,0.043377898255130276
36,18,X3,0.03802404877205845
36,19,X3,0.05924617427808698
37,0,,0.3728645406663418
37,1,,0.15788072906434536
37,2,,0.18687991797924042
37,3,,0.17160631623119116
37,4,,0.12453618459403515
37,5,X3,0.16617296820913907
37,6,X3,0.040657912992173806
37,7,X3,0.09495661617256701
37,8,X3,0.10564422665629536
37,9,X3,0.07286168186692521
37,10,X3,0.16766498459037393
37,11,X3,0.16006164182908833
37,12,X3,0.11324835653067566
37,13,X3,0.08715480109822238
37,14,X3,0.08327539486344904
37,15,X3,0.0604183052200824
37,16,X3,0.03882211480959086
37,17,X3,0.029562440096924547
37,18,X3,0.04726188787026331
37,19,X3,0.002591487876998144
38,0,,0.216965913772583
38,1,,0.17887216713279486
38,2,,0.1407277248799801
38,3,,0.05896780197508633
38,4,,0.11689762189052999
38,5,X3,0.1556093655526638
38,6,X3,0.31853153099655174
38,7,X3,0.15280566329602152
38,8,X3,0.04227253569843015
38,9,X3,0.03848087562073488
38,10,X3,0.046176558593288064
38,11,X3,0.1621698107337579
38,12,X3,0.030829965719021857
38,13,X3,0.016537874327696045
38,14,X3,0.020532066730083898
38,15,X3,0.03735191505984403
38,16,X3,0.08267301006708294
38,17,X3,0.015635536280569795
38,18,X3,0.00436370361239824
38,19,X3,0.036978473275667056
39,0,,0.24078789725899696
39,1,,0.3359166197478771
39,2,,0.18892782740294933
39,3,,0.29333825036883354
39,4,,0.31342106498777866
39,5,X3,0.21146576822502539
39,6,X3,0.1616633936355356
39,7,X3,0.126013619301375
39,8,X3,0.1309373492258601
39,9,X3,0.03346834803051024
39,10,X3,0.016199715095353895
39,11,X3,0.10686208598781377
39,12,X3,0.11652289086487144
39,13,X3,0.14795165570103563
39,14,X3,0.09834727269480936
39,15,X3,0.03203114879033819
39,16,X3,0.157655557639373
39,17,X3,0.1826739279058529
39,18,X3,0.022599060377615388
39,19,X3,0.17528800400032196
40,0,,0.29296407103538513
40,1,,0.2324812887236476
40,2,,0.05005161836743355
40,3,,0.0319106497336179
40,4,,0.16920515662059188
40,5,X3,0.09310474405356217
40,6,X3,0.25209805264603347
40,7,X3,0.04772866645362228
40,8,X3,0.055115472510806285
40,9,X3,0.0651185384922428
40,10,X3,0.23079203482484445
40,11,X3,0.15428583450557198
40,12,X3,0.04106693615904078
40,13,X3,0.05872170010115951
40,14,X3,0.06699684931663796
40,15,X3,0.02009385544079123
40,16,X3,0.024848991248290986
40,17,X3,0.11944176227552816
40,18,X3,0.07086016342509538
40,19,X3,0.03312516952428268
41,0,,0.12398001924157143
41,1,,0.17060845904052258
41,2,,0.1562407985329628
41,3,,0.18723968230187893
41,4,,0.12566721998155117
41,5,X3,0.14740230933239218
41,6,X3,0.013902175536713912
41,7,X3,0.015532252575212624
41,8,X3,0.010366693670221139
41,9,X3,0.014850075614958769
41,10,X3,0.06794192352481332
41,11,X3,0.049726137793186354
41,12,X3,0.1616506686550565
41,13,X3,0.012017531182209495
41,14,X3,0.08856405362894293
41,15,X3,0.07107125758193433
41,16,X3,0.00978992778709653
41,17,X3,0.004235436038243279
41,18,X3,0.017773026731447317
41,19,X3,0.00999189224012298
42,0,,0.19646600168198347
42,1,,0.15411430783569813
42,2,,0.1407473087310791
42,3,,0.12138716410845518
42,4,,0.3273751325905323
42,5,X3,0.05469902453478426
42,6,X3,0.2501495420001447
42,7,X3,0.21758723695529625
42,8,X3,0.06707063817157177
42,9,X3,0.08169583279959625
42,10,X3,0.08452090671198675
42,11,X3,0.14575298281852156
42,12,X3,0.04114341079730366
42,13,X3,0.03644860380154569
42,14,X3,0.23724586628668476
42,15,X3,0.21387334039900452
42,16,X3,0.009314398215792608
42,17,X3,0.0897949267164222
42,18,X3,0.09685045574588003
42,19,X3,0.0860888582537882
43,0,,0.06052138563245535
43,1,,0.033825322752818465
43,2,,0.03824969404377043
43,3,,0.142222766764462
43,4,,0.19819276593625546
43,5,X3,0.09930803446331993
43,6,X3,0.10161315702134743
43,7,X3,0.04508972896292107
43,8,X3,0.07695510943449335
43,9,X3,0.09305384770414094
43,10,X3,0.03351839834067505
43,11,X3,0.06780109770625131
43,12,X3,0.11733802710659802
43,13,X3,0.06819320215436164
43,14,X3,0.08652494457783177
43,15,X3,0.04070955950010102
43,16,X3,0.02933704091992695
43,17,X3,0.050635682957363315
43,18,X3,0.040296084684086964
43,19,X3,0.022361160481523257
44,0,,0.5746452584862709
44,1,,0.25508842524141073
44,2,,0.03605161886662245
44,3,,0.1570901870727539
44,4,,0.21898825000971556
44,5,X3,0.03623352508293465
44,6,X3,0.037459953731740825
44,7,X3,0.19027810194529593
44,8,X3,0.021656100114341825
44,9,X3,0.2771231705482933
44,10,X3,0.042214474618958775
44,11,X3,0.038511191349243745
44,12,X3,0.10084428620757535
44,13,X3,0.00477407648031658
44,14,X3,0.1640544783513178
44,15,X3,0.05788967618718743
44,16,X3,0.1431928555975901
44,17,X3,0.05980236575123854
44,18,X3,0.06335826919530518
44,19,X3,0.11793435562867671
45,0,,0.24861974082887173
45,1,,0.43886806070804596
45,2,,0.1951315812766552
45,3,,0.2865493465214968
45,4,,0.11142703844234347
45,5,X3,0.02688235343521228
45,6,X3,0.21396529107005335
45,7,X3,0.2165954951196909
45,8,X3,0.09146148234140128
45,9,X3,0.11364836846769322
45,10,X3,0.19471480406355113
45,11,X3,0.07858159535680898
45,12,X3,0.01912706565053668
45,13,X3,0.08918686932884157
45,14,X3,0.0699841943278443
45,15,X3,0.019728103870875202
45,16,X3,0.0563506436010357
45,17,X3,0.11234570347005501
45,18,X3,0.2866307320073247
45,19,X3,0.007525050625190488
46,0,,0.16525939898565412
46,1,,0.07264065369963646
46,2,,0.21517049334943295
46,3,,0.077546332962811
46,4,,0.09941406827419996
46,5,X3,0.15724044473608956
46,6,X3,0.031210859800921753
46,7,X3,0.021060099270471255
46,8,X3,0.19167210833984427
46,9,X3,0.18628911161795259
46,10,X3,0.015835797210456803
46,11,X3,0.0689759313736431
46,12,X3,0.11955148031120189
46,13,X3,0.020192645330098458
46,14,X3,0.01635527701000683
46,15,X3,0.07157151334104128
46,16,X3,0.06693497419473715
46,17,X3,0.012504678874392994
46,18,X3,0.15026187291368842
46,19,X3,0.129043263848871
47,0,,0.2749654445797205
47,1,,0.3551984280347824
47,2,,0.15660740621387959
47,3,,0.057841057889163494
47,4,,0.1276635816320777
47,5,X3,0.020763593580340967
47,6,X3,0.14540409127948806
47,7,X3,0.109356803848641
47,8,X3,0.05097334255697206
47,9,X3,0.2260411634342745
47,10,X3,0.10190444442378066
47,11,X3,0.048132960830116645
47,12,X3,0.06431726632945356
47,13,X3,0.06628181421547197
47,14,X3,0.071126239199657
47,15,X3,0.01883445786734228
47,16,X3,0.036123864294495434
47,17,X3,0.04365456877349061
47,18,X3,0.13088023336604238
47,19,X3,0.06880759313935414
48,0,,0.1134282392449677
48,1,,0.14480710681527853
48,2,,0.06412725243717432
48,3,,0.10774864768609405
48,4,,0.20876760967075825
48,5,X3,0.11597034686565166
48,6,X3,0.21263123568496667
48,7,X3,0.05597534040134633
48,8,X3,0.15450817530654604
48,9,X3,0.013141765562977525
48,10,X3,0.11296739608951611
48,11,X3,0.020421089585397567
48,12,X3,0.1497760348574957
48,13,X3,0.0501908144360641
48,14,X3,0.10261284607076959
48,15,X3,0.0810083455289714
48,16,X3,0.006389554565430444
48,17,X3,0.04245025747604814
48,18,X3,0.025404535026609665
48,19,X3,0.08583712799008936
49,0,,0.1831962037831545
49,1,,0.12395767867565155
49,2,,0.1411987585015595
49,3,,0.10186354070901871
49,4,,0.09172286558896303
49,5,X3,0.028000003600027412
49,6,X3,0.02266137038532179
49,7,X3,0.0655268388800323
49,8,X3,0.014655159277026542
49,9,X3,0.2246570037677884
49,10,X3,0.07742411701474339
49,11,X3,0.08748920817743056
49,12,X3,0.01871944458980579
49,13,X3,0.08013301443133969
49,14,X3,0.09222442995815072
49,15,X3,0.20506293818471022
49,16,X3,0.047456346572289476
49,17,X3,0.11512677191058174
49,18,X3,0.053726397556602024
49,19,X3,0.01246355711191427
50,0,,0.07860520202666521
50,1,,0.29773023165762424
50,2,,0.21675927937030792
50,3,,0.18770717456936836
50,4,,0.11291741393506527
50,5,X3,0.04315642731671687
50,6,X3,0.21483966428786516
50,7,X3,0.18876034376444295
50,8,X3,0.10070876139798202
50,9,X3,0.02621691534659476
50,10,X3,0.24605869740480557
50,11,X3,0.1473250069830101
50,12,X3,0.10606644480139948
50,13,X3,0.09216388395725517
50,14,X3,0.03802422702574404
50,15,X3,0.04760615262784995
50,16,X3,0.03437959412258351
50,17,X3,0.07791236600314733
50,18,X3,0.09508615690356237
50,19,X3,0.06778212347853696
51,0,,0.23262732103466988
51,1,,0.3287605866789818
51,2,,0.16883696522563696
51,3,,0.09332890808582306
51,4,,0.0690589090809226
51,5,X3,0.059136637930350844
51,6,X3,0.06759609495202312
51,7,X3,0.16935784507586504
51,8,X3,0.043202206769819895
51,9,X3,0.1512953711207956
51,10,X3,0.024622780527352006
51,11,X3,0.1449983776001318
51,12,X3,0.04913819937428343
51,13,X3,0.040727673413130105
51,14,X3,0.04945319248508895
51,15,X3,0.1595137517506373
51,16,X3,0.04997495208954206
51,17,X3,0.15247449274465907
51,18,X3,0.10978254096698947
51,19,X3,0.045801422425938654
52,0,,0.18809304386377335
52,1,,0.2144630290567875
52,2,,0.14599499199539423
52,3,,0.17241914197802544
52,4,,0.21081281593069434
52,5,X3,0.11193813127465546
52,6,X3,0.1401342966419179
52,7,X3,0.14624767587520182
52,8,X3,0.07898287230636925
52,9,X3,0.11182201918563806
52,10,X3,0.0680567830131622
52,11,X3,0.1620808525403845
52,12,X3,0.045841862896850216
52,13,X3,0.13071180062252097
52,14,X3,0.014076438232223154
52,15,X3,0.062222211694461294
52,16,X3,0.1040836310130544
52,17,X3,0.02543971370323561
52,18,X3,0.09489980229409412
52,19,X3,0.0321564809710253
53,0,,0.20733133889734745
53,1,,0.24111726507544518
53,2,,0.21500538662075996
53,3,,0.061961591243743896
53,4,,0.051319915102794766
53,5,X3,0.13151119675603695
53,6,X3,0.08423704595770687
53,7,X3,0.28447919845348224
53,8,X3,0.1218438713112846
53,9,X3,0.029049973341898294
53,10,X3,0.037115264689418836
53,11,X3,0.10458193484373624
53,12,X3,0.03962127072009025
53,13,X3,0.0243984933149477
53,14,X3,0.023986362080904655
53,15,X3,0.020867487088253256
53,16,X3,0.06024338071074453
53,17,X3,0.034502960937970784
53,18,X3,0.09004821215421543
53,19,X3,0.05689497461571591
54,0,,0.18147453665733337
54,1,,0.31470500165596604
54,2,,0.44770004786551
54,3,,0.34614812210202217
54,4,,0.14464889839291573
54,5,X3,0.012855894914537203
54,6,X3,0.09909416467417032
54,7,X3,0.05359297132235952
54,8,X3,0.06344250368420035
54,9,X3,0.0784483230454498
54,10,X3,0.11948544808547013
54,11,X3,0.12230967395589687
54,12,X3,0.04816678378847428
54,13,X3,0.071761621908081
54,14,X3,0.22161234874511138
54,15,X3,0.04131878061889438
54,16,X3,0.06184044737892691
54,17,X3,0.10157549407813349
54,18,X3,0.053752590880321804
54,19,X3,0.02016117561743158
55,0,,0.27066216617822647
55,1,,0.15434045530855656
55,2,,0.08228342607617378
55,3,,0.06899455236271024
55,4,,0.14430934935808182
55,5,X3,0.037753164215246215
55,6,X3,0.22572863958703238
55,7,X3,0.022825915802968666
55,8,X3,0.07490773545578122
55,9,X3,0.23293503179411346
55,10,X3,0.10765956284012645
55,11,X3,0.12535355577711016
55,12,X3,0.0632596527102578
55,13,X3,0.11798612911661621
55,14,X3,0.06154151116970752
55,15,X3,0.09583963343902724
55,16,X3,0.22334649727054057
55,17,X3,0.015472985456653987
55,18,X3,0.060569517820113106
55,19,X3,0.013172525403206237
56,0,,0.3199382685124874
56,1,,0.38172945380210876
56,2,,0.7830224297940731
56,3,,0.13672463968396187
56,4,,0.11698621045798063
56,5,X3,0.19040034746285528
56,6,X3,0.031009514641482383
56,7,X3,0.051839603795087896
56,8,X3,0.12393678995431401
56,9,X3,0.09720293735517771
56,10,X3,0.07460456095577683
56,11,X3,0.06532793963560835
56,12,X3,0.18871352553833276
56,13,X3,0.12186026663403027
56,14,X3,0.11556883066077717
56,15,X3,0.06622632849757792
56,16,X3,0.03956074468442239
56,17,X3,0.2248906297463691
56,18,X3,0.01746153659587435
56,19,X3,0.16708864460815676
57,0,,0.23267994821071625
57,1,,0.35930970683693886
57,2,,0.21537626534700394
57,3,,0.05068426951766014
57,4,,0.10665109194815159
57,5,X3,0.029036376712610945
57,6,X3,0.16510405583539978
57,7,X3,0.15643483040912542
57,8,X3,0.07136168458964676
57,9,X3,0.08610073299496435
57,10,X3,0.06753536578617059
57,11,X3,0.02454461724846624
57,12,X3,0.17600124664022587
57,13,X3,0.08074989859596826
57,14,X3,0.20097290945705026
57,15,X3,0.09218336472986266
57,16,X3,0.010248199345369358
57,17,X3,0.10525391148985364
57,18,X3,0.07351650175405666
57,19,X3,0.038949054720433196
58,0,,0.3221724070608616
58,1,,0.33573435992002487
58,2,,0.10726392827928066
58,3,,0.0896691083908081
58,4,,0.24254459515213966
58,5,X3,0.11160317540634423
58,6,X3,0.05410247146937763
58,7,X3,0.040962494429550134
58,8,X3,0.054500252819707384
58,9,X3,0.21497724042274058
58,10,X3,0.06664361791627016
58,11,X3,0.1892475676140748
58,12,X3,0.06202749033400323
58,13,X3,0.3848818798433058
58,14,X3,0.11765159748028964
58,15,X3,0.10566919183474965
58,16,X3,0.14470582391368225
58,17,X3,0.16175072611076757
58,18,X3,0.055119391945481766
58,19,X3,0.041205245928722434
59,0,,0.17705060169100761
59,1,,0.269499653019011
59,2,,0.08346544858068228
59,3,,0.21290260180830956
59,4,,0.22975555434823036
59,5,X3,0.09817118148203008
59,6,X3,0.027371711752493866
59,7,X3,0.1343549833400175
59,8,X3,0.1809197656257311
59,9,X3,0.09477125201374292
59,10,X3,0.1644048517337069
59,11,X3,0.18018714975914918
59,12,X3,0.2923387862974778
59,13,X3,0.16004231609986164
59,14,X3,0.048414570730528794
59,15,X3,0.04941279725608183
59,16,X3,0.03129671391798183
59,17,X3,0.06624428028590046
59,18,X3,0.04700574473827146
59,19,X3,0.058999752494855784
60,0,,0.18341942504048347
60,1,,0.11560935154557228
60,2,,0.1308290446177125
60,3,,0.2991832420229912
60,4,,0.15216031204909086
60,5,X3,0.044580622226931155
60,6,X3,0.06398424103099387
60,7,X3,0.033290421051788144
60,8,X3,0.048688763403333724
60,9,X3,0.03473441534515587
60,10,X3,0.08723122929222882
60,11,X3,0.029748038425168488
60,12,X3,0.10245259547082242
60,13,X3,0.07070841720269527
60,14,X3,0.04777457256568596
60,15,X3,0.0961965981987305
60,16,X3,0.027916467442992143
60,17,X3,0.057056697725784034
60,18,X3,0.13039535633288324
60,19,X3,0.014035814718226902
61,0,,0.2027814667671919
61,1,,0.07971216365695
61,2,,0.054002631921321154
61,3,,0.1323808440938592
61,4,,0.19186284393072128
61,5,X3,0.15743652073433623
61,6,X3,0.17584664258174598
61,7,X3,0.06480907222430687
61,8,X3,0.14546487777261063
61,9,X3,0.06384532549418509
61,10,X3,0.11908894713269547
61,11,X3,0.234010849671904
61,12,X3,0.12789149249147158
61,13,X3,0.07442715869547101
61,14,X3,0.08280313591239974
61,15,X3,0.047856753546511754
61,16,X3,0.13386161196103785
61,17,X3,0.04635569216043223
61,18,X3,0.00534249100019224
61,19,X3,0.08755085966549814
62,0,,0.36088379845023155
62,1,,0.12431871425360441
62,2,,0.1402449980378151
62,3,,0.18214654922485352
62,4,,0.25891437008976936
62,5,X3,0.2870432964991778
62,6,X3,0.045587883272673935
62,7,X3,0.12991158803924918
62,8,X3,0.1005422449670732
62,9,X3,0.08851704333210364
62,10,X3,0.3209994310163893
62,11,X3,0.04804482779582031
62,12,X3,0.14490187086630613
62,13,X3,0.04212355003983248
62,14,X3,0.018806558029609732
62,15,X3,0.07791531458497047
62,16,X3,0.011531320924405009
62,17,X3,0.024816802950226702
62,18,X3,0.049502307825605385
62,19,X3,0.04657474912528414
63,0,,0.06483764853328466
63,1,,0.032213674392551184
63,2,,0.2386983735486865
63,3,,0.29488232359290123
63,4,,0.10477622132748365
63,5,X3,0.04301127337384969
63,6,X3,0.33815528402192285
63,7,X3,0.03848152031059726
63,8,X3,0.037421585744596086
63,9,X3,0.05195996045949869
63,10,X3,0.2259977152571082
63,11,X3,0.3592697670683265
63,12,X3,0.019724436693650205
63,13,X3,0.07578421442303807
63,14,X3,0.06405149974307278
63,15,X3,0.06724577493150719
63,16,X3,0.043184903219298576
63,17,X3,0.052518095151754096
63,18,X3,0.027258112881099805
63,19,X3,0.02091920182283502
64,0,,0.1070191077888012
64,1,,0.05652188300155103
64,2,,0.1702644508332014
64,3,,0.5014891177415848
64,4,,0.04852616460993886
64,5,X3,0.06364858488086611
64,6,X3,0.05380051146494225
64,7,X3,0.04659025892033242
64,8,X3,0.16466080176178366
64,9,X3,0.23495877085952088
64,10,X3,0.2413164270692505
64,11,X3,0.09772299788892269
64,12,X3,0.08098763790621888
64,13,X3,0.05206847516819835
64,14,X3,0.0381309276635875
64,15,X3,0.11384382835240103
64,16,X3,0.3443307302950416
64,17,X3,0.04957752863992937
64,18,X3,0.04876444366527721
64,19,X3,0.05511134400148876
65,0,,0.2898379620164633
65,1,,0.4931322857737541
65,2,,0.17881819233298302
65,3,,0.06793450564146042
65,4,,0.1419976968318224
65,5,X3,0.30226265464443713
65,6,X3,0.1334160066289769
65,7,X3,0.050498817739935475
65,8,X3,0.03980752603820292
65,9,X3,0.03662756442645332
65,10,X3,0.08203115437572706
65,11,X3,0.16860611365700606
65,12,X3,0.081710314610973
65,13,X3,0.11307408710126765
65,14,X3,0.0396997957250278
65,15,X3,0.020642300684812653
65,16,X3,0.044157641921628965
65,17,X3,0.03672930589527823
65,18,X3,0.33628971317375544
65,19,X3,0.05238436394574819
66,0,,0.4070604406297207
66,1,,0.35614167898893356
66,2,,0.04690571269020438
66,3,,0.12116154190152884
66,4,,0.056212952360510826
66,5,X3,0.19288423003308708
66,6,X3,0.05726736906217411
66,7,X3,0.0587646666681394
66,8,X3,0.057428407249972224
66,9,X3,0.06535712591721676
66,10,X3,0.05174677845207043
66,11,X3,0.09980558324605227
66,12,X3,0.1023146873631049
66,13,X3,0.1332602726179175
66,14,X3,0.1526914550922811
66,15,X3,0.011224291842154344
66,16,X3,0.01011550683324458
66,17,X3,0.10072210435464513
66,18,X3,0.02323935241656727
66,19,X3,0.04451515368418768
67,0,,0.08276401925832033
67,1,,0.14890557155013084
67,2,,0.1915216944180429
67,3,,0.1970432512462139
67,4,,0.43478596583008766
67,5,X3,0.16803521383553743
67,6,X3,0.12355271307751536
67,7,X3,0.07750804186798632
67,8,X3,0.024292347428854555
67,9,X3,0.0738503709435463
67,10,X3,0.17899446515366435
67,11,X3,0.03252238949062303
67,12,X3,0.012409553019097075
67,13,X3,0.02152410428971052
67,14,X3,0.037677752785384655
67,15,X3,0.03047202862217091
67,16,X3,0.06727859436068684
67,17,X3,0.030029343528440222
67,18,X3,0.0823857462964952
67,19,X3,0.02676547525334172
68,0,,0.2532581891864538
68,1,,0.2781558856368065
68,2,,0.27868466079235077
68,3,,0.15745895076543093
68,4,,0.2120151398703456
68,5,X3,0.055476966706919484
68,6,X3,0.08725380609394051
68,7,X3,0.06451939570251852
68,8,X3,0.16315688588656485
68,9,X3,0.022106866410467774
68,10,X3,0.13423019257606938
68,11,X3,0.1077873540634755
68,12,X3,0.0237395221774932
68,13,X3,0.10253353288862854
68,14,X3,0.11050932831130922
68,15,X3,0.06441578906378709
68,16,X3,0.05203488485858543
68,17,X3,0.06106718895898666
68,18,X3,0.07134952914202586
68,19,X3,0.022322925353364553
69,0,,0.03837726404890418
69,1,,0.193950567394495
69,2,,0.07756400108337402
69,3,,0.2045547105371952
69,4,,0.12999053858220577
69,5,X3,0.07282385503640398
69,6,X3,0.025731748377438635
69,7,X3,0.1916686547046993
69,8,X3,0.05870472651622549
69,9,X3,0.06458569545065984
69,10,X3,0.015602827585098566
69,11,X3,0.12260392139432952
69,12,X3,0.05696831610475783
69,13,X3,0.016625719821604434
69,14,X3,0.06842717022664146
69,15,X3,0.022515860055136727
69,16,X3,0.08025488184648566
69,17,X3,0.053579081999487244
69,18,X3,0.010599367622489808
69,19,X3,0.04939698021917138
70,0,,0.09803988132625818
70,1,,0.18124288273975253
70,2,,0.3455173037946224
70,3,,0.08938797935843468
70,4,,0.15571444085799158
70,5,X3,0.09730490877700504
70,6,X3,0.058336036949185655
70,7,X3,0.06750141517841257
70,8,X3,0.16049225680762902
70,9,X3,0.11499760064180009
70,10,X3,0.01682479954251903
70,11,X3,0.014056765777240798
70,12,X3,0.08987606209120713
70,13,X3,0.02010236783826258
70,14,X3,0.08701642410596833
70,15,X3,0.09269841084460495
70,16,X3,0.021871705486773863
70,17,X3,0.013219412394391838
70,18,X3,0.05897131697565783
70,19,X3,0.03701090935646789
71,0,,0.09508691821247339
71,1,,0.3148041032254696
71,2,,0.0822430425323546
71,3,,0.11065557040274143
71,4,,0.05887873284518719
71,5,X3,0.12352023139828816
71,6,X3,0.35152285103686154
71,7,X3,0.08292254941625288
71,8,X3,0.14415245107375085
71,9,X3,0.07835628847533371
71,10,X3,0.17432136842398904
71,11,X3,0.07750955579103902
71,12,X3,0.03852451839338755
71,13,X3,0.01050833154886277
71,14,X3,0.06422619499790017
71,15,X3,0.10814534740347881
71,16,X3,0.0667961231447407
71,17,X3,0.01259527519096082
71,18,X3,0.052229505048671854
71,19,X3,0.03848061890130339
72,0,,0.15469839796423912
72,1,,0.05280361027689651
72,2,,0.11331314593553543
72,3,,0.2686699144542217
72,4,,0.0894444091245532
72,5,X3,0.017869913259346504
72,6,X3,0.04778044144040905
72,7,X3,0.1214733898814302
72,8,X3,0.1827727402560413
72,9,X3,0.10017138032708317
72,10,X3,0.21257205680012703
72,11,X3,0.16847170534310862
72,12,X3,0.0889216905052308
72,13,X3,0.08004417357733473
72,14,X3,0.020208869784255512
72,15,X3,0.037959536610287614
72,16,X3,0.21909417159622535
72,17,X3,0.04442344002018217
72,18,X3,0.09038677568605635
72,19,X3,0.020786211058293702
73,0,,0.39041527919471264
73,1,,0.11824569432064891
73,2,,0.12067886069417
73,3,,0.4325893819332123
73,4,,0.3408070020377636
73,5,X3,0.2485935827717185
73,6,X3,0.1705221284646541
73,7,X3,0.055727774830302224
73,8,X3,0.053124317550100386
73,9,X3,0.11573201516875997
73,10,X3,0.020833877148106694
73,11,X3,0.07320424425415695
73,12,X3,0.09479569338145666
73,13,X3,0.10586031297862064
73,14,X3,0.07377950893715024
73,15,X3,0.08683421462774277
73,16,X3,0.07184518993017264
73,17,X3,0.029350635188166052
73,18,X3,0.1539332615211606
73,19,X3,0.10208721383241937
74,0,,0.08402413333533332
74,1,,0.3455965332686901
74,2,,0.0915735443122685
74,3,,0.21074425522238016
74,4,,0.07191863469779491
74,5,X3,0.09431144213886
74,6,X3,0.09380274968862068
74,7,X3,0.2405604419473093
74,8,X3,0.07257932098582387
74,9,X3,0.0432975341391284
74,10,X3,0.046304928004246904
74,11,X3,0.17610225045427796
74,12,X3,0.02599506998376455
74,13,X3,0.05335257193473808
74,14,X3,0.08059643993328791
74,15,X3,0.10578258017631015
74,16,X3,0.23216789765137946
74,17,X3,0.052234734073863365
74,18,X3,0.03006514641947433
74,19,X3,0.0073155239292646
75,0,,0.07967648468911648
75,1,,0.28746905364096165
75,2,,0.079238535836339
75,3,,0.09217791352421045
75,4,,0.1916227051988244
75,5,X3,0.10760395738179795
75,6,X3,0.014437099336646497
75,7,X3,0.06226267472811742
75,8,X3,0.010611987876472995
75,9,X3,0.3046642806439195
75,10,X3,0.07618314985302277
75,11,X3,0.14931853290181607
75,12,X3,0.058996307096094824
75,13,X3,0.11838674412865657
75,14,X3,0.08655820254352875
75,15,X3,0.10852201486704871
75,16,X3,0.022872156616358552
75,17,X3,0.10047456779284403
75,18,X3,0.05219555809162557
75,19,X3,0.016868693151991465
76,0,,0.1441237758845091
76,1,,0.067585788667202
76,2,,0.25189274456351995
76,3,,0.1765147321857512
76,4,,0.11083028372377157
76,5,X3,0.05370512459194288
76,6,X3,0.15164964413270354
76,7,X3,0.05807789853133727
76,8,X3,0.13396558567183092
76,9,X3,0.10689552855183138
76,10,X3,0.034568041475722566
76,11,X3,0.15146414055197965
76,12,X3,0.029854049236746505
76,13,X3,0.08344525418942794
76,14,X3,0.050565797315357486
76,15,X3,0.09227087106410181
76,16,X3,0.013770975062016078
76,17,X3,0.023385793138004374
76,18,X3,0.09686093364143744
76,19,X3,0.074940551086911
77,0,,0.16893952153623104
77,1,,0.12537867948412895
77,2,,0.05462753470055759
77,3,,0.20331387780606747
77,4,,0.07729187794029713
77,5,X3,0.21388706824654946
77,6,X3,0.023402525515848538
77,7,X3,0.06531343683309387
77,8,X3,0.11212322898791172
77,9,X3,0.074127198982751
77,10,X3,0.14231525271679857
77,11,X3,0.04199021661588631
77,12,X3,0.0632343175711867
77,13,X3,0.060790808536694385
77,14,X3,0.011066014278185321
77,15,X3,0.06694237819101545
77,16,X3,0.05590553341971827
77,17,X3,0.019822827543976018
77,18,X3,0.04779945544942166
77,19,X3,0.026972527708494454
78,0,,0.07435130141675472
78,1,,0.11210194416344166
78,2,,0.033057421911507845
78,3,,0.5350882261991501
78,4,,0.14898423478007317
78,5,X3,0.12428805633680895
78,6,X3,0.0791473959106952
78,7,X3,0.06204923596305889
78,8,X3,0.03777292914492136
78,9,X3,0.20577368397789542
78,10,X3,0.13952196977334097
78,11,X3,0.10722079902188852
78,12,X3,0.06461298940121196
78,13,X3,0.014162829401357158
78,14,X3,0.04669652275333647
78,15,X3,0.03161309182905825
78,16,X3,0.054860506948898546
78,17,X3,0.005255603047771729
78,18,X3,0.049448242663856945
78,19,X3,0.06543399728252552
79,0,,0.18509091436862946
79,1,,0.2183332620188594
79,2,,0.14444272965192795
79,3,,0.09179412014782429
79,4,,0.04346017842181027
79,5,X3,0.18242421676404774
79,6,X3,0.017981566430535167
79,7,X3,0.057371435104869306
79,8,X3,0.07083027809858322
79,9,X3,0.20149475370999426
79,10,X3,0.05157122656237334
79,11,X3,0.1321690136101097
79,12,X3,0.05594652477884665
79,13,X3,0.016142118496645708
79,14,X3,0.06930326952715404
79,15,X3,0.07684417720884085
79,16,X3,0.03273906992399134
79,17,X3,0.1124336599605158
79,18,X3,0.06219042860902846
79,19,X3,0.06957494915695861
80,0,,0.24978410452604294
80,1,,0.1713481917977333
80,2,,0.10794562473893166
80,3,,0.042376406490802765
80,4,,0.16725127585232258
80,5,X3,0.1386796916485764
80,6,X3,0.10497952853620518
80,7,X3,0.22734765495260945
80,8,X3,0.1498740350070875
80,9,X3,0.17498910198628437
80,10,X3,0.16017867240225314
80,11,X3,0.05036967918567825
80,12,X3,0.05251116783983889
80,13,X3,0.05268530587636633
80,14,X3,0.11857022015101393
80,15,X3,0.07597197806171607
80,16,X3,0.0647270975155152
80,17,X3,0.05947053303134453
80,18,X3,0.03487017633415235
80,19,X3,0.008246461019780327
81,0,,0.31815558299422264
81,1,,0.14284047298133373
81,2,,0.14692707546055317
81,3,,0.17828704789280891
81,4,,0.3474743515253067
81,5,X3,0.20916774682700634
81,6,X3,0.08274453051853925
81,7,X3,0.12297770477016456
81,8,X3,0.03251466168148909
81,9,X3,0.050781407800968736
81,10,X3,0.08311365797999315
81,11,X3,0.006218182012162288
81,12,X3,0.12247554113855585
81,13,X3,0.031648861622670665
81,14,X3,0.030677766219014302
81,15,X3,0.17838046394172125
81,16,X3,0.012436097960744519
81,17,X3,0.03177020109433215
81,18,X3,0.024144375725882128
81,19,X3,0.013627737003844231
82,0,,0.20459077833220363
82,1,,0.2510543502867222
82,2,,0.13040405232459307
82,3,,0.16993530467152596
82,4,,0.18953617848455906
82,5,X3,0.0363228812784655
82,6,X3,0.021786970559332985
82,7,X3,0.13780500666871376
82,8,X3,0.02327791765856091
82,9,X3,0.05594642492087587
82,10,X3,0.029904740975325694
82,11,X3,0.1829224122921005
82,12,X3,0.10989947660709731
82,13,X3,0.06702077842055587
82,14,X3,0.09547534912417177
82,15,X3,0.04424853008094942
82,16,X3,0.1171693393298483
82,17,X3,0.03331477110623382
82,18,X3,0.028661386648309417
82,19,X3,0.022571755044737074
83,0,,0.09579482581466436
83,1,,0.08078414481133223
83,2,,0.15087630786001682
83,3,,0.06220607692375779
83,4,,0.06982314167544246
83,5,X3,0.2733687397412723
83,6,X3,0.030927897649235092
83,7,X3,0.14336812842520885
83,8,X3,0.06678948136686813
83,9,X3,0.017158756560093025
83,10,X3,0.04833206096373033
83,11,X3,0.154448703120579
83,12,X3,0.10089478408553987
83,13,X3,0.15428535618411843
83,14,X3,0.040918713579230825
83,15,X3,0.04000685412756866
83,16,X3,0.024147156082108268
83,17,X3,0.06168819831873407
83,18,X3,0.05778591875878192
83,19,X3,0.09268321225499676
84,0,,0.13379373122006655
84,1,,0.07269836496561766
84,2,,0.19575254246592522
84,3,,0.20414847694337368
84,4,,0.08489263523370028
84,5,X3,0.03880124050192535
84,6,X3,0.26419311249628663
84,7,X3,0.13248049921821803
84,8,X3,0.3431861086282879
84,9,X3,0.055156134330900386
84,10,X3,0.07830380327868625
84,11,X3,0.09496104606660083
84,12,X3,0.2990071753738448
84,13,X3,0.034155627072323114
84,14,X3,0.05855306060402654
84,15,X3,0.02568898384924978
84,16,X3,0.02883767752791755
84,17,X3,0.08459227121784352
84,18,X3,0.05933049647137523
84,19,X3,0.012202078476548195
85,0,,0.10634387680329382
85,1,,0.15941047295928001
85,2,,0.14710798114538193
85,3,,0.28621400333940983
85,4,,0.1430744817480445
85,5,X3,0.1494986306061037
85,6,X3,0.13122586044482887
85,7,X3,0.11154127202462405
85,8,X3,0.02526176651008427
85,9,X3,0.029256053327117115
85,10,X3,0.06600562241510488
85,11,X3,0.02745294163469225
85,12,X3,0.29311274888459593
85,13,X3,0.07644696935312822
85,14,X3,0.10504595498787239
85,15,X3,0.055248296943318564
85,16,X3,0.08152611731202342
85,17,X3,0.025246891242204583
85,18,X3,0.04110476346977521
85,19,X3,0.04439685387478676
86,0,,0.3048975048586726
86,1,,0.3278414160013199
86,2,,0.2786827962845564
86,3,,0.18995945947244763
86,4,,0.04930024081841111
86,5,X3,0.14896579878404737
86,6,X3,0.2860722709156107
86,7,X3,0.09537709924916271
86,8,X3,0.09393746672139969
86,9,X3,0.01926027466834057
86,10,X3,0.3468038564096787
86,11,X3,0.020688063399575185
86,12,X3,0.24927668267628178
86,13,X3,0.19549933151574805
86,14,X3,0.18640555418096483
86,15,X3,0.16647447340073995
86,16,X3,0.11820170975988731
86,17,X3,0.07833450209000148
86,18,X3,0.06094772522919811
86,19,X3,0.049841644806292607
87,0,,0.3300761841237545
87,1,,0.2639252468943596
87,2,,0.25646838545799255
87,3,,0.1420594910159707
87,4,,0.1779788937419653
87,5,X3,0.048543430340941995
87,6,X3,0.09327888605184853
87,7,X3,0.0289599786628969
87,8,X3,0.08562757156323642
87,9,X3,0.17977134190732613
87,10,X3,0.06321463332278654
87,11,X3,0.04872597730718553
87,12,X3,0.06173639296321198
87,13,X3,0.02315966400783509
87,14,X3,0.07142172730527818
87,15,X3,0.10109479550737888
87,16,X3,0.08081841630337294
87,17,X3,0.031497861302341335
87,18,X3,0.08473165810573846
87,19,X3,0.022776597121264786
88,0,,0.09873112570494413
88,1,,0.22156375646591187
88,2,,0.07334460876882076
88,3,,0.15582833718508482
88,4,,0.1558691281825304
88,5,X3,0.043112332350574434
88,6,X3,0.03636432561324909
88,7,X3,0.05086470947571797
88,8,X3,0.08896164828911424
88,9,X3,0.029509915242670104
88,10,X3,0.10229900799458846
88,11,X3,0.017285262863879325
88,12,X3,0.10610850327066146
88,13,X3,0.0460983417724492
88,14,X3,0.035043857496930286
88,15,X3,0.053047765424707904
88,16,X3,0.07893916702596471
88,17,X3,0.02580691297771409
88,18,X3,0.15150695224292576
88,19,X3,0.002643060619448079
89,0,,0.23146097734570503
89,1,,0.014671368757262826
89,2,,0.05410526506602764
89,3,,0.08097111899405718
89,4,,0.27436336129903793
89,5,X3,0.160185666376492
89,6,X3,0.05594487796770409
89,7,X3,0.056585727899800986
89,8,X3,0.018262806494021788
89,9,X3,0.11763756530126557
89,10,X3,0.2535032153245993
89,11,X3,0.018652753511105402
89,12,X3,0.11052253877278417
89,13,X3,0.08195241921930574
89,14,X3,0.1786399723496288
89,15,X3,0.0831756042316556
89,16,X3,0.04112299272674136
89,17,X3,0.012378940968119423
89,18,X3,0.03866419666883303
89,19,X3,0.15805725188693032
90,0,,0.342144463211298
90,1,,0.22422194480895996
90,2,,0.4543682783842087
90,3,,0.13689174130558968
90,4,,0.16189990006387234
90,5,X3,0.125010788673535
90,6,X3,0.035854048444889486
90,7,X3,0.06734021203010343
90,8,X3,0.051120257820002735
90,9,X3,0.05356486365781166
90,10,X3,0.02250969602027908
90,11,X3,0.15018683146990952
90,12,X3,0.11471061792690307
90,13,X3,0.01822708272084128
90,14,X3,0.05022648493468296
90,15,X3,0.1472024109971244
90,16,X3,0.11073610169114545
90,17,X3,0.04782558073202381
90,18,X3,0.06697468247148208
90,19,X3,0.08891602994845016
91,0,,0.5854563731700182
91,1,,0.2388686896301806
91,2,,0.25296619161963463
91,3,,0.3681921288371086
91,4,,0.1971890851855278
91,5,X3,0.1918268494773656
91,6,X3,0.1045480954926461
91,7,X3,0.05882757471408695
91,8,X3,0.14897207444300875
91,9,X3,0.057923381569708
91,10,X3,0.0822475011809729
91,11,X3,0.07199750599102117
91,12,X3,0.1831538089318201
91,13,X3,0.06839775215485133
91,14,X3,0.21747062337817624
91,15,X3,0.011495323666167678
91,16,X3,0.037074190215207636
91,17,X3,0.07323984724644106
91,18,X3,0.0555373563838657
91,19,X3,0.13929726462811232
92,0,,0.05281521426513791
92,1,,0.2471610689535737
92,2,,0.08240247797220945
92,3,,0.13832815364003181
92,4,,0.18962858244776726
92,5,X3,0.0218460352771217
92,6,X3,0.221336122660432
92,7,X3,0.05336420136154629
92,8,X3,0.18080814604763873
92,9,X3,0.06746187503449619
92,10,X3,0.25741471187211573
92,11,X3,0.006610689702938544
92,12,X3,0.1280221039778553
92,13,X3,0.008685854595569253
92,14,X3,0.026572710914479103
92,15,X3,0.013712723961361917
92,16,X3,0.010660173355063307
92,17,X3,0.08511698497750331
92,18,X3,0.039922604053572286
92,19,X3,0.04948570878332248
93,0,,0.05750656733289361
93,1,,0.05085114110261202
93,2,,0.07818621397018433
93,3,,0.1785936877131462
93,4,,0.15235303388908505
93,5,X3,0.08528265106724575
93,6,X3,0.029807337014062796
93,7,X3,0.06715074475505389
93,8,X3,0.04662975725659635
93,9,X3,0.2355195352138253
93,10,X3,0.061512699772720225
93,11,X3,0.03946071429527365
93,12,X3,0.13835572742391378
93,13,X3,0.045791691438353155
93,14,X3,0.045190823657321744
93,15,X3,0.057891170152288396
93,16,X3,0.08686865627532825
93,17,X3,0.024240964698037715
93,18,X3,0.02191005975510052
93,19,X3,0.03330261215887731
94,0,,0.28206157125532627
94,1,,0.0587418875657022
94,2,,0.16531751304864883
94,3,,0.3851497322320938
94,4,,0.3185403645038605
94,5,X3,0.19485865312162787
94,6,X3,0.12948722674627788
94,7,X3,0.10616965373628773
94,8,X3,0.04291484325949568
94,9,X3,0.14242927351006074
94,10,X3,0.03006320499116555
94,11,X3,0.16957088303752244
94,12,X3,0.07018012092157733
94,13,X3,0.07118755444935232
94,14,X3,0.05442540114017902
94,15,X3,0.02963083733629901
94,16,X3,0.08458105342288036
94,17,X3,0.02773092384541087
94,18,X3,0.08206400317430962
94,19,X3,0.19635744021798018
95,0,,0.09564789599971846
95,1,,0.19834996201097965
95,2,,0.13158521056175232
95,3,,0.09528250899165869
95,4,,0.06003125663846731
95,5,X3,0.13594371394719929
95,6,X3,0.08677483802603092
95,7,X3,0.03365949323051609
95,8,X3,0.08860247931443155
95,9,X3,0.032966595550533384
95,10,X3,0.027495844922668766
95,11,X3,0.09154461394064128
95,12,X3,0.017371955242197146
95,13,X3,0.2437028978310991
95,14,X3,0.02680605808563996
95,15,X3,0.010839412419954897
95,16,X3,0.06865298322554736
95,17,X3,0.0348412383464165
95,18,X3,0.07754088374167623
95,19,X3,0.03754014679361717
96,0,,0.3146347850561142
96,1,,0.18820811435580254
96,2,,0.2176988422870636
96,3,,0.2375375065021217
96,4,,0.10368733666837215
96,5,X3,0.051364924693189096
96,6,X3,0.03500215412805119
96,7,X3,0.02513424982498691
96,8,X3,0.06860770016282913
96,9,X3,0.11154396604251815
96,10,X3,0.02526464540824236
96,11,X3,0.18160123899724567
96,12,X3,0.02316444924156258
96,13,X3,0.027453861064714147
96,14,X3,0.05937384119897615
96,15,X3,0.20502142870100215
96,16,X3,0.03891330672104232
96,17,X3,0.0061987710955691
96,18,X3,0.04311727282765787
96,19,X3,0.06649380467115407
97,0,,0.09595993673428893
97,1,,0.04534477065317333
97,2,,0.27111775055527687
97,3,,0.30006448552012444
97,4,,0.12350235600024462
97,5,X3,0.05876846361661592
97,6,X3,0.08285053470171988
97,7,X3,0.03960216007544659
97,8,X3,0.05554667592514306
97,9,X3,0.06843898573424667
97,10,X3,0.08016913454048336
97,11,X3,0.060093434527516365
97,12,X3,0.060617427341639996
97,13,X3,0.3647597951348871
97,14,X3,0.02632076811278239
97,15,X3,0.12553671473870054
97,16,X3,0.09764599473055569
97,17,X3,0.09999003567645559
97,18,X3,0.03126148615410784
97,19,X3,0.11869542055865168
98,0,,0.05237049935385585
98,1,,0.20892887562513351
98,2,,0.038820869754999876
98,3,,0.125286515802145
98,4,,0.24289767164736986
98,5,X3,0.07745468581560999
98,6,X3,0.04193989158375189
98,7,X3,0.034139398390834685
98,8,X3,0.07408677983039524
98,9,X3,0.06845103413797915
98,10,X3,0.00972453939175466
98,11,X3,0.08031199377728626
98,12,X3,0.025379268103279173
98,13,X3,0.06469381759234238
98,14,X3,0.035072388374828734
98,15,X3,0.025829235224591685
98,16,X3,0.07481869609910063
98,17,X3,0.0933638455462642
98,18,X3,0.05000346258748323
98,19,X3,0.0033059659817809006
99,0,,0.25005287677049637
99,1,,0.05931445653550327
99,2,,0.3170377090573311
99,3,,0.3265509232878685
99,4,,0.08738806191831827
99,5,X3,0.06080677868158091
99,6,X3,0.12354511942248791
99,7,X3,0.14206884108716622
99,8,X3,0.1518075389249134
99,9,X3,0.05556760137551464
99,10,X3,0.06365234688837518
99,11,X3,0.13243000004149508
99,12,X3,0.022844032648208668
99,13,X3,0.020877626397123095
99,14,X3,0.023205988898553187
99,15,X3,0.08737859898246825
99,16,X3,0.03424474019266199
99,17,X3,0.008807851179881254
99,18,X3,0.14252347184810787
99,19,X3,0.08095175173366442
