episode,step,total_loss,loss_X1,loss_X4,loss_X2,loss_X3,loss_X5
0,0,30.86539978981018,0.936153769493103,4.596340179443359,22.064983367919922,6.152993679046631,1.5409239530563354
0,1,26.69766708612442,0.9359918832778931,3.758254289627075,21.662817001342773,3.436876058578491,0.6591247916221619
0,2,19.10801649093628,0.9359923601150513,3.078758955001831,15.947629928588867,1.5306698083877563,0.8267664909362793
0,3,18.799526131153108,0.9389634132385254,2.5199458599090576,15.579913139343262,1.7520793676376343,0.7757517695426941
0,4,2.1169305805116894,0.9358878135681152,1.7490246295928955,0.024040067568421364,0.9426518678665161,0.6132561564445496
0,5,2.0706740386784075,0.9362176060676575,1.5054246187210083,0.01632784679532051,0.9240551590919495,0.6419625878334045
0,6,2.040225151181221,0.9362190365791321,1.3168150186538696,0.012494519352912903,0.9411321878433228,0.635991632938385
0,7,1.3856282237917186,0.9359246492385864,1.095666766166687,0.009772920981049538,0.4524589776992798,0.5170780420303345
0,8,0.8818449422717094,0.9359187483787537,1.046549677848816,0.010434940457344055,0.3919762372970581,0.08294007927179337
0,9,0.8804574754089117,0.9364801049232483,1.0092602968215942,0.010618312284350395,0.41477474570274353,0.06591633707284927
0,10,0.7813678815960884,0.936614453792572,0.9782803058624268,0.010035280138254166,0.3476068377494812,0.04074681177735329
0,11,0.7571699894964695,0.9369937181472778,0.9751120805740356,0.01102466881275177,0.32091009616851807,0.042814064770936966
0,12,0.700665593892336,0.9368144869804382,0.9749705791473389,0.010261554270982742,0.26754114031791687,0.04050588607788086
0,13,0.7087426457554102,0.9361289739608765,0.9785822629928589,0.009197080507874489,0.2886560559272766,0.027947261929512024
0,14,0.7019600320607424,0.9361276030540466,0.9789502024650574,0.009347900748252869,0.2849116027355194,0.0246849674731493
0,15,0.6234013244509697,0.9361276030540466,0.9803088903427124,0.009809907525777817,0.205200657248497,0.025103460997343063
0,16,0.5734171353280545,0.9360678195953369,0.9817736744880676,0.009747352451086044,0.15551047027111053,0.02459101378917694
0,17,0.5759426755830646,0.9360714554786682,0.9811411499977112,0.011953172273933887,0.1575709879398346,0.022975994274020195
0,18,0.5805836401879787,0.9360970854759216,0.9826301336288452,0.011214787140488625,0.16480939090251923,0.020814018324017525
0,19,0.4940036920830608,0.9360660314559937,0.9822625517845154,0.010664847679436207,0.078052818775177,0.021620308980345726
1,0,32.1461499452591,0.936153769493103,4.596340179443359,22.651172637939453,6.433795928955078,1.9546825885772705
1,1,22.98079000711441,0.936153769493103,3.758150339126587,16.50840950012207,5.197206974029541,0.3363127112388611
1,2,24.10049424171448,0.9391807317733765,3.075399398803711,17.43464469909668,4.521689414978027,1.341244101524353
1,3,15.458047095686197,0.9391899704933167,2.524688959121704,12.280838012695312,2.444159746170044,0.040273550897836685
1,4,0.9208351988345385,0.9365772604942322,1.75852632522583,0.03239675611257553,0.32272788882255554,0.026689836755394936
1,5,0.8011506274342537,0.9364805221557617,1.5057899951934814,0.021716110408306122,0.2599511444568634,0.031029269099235535
1,6,0.6527171261608601,0.9365088939666748,1.3230782747268677,0.017534729093313217,0.14866532385349274,0.03459963947534561
1,7,0.5286844281479717,0.9368929862976074,1.1030958890914917,0.014227486215531826,0.0746779590845108,0.03178120777010918
1,8,0.5081501917913556,0.9368521571159363,1.0446089506149292,0.01425307709723711,0.06643833220005035,0.03116656094789505
1,9,0.4991439590230584,0.9364042282104492,1.0102494955062866,0.015254293568432331,0.05851688235998154,0.03604203835129738
2,0,33.37609608173371,0.936153769493103,4.596340179443359,24.08056640625,6.201449394226074,1.987581491470337
2,1,23.955261611938475,0.936153769493103,3.7586610317230225,17.043668746948242,5.414891719818115,0.557738184928894
2,2,17.47974113225937,0.936153769493103,3.054363965988159,12.896154403686523,3.346693754196167,0.438789427280426
2,3,4.122429712116718,0.936153769493103,2.5027027130126953,0.06343064457178116,3.074486494064331,0.2967412769794464
2,4,2.9696692887693645,0.9358791708946228,1.7430588006973267,0.019071990624070168,1.412009835243225,1.0027998685836792
2,5,2.228972330503166,0.9359198212623596,1.49032723903656,0.015475991182029247,0.78257817029953,0.9456687569618225
2,6,2.5484928719699385,0.9365608096122742,1.3031123876571655,0.016837190836668015,0.9606671333312988,1.1230539083480835
2,7,1.7022039096802473,0.9362328052520752,1.0899606943130493,0.018994955345988274,0.9315727949142456,0.3463974595069885
2,8,1.4471965618431568,0.9361140131950378,1.035048246383667,0.018589098006486893,0.7296887636184692,0.3046862483024597
2,9,1.3493467085063457,0.9361141324043274,1.0035536289215088,0.016622912138700485,0.6769715547561646,0.2678186893463135
2,10,1.0622449910268188,0.9359029531478882,0.9781129956245422,0.009992706589400768,0.6317357420921326,0.03771335259079933
2,11,1.057001806423068,0.9359017014503479,0.9749026298522949,0.010251233354210854,0.6320497393608093,0.0325399674475193
2,12,1.0415028098970651,0.9358808398246765,0.9754521250724792,0.010362209752202034,0.6159992218017578,0.032874785363674164
2,13,0.9176957119256258,0.9359267950057983,0.9796825647354126,0.010084396228194237,0.4924808442592621,0.03200859948992729
2,14,0.860976868122816,0.9358951449394226,0.9817439913749695,0.01130000501871109,0.4229929447174072,0.04315609112381935
2,15,0.9206399127840996,0.9358785152435303,0.9829731583595276,0.010951057076454163,0.4808729887008667,0.045045532286167145
2,16,0.9910846760496497,0.935881495475769,0.985279381275177,0.011289197020232677,0.5421785116195679,0.05338479205965996
2,17,1.0888653384521603,0.9358819723129272,0.9845425486564636,0.009708759374916553,0.6351547241210938,0.05991695076227188
2,18,1.1583231415599586,0.935941755771637,0.9844335317611694,0.010751759633421898,0.6297830939292908,0.1337132304906845
2,19,1.112491354160011,0.9358851313591003,0.9836941361427307,0.00917005818337202,0.568295419216156,0.15111002326011658
2,20,1.3461847372353077,0.9359714388847351,0.985572874546051,0.010173726826906204,0.7991740703582764,0.1525280773639679
3,0,30.22298809289932,0.9400416016578674,1.4235190153121948,22.091808319091797,5.84433126449585,1.8141363859176636
3,1,22.310370135307313,0.9400416016578674,1.1733375787734985,16.367576599121094,4.955784320831299,0.5643333792686462
3,2,16.989357316493987,0.9400416016578674,1.0387167930603027,13.237018585205078,2.5780630111694336,0.7785240411758423
3,3,16.628168606758116,0.9400416016578674,0.9885442852973938,12.656529426574707,2.997591018676758,0.5883309841156006
3,4,2.3412918359041215,0.9445611238479614,0.9784848690032959,0.03109942376613617,1.5920045375823975,0.3335786759853363
3,5,1.2892220955342055,0.9401190280914307,0.9850652813911438,0.018789200112223625,0.5137845277786255,0.37161150574684143
3,6,1.14506899099797,0.9390692114830017,0.98858642578125,0.015532794408500195,0.5182468295097351,0.22575823962688446
3,7,1.1605363352224232,0.9377715587615967,0.9931941032409668,0.013162682764232159,0.5311219096183777,0.23005861043930054
3,8,1.0510760864242912,0.9367585778236389,0.9907619953155518,0.012167810462415218,0.44946083426475525,0.20394332706928253
3,9,0.9728159517049789,0.9362046718597412,0.9872549772262573,0.012153267860412598,0.39547082781791687,0.18049992620944977
3,10,0.9565654909238219,0.9362044930458069,0.9917855262756348,0.011712721548974514,0.40001991391181946,0.15923485159873962
3,11,1.0736706851050257,0.936448872089386,0.9928382039070129,0.011168676428496838,0.4942938983440399,0.18235069513320923
3,12,1.0375533852726222,0.9361860156059265,0.9914659261703491,0.010322341695427895,0.4625391364097595,0.17916151881217957
3,13,0.9689316883683204,0.9366673231124878,0.9933276772499084,0.011787049472332,0.40760713815689087,0.16353850066661835
3,14,0.9535295719280839,0.9365206956863403,0.9901580810546875,0.010802232660353184,0.39469316601753235,0.1626984179019928
3,15,0.9686926979571582,0.9365271925926208,0.9898763298988342,0.013336705043911934,0.38078737258911133,0.1892879158258438
3,16,0.9898930879309773,0.9365269541740417,0.9898684024810791,0.011199367232620716,0.3491637408733368,0.24425090849399567
3,17,0.9988930245861412,0.9368946552276611,0.9899324178695679,0.013051941059529781,0.41427284479141235,0.18620282411575317
3,18,1.089177715405822,0.9365149736404419,0.9901843667030334,0.010516231879591942,0.48584267497062683,0.20747894048690796
3,19,0.8968014812096954,0.9364857077598572,0.9880760908126831,0.011939278803765774,0.3279167413711548,0.17203310132026672
3,20,1.003823695704341,0.9365949034690857,0.9885221719741821,0.012416033074259758,0.4155082404613495,0.19087600708007812
3,21,1.0123569760471582,0.9366700649261475,0.9887259602546692,0.010528424754738808,0.46878698468208313,0.14796236157417297
3,22,1.0651007050648331,0.9372972249984741,0.9877546429634094,0.010780715383589268,0.48575976490974426,0.18354985117912292
3,23,0.9377223823219538,0.9372972846031189,0.9881943464279175,0.011081719771027565,0.34929242730140686,0.19224990904331207
3,24,0.8888804873451591,0.9372972846031189,0.9884835481643677,0.010947688482701778,0.31738901138305664,0.17538762092590332
4,0,32.41265804767609,0.936153769493103,4.596340179443359,21.703750610351562,7.08103609085083,2.5213725566864014
4,1,27.560885322093963,0.9361777305603027,3.758000135421753,21.748634338378906,4.468314170837402,0.4051012396812439
4,2,26.71297629773617,0.9361761808395386,3.0651705265045166,20.326322555541992,5.420124053955078,0.16626034677028656
4,3,23.627004238963128,0.9361758828163147,2.509848117828369,17.79173469543457,5.00052547454834,0.1455392688512802
4,4,2.134029637090862,0.9419882893562317,1.6191306114196777,0.013119588606059551,1.0901001691818237,0.5185860991477966
4,5,2.1255498837679623,0.9391156435012817,1.3550667762756348,0.011799229308962822,1.2748725414276123,0.38004162907600403
4,6,1.6066504647955298,0.9423558712005615,1.1835237741470337,0.012048660777509212,0.8956494331359863,0.27377644181251526
4,7,1.4531942799687387,0.9416515827178955,1.0186984539031982,0.018675871193408966,0.7877284288406372,0.25471997261047363
4,8,1.404565078392625,0.9412540197372437,0.9897501468658447,0.01738377846777439,0.7789600491523743,0.22202041745185852
4,9,1.2872571665793657,0.9406992793083191,0.9774112701416016,0.01807217486202717,0.6439560055732727,0.24160687625408173
4,10,1.2025853333994747,0.938499927520752,0.9772778749465942,0.015117916278541088,0.569400429725647,0.23491142690181732
4,11,1.2524546997621657,0.9385867118835449,0.9804367423057556,0.00907753873616457,0.6076473593711853,0.25192511081695557
4,12,1.176003677584231,0.9376149773597717,0.9846986532211304,0.009719432331621647,0.575337290763855,0.20648422837257385
4,13,1.0708756547421219,0.9367340207099915,0.9871585369110107,0.0106105487793684,0.4794952869415283,0.19599130749702454
4,14,1.201130434125662,0.9363917708396912,0.9887017011642456,0.009754445403814316,0.551364004611969,0.2549932897090912
4,15,1.1823502186685801,0.9363983273506165,0.9914565682411194,0.009994858875870705,0.5710010528564453,0.21578332781791687
4,16,1.0610021974891424,0.9361952543258667,0.9880281090736389,0.010149678215384483,0.45105960965156555,0.21494823694229126
4,17,1.0702293572947383,0.9365584254264832,0.9887329339981079,0.009645077399909496,0.44376254081726074,0.23176346719264984
4,18,1.1930056046694517,0.9366264939308167,0.9888723492622375,0.00908629409968853,0.5460708141326904,0.2527487277984619
4,19,1.071431290358305,0.936893880367279,0.9884753227233887,0.00991855189204216,0.4063814580440521,0.27005743980407715
4,20,1.0405304331332446,0.9370215535163879,0.9889814853668213,0.01034131832420826,0.3709891438484192,0.2739993631839752
4,21,1.069375403597951,0.9370064735412598,0.9883751273155212,0.010166080668568611,0.4870058298110962,0.18712717294692993
4,22,0.9900672066956759,0.9367192983627319,0.9883344769477844,0.009788038209080696,0.3916821777820587,0.20358623564243317
4,23,0.9846780991181732,0.9366173148155212,0.9849770665168762,0.009919232688844204,0.35300007462501526,0.23743991553783417
4,24,0.9526989599689841,0.9366395473480225,0.9864873290061951,0.01087875571101904,0.3822527825832367,0.1749420464038849
5,0,30.761198472976684,0.936153769493103,4.596340179443359,22.005491256713867,5.8946452140808105,1.7545632123947144
5,1,29.22702740430832,0.936153769493103,3.758420944213867,21.953907012939453,5.870575904846191,0.4636295437812805
5,2,26.876089668273927,0.9554378390312195,3.07186222076416,22.93671417236328,2.9783935546875,0.1555219292640686
5,3,11.599294920265674,0.959407389163971,2.5156447887420654,7.703697204589844,3.0976479053497314,0.10293937474489212
5,4,0.9905608344823122,0.9361700415611267,1.7373437881469727,0.023892732337117195,0.3535698354244232,0.07839550077915192
5,5,0.9398207737132908,0.9361555576324463,1.488312005996704,0.01351113524287939,0.38066115975379944,0.060754965990781784
5,6,1.0183121703565121,0.9361556172370911,1.3026764392852783,0.014459129422903061,0.49142852425575256,0.06465810537338257
5,7,0.7775287168100476,0.937105119228363,1.090701937675476,0.00942570436745882,0.32883763313293457,0.033703967928886414
5,8,0.647248819284141,0.9382233023643494,1.034252405166626,0.010341108776628971,0.21225573122501373,0.03015683777630329
5,9,0.5843422636389732,0.9373834133148193,1.0030404329299927,0.009932812303304672,0.14909881353378296,0.0372258685529232
5,10,0.6427733423188329,0.9372413158416748,0.9776028990745544,0.009759274311363697,0.06546320021152496,0.18458202481269836
5,11,0.6646256316453218,0.9368762373924255,0.9749022126197815,0.011379318311810493,0.04446558654308319,0.22642503678798676
5,12,0.7146955754607915,0.9370464086532593,0.9750757217407227,0.010751279070973396,0.04116242006421089,0.2803574502468109
5,13,0.739375875517726,0.9364479780197144,0.9780054688453674,0.010282209143042564,0.03449190407991409,0.31171107292175293
5,14,0.6881095074117184,0.936391294002533,0.9792305827140808,0.011313240975141525,0.03181065618991852,0.26186123490333557
5,15,0.7068504080176353,0.9363185167312622,0.9812170267105103,0.012404747307300568,0.030675724148750305,0.28026282787323
6,0,28.707646131515503,0.9386672973632812,1.4403436183929443,19.919189453125,5.984391212463379,2.328263282775879
6,1,26.934546685218812,0.9386672973632812,1.1826869249343872,18.94606590270996,6.50372838973999,1.0604815483093262
6,2,14.710920262336732,0.9386672973632812,1.05002760887146,6.43748140335083,6.701908588409424,1.1737912893295288
6,3,10.717100149393081,0.9358783960342407,0.9915676116943359,6.274448394775391,3.592843532562256,0.46431902050971985
6,4,1.8692639477550985,0.936192512512207,0.9780443906784058,0.03970934823155403,0.4800339639186859,0.9666732549667358
6,5,1.8346807971596717,0.936064600944519,0.982656717300415,0.029551424086093903,0.3648352026939392,1.0565499067306519
6,6,1.6977004658430817,0.9360249042510986,0.9857633113861084,0.025870872661471367,0.2806500792503357,1.006821870803833
6,7,1.1026065468788149,0.9359827041625977,0.9880815148353577,0.01125606894493103,0.277601957321167,0.4289356768131256
6,8,1.1735368182882668,0.9359621405601501,0.9891800284385681,0.011199682019650936,0.27123773097991943,0.5060709714889526
6,9,1.1369561344385146,0.9363565444946289,0.9917414784431458,0.012175604701042175,0.2321794331073761,0.5069814920425415
6,10,0.6696296472102403,0.936097264289856,0.9891059994697571,0.01004222221672535,0.1990755796432495,0.0754711925983429
6,11,0.6629479616880417,0.9359722137451172,0.9857904314994812,0.012158416211605072,0.20361648499965668,0.06282053142786026
6,12,0.6783698098734021,0.9360790848731995,0.9879668951034546,0.01146263349801302,0.22545067965984344,0.056647300720214844
6,13,0.649334904551506,0.93619704246521,0.9860382080078125,0.011490117758512497,0.19785644114017487,0.05554129555821419
6,14,0.6441726014018059,0.9360828995704651,0.9842309355735779,0.010227184742689133,0.19289381802082062,0.056988831609487534
6,15,0.5477727910503745,0.9360035061836243,0.9855433106422424,0.011550805531442165,0.0894545391201973,0.06245808303356171
6,16,0.5912967072799802,0.9359540939331055,0.9889296293258667,0.011868548579514027,0.14099828898906708,0.053453125059604645
6,17,0.5535586155951023,0.9359442591667175,0.9880562424659729,0.011456791311502457,0.10439734905958176,0.05290437489748001
6,18,0.5565999737009406,0.9359328746795654,0.9873993396759033,0.010346735827624798,0.10306178033351898,0.05852501466870308
6,19,0.5202204838395119,0.9358867406845093,0.9873303771018982,0.010853517800569534,0.0700896829366684,0.05463385954499245
6,20,0.5016585033386947,0.9358867406845093,0.9870495796203613,0.010481638833880424,0.0530032254755497,0.05358637496829033
6,21,0.5008336685597896,0.935908854007721,0.9856117367744446,0.010125473141670227,0.049665357917547226,0.0567387193441391
6,22,0.500612216629088,0.9360014200210571,0.9854870438575745,0.01082915160804987,0.04951252043247223,0.05597285181283951
6,23,0.5013203909620643,0.9360227584838867,0.9845622777938843,0.011216911487281322,0.05235167592763901,0.05363479629158974
6,24,0.4962979853153229,0.9361516237258911,0.985196053981781,0.011819571256637573,0.051611121743917465,0.048597756773233414
7,0,30.861102533340453,0.936153769493103,4.596340179443359,22.322240829467773,5.670361518859863,1.762001395225525
7,1,16.31536469459534,0.936153769493103,3.7576749324798584,9.100462913513184,5.517692565917969,0.7584434747695923
7,2,12.019351935386657,0.9508483409881592,3.0857110023498535,8.859986305236816,1.6465299129486084,0.7055238485336304
7,3,16.889198580384253,0.9518560171127319,2.5469307899475098,14.139612197875977,1.8375132083892822,0.21231581270694733
7,4,2.1866977948695423,0.9497185349464417,1.7612253427505493,0.026858540251851082,1.469751000404358,0.14789947867393494
7,5,1.9427322406321763,0.9402880668640137,1.5067640542984009,0.019909756258130074,1.2951022386550903,0.13830982148647308
7,6,1.163335257768631,0.9396244287490845,1.318764090538025,0.01887565851211548,0.5469508767127991,0.14583101868629456
7,7,0.7750236267223954,0.9379313588142395,1.1003738641738892,0.010973640717566013,0.19887974858283997,0.1575091928243637
7,8,0.719569849781692,0.9375725984573364,1.041595458984375,0.012317079119384289,0.1688535213470459,0.14256563782691956
7,9,0.6669287126511335,0.9366688132286072,1.0062848329544067,0.010301319882273674,0.14599435031414032,0.12204231321811676
7,10,0.6653142042458058,0.9359232187271118,0.9779285192489624,0.011370833963155746,0.0952066108584404,0.17596641182899475
7,11,0.7163702718913555,0.9359154105186462,0.97503262758255,0.011066239327192307,0.11931873857975006,0.2037956863641739
7,12,0.6314187232404948,0.9358817338943481,0.9751750230789185,0.01177874393761158,0.08558016270399094,0.1518484652042389
7,13,0.6619581535458565,0.9359799027442932,0.9779424667358398,0.010444112122058868,0.11191096901893616,0.15681859850883484
7,14,0.6494214331731201,0.9359369277954102,0.9790285229682922,0.011489308439195156,0.09793439507484436,0.15700463950634003
7,15,0.6640377767384052,0.935982882976532,0.9796696901321411,0.011270139366388321,0.11140860617160797,0.15822851657867432
7,16,0.6258880356326699,0.9360774159431458,0.9819052815437317,0.01011656317859888,0.0751640647649765,0.15701086819171906
7,17,0.6972765535116197,0.936072587966919,0.9831083416938782,0.009936615824699402,0.13643084466457367,0.16707290709018707
7,18,0.6270936334505677,0.9359938502311707,0.9841722249984741,0.010452614165842533,0.1033487394452095,0.12925906479358673
7,19,0.6880345899611712,0.9360042214393616,0.9838436245918274,0.009629102423787117,0.1496100276708603,0.14482589066028595
7,20,0.733276760391891,0.9360125064849854,0.9828007221221924,0.010086569003760815,0.15587320923805237,0.18355433642864227
7,21,0.7089288275688888,0.9359649419784546,0.9854812622070312,0.009091345593333244,0.1711413413286209,0.14440689980983734
7,22,0.685756084881723,0.9359387755393982,0.9832749366760254,0.009268424473702908,0.12477685511112213,0.16786806285381317
8,0,30.394044470787048,0.936153769493103,4.596340179443359,19.61094093322754,7.599513530731201,2.0770912170410156
8,1,27.35318156480789,0.938493013381958,3.758319139480591,19.856155395507812,6.0761260986328125,0.4815376400947571
8,2,12.23703076839447,0.9384899735450745,3.0856292247772217,8.351609230041504,2.1124203205108643,0.9681773781776428
8,3,3.819427600502968,0.9384900331497192,2.52856183052063,0.154312863945961,2.2801313400268555,0.6915730237960815
8,4,2.615882159397006,0.9358822107315063,1.728582739830017,0.017289413139224052,1.4577382802963257,0.6079614758491516
8,5,2.9599322782829405,0.9358810782432556,1.4757742881774902,0.015343760140240192,1.6495498418807983,0.8127076029777527
8,6,2.047306496091187,0.9359298944473267,1.2987464666366577,0.013506335206329823,0.7177184820175171,0.8691464066505432
8,7,1.2330971537157893,0.9359915852546692,1.092983603477478,0.013779777102172375,0.3899518549442291,0.4235704839229584
8,8,1.0421079747378825,0.9358785152435303,1.038939118385315,0.011236976832151413,0.3017057478427887,0.33420172333717346
8,9,0.9560833979398012,0.9359363317489624,1.0067037343978882,0.012556450441479683,0.27517998218536377,0.27981895208358765
8,10,0.8954842373728753,0.9359017610549927,0.9792072772979736,0.01059066504240036,0.280153751373291,0.22171801328659058
8,11,0.81192168276757,0.9362178444862366,0.9752644896507263,0.012350532226264477,0.16960462927818298,0.24767005443572998
8,12,0.6780726410448551,0.9365214705467224,0.9749400615692139,0.00984012708067894,0.12285075336694717,0.16308945417404175
8,13,0.674237391538918,0.936252772808075,0.979109525680542,0.010492143221199512,0.11816589534282684,0.16250689327716827
8,14,0.6372128607705235,0.9360334277153015,0.9803875088691711,0.010559958405792713,0.10235673189163208,0.14101198315620422
8,15,0.6324111295863986,0.9360453486442566,0.9826079607009888,0.011225814931094646,0.12060261517763138,0.1168520376086235
8,16,0.7129458859562874,0.9360350370407104,0.9842087626457214,0.011309228837490082,0.12794452905654907,0.18964336812496185
8,17,0.6821760274469852,0.9360030293464661,0.9852755069732666,0.010784294456243515,0.08243910223245621,0.204696923494339
8,18,0.6675531134009361,0.9361348152160645,0.9843376874923706,0.009980067610740662,0.08667077869176865,0.1868077665567398
8,19,0.6396592915058137,0.9361504912376404,0.9871792197227478,0.010463081300258636,0.08988288789987564,0.15464738011360168
8,20,0.6772067997604609,0.9359989166259766,0.9858976006507874,0.0107098538428545,0.09666406363248825,0.18545357882976532
8,21,0.6289735512807966,0.9358994960784912,0.9861606955528259,0.009670068509876728,0.06557761132717133,0.16931383311748505
8,22,0.6525226909667254,0.9359177350997925,0.9847244024276733,0.010220589116215706,0.06987620890140533,0.18829746544361115
8,23,0.6118697088211775,0.935916006565094,0.9843554496765137,0.010379405692219734,0.053122665733098984,0.16431334614753723
8,24,0.6542968330904841,0.935878574848175,0.9847124218940735,0.01101356279104948,0.07274297624826431,0.18642209470272064
9,0,30.835054516792297,0.9559832811355591,0.9831846952438354,22.396488189697266,6.2722039222717285,1.7785288095474243
9,1,26.70642210841179,0.9559832811355591,1.008634328842163,20.192819595336914,5.664283275604248,0.4563957154750824
9,2,23.794283218681812,0.9361504316329956,0.9981505274772644,17.523427963256836,5.771583557128906,0.1124115064740181
9,3,18.40580775141716,0.936127245426178,0.992741584777832,16.078054428100586,1.8108508586883545,0.1311286985874176
9,4,1.7120039768517017,0.9359097480773926,0.9887281656265259,0.05280032381415367,1.1748906373977661,0.09938543289899826
9,5,1.3741881094872952,0.9360710978507996,0.9937010407447815,0.023054558783769608,0.8650457859039307,0.10013333708047867
9,6,1.2750706043094397,0.9371345043182373,0.990387499332428,0.01782396249473095,0.7618492841720581,0.10989295691251755
9,7,1.1270162796601653,0.9368628263473511,0.9864298105239868,0.013824372552335262,0.6161414384841919,0.11239194124937057
9,8,1.1915349150076509,0.9371284246444702,0.9898268580436707,0.012119279243052006,0.6910156011581421,0.10300897806882858
9,9,1.1166859282180668,0.937800943851471,0.9891852140426636,0.011871377937495708,0.5924049019813538,0.12701241672039032
9,10,1.1602427564561366,0.9366023540496826,0.9863809943199158,0.011306587606668472,0.6840205788612366,0.08031892031431198
9,11,0.9943127306178212,0.9366211891174316,0.9868454337120056,0.010058877058327198,0.46525678038597107,0.1343037486076355
9,12,1.099981753155589,0.9366213083267212,0.9855274558067322,0.01028025709092617,0.6026215553283691,0.10265018790960312
9,13,1.2102519169449806,0.9376744031906128,0.9879776835441589,0.00998801738023758,0.7248634696006775,0.0902700126171112
9,14,1.0072201067581772,0.9374428987503052,0.9889626502990723,0.00938809011131525,0.522757887840271,0.08979301899671555
9,15,1.3513244410976768,0.9374076724052429,0.9891547560691833,0.010309389792382717,0.845198929309845,0.11050363630056381
9,16,0.9310533020645381,0.936784565448761,0.989034116268158,0.011016236618161201,0.4504992961883545,0.08437403291463852
9,17,0.7324575265869498,0.9366691708564758,0.9888259172439575,0.010734333656728268,0.2522934675216675,0.08433070778846741
9,18,0.8909317197278143,0.936525285243988,0.9889068603515625,0.010506507940590382,0.36704137921333313,0.12829740345478058
9,19,0.8609829045832158,0.9364137649536133,0.9878195524215698,0.010346148163080215,0.33516925573349,0.1306208372116089
9,20,0.8440748475492001,0.9367051124572754,0.9875490665435791,0.009977918118238449,0.20471304655075073,0.24453304708003998
9,21,0.8552349787205458,0.9368140697479248,0.9883408546447754,0.010035229846835136,0.2758662700653076,0.18430249392986298
9,22,0.8800221374258399,0.9367029070854187,0.9873305559158325,0.009702279232442379,0.29678571224212646,0.1887274533510208
9,23,0.678037011064589,0.9368193745613098,0.9864740967750549,0.010550030507147312,0.13897117972373962,0.14385710656642914
9,24,0.6813056234270334,0.9370574951171875,0.9859851002693176,0.009655097499489784,0.14235523343086243,0.1446867734193802
10,0,30.33133132457733,0.936153769493103,4.596340179443359,20.823095321655273,6.0541605949401855,2.34757661819458
10,1,28.586313605308533,0.936153769493103,3.757234573364258,23.170087814331055,4.375735759735107,0.10181236267089844
10,2,21.388893373310566,0.936153769493103,3.0938515663146973,17.591943740844727,2.905437707901001,0.08551085740327835
10,3,19.176533449441195,0.9359127879142761,2.5518336296081543,17.70383644104004,0.7360291481018066,0.03911857679486275
10,4,1.157038536667824,0.9376220703125,1.771551251411438,0.03161593899130821,0.5258876085281372,0.057700324803590775
10,5,0.7752360474318266,0.9411161541938782,1.5143530368804932,0.021351030096411705,0.2091101109981537,0.05368106812238693
10,6,0.6966377347707748,0.9408731460571289,1.3263331651687622,0.020725823938846588,0.16510044038295746,0.05737020820379257
10,7,1.0463662400841713,0.936482846736908,1.1001243591308594,0.014083847403526306,0.11450456827878952,0.510456383228302
10,8,1.0712446806952358,0.9359990954399109,1.0404326915740967,0.013449217192828655,0.11623682826757431,0.5462722778320312
10,9,1.1834606368094682,0.936339795589447,1.0041812658309937,0.009910205379128456,0.11082946509122849,0.6746167540550232
10,10,1.282320301607251,0.9370115995407104,0.9781051278114319,0.011493617668747902,0.12289764732122421,0.7649056911468506
10,11,1.4213725538924336,0.9368228912353516,0.974953293800354,0.011667710728943348,0.1234709769487381,0.9038786292076111
10,12,1.4112040722742676,0.9366956353187561,0.9752796292304993,0.00989846233278513,0.12797299027442932,0.8909375667572021
11,0,33.107778143882754,0.936153769493103,4.596340179443359,24.709115982055664,5.115417957305908,2.1767454147338867
11,1,17.382313114404678,0.936153769493103,3.7578125,10.337370872497559,5.615945816040039,0.4902031719684601
11,2,15.496022963523865,0.9361751675605774,3.0784859657287598,11.591994285583496,2.4645309448242188,0.6365655064582825
11,3,3.039518505334854,0.9361751675605774,2.5428946018218994,0.9554898142814636,1.0067129135131836,0.38150182366371155
11,4,2.732691152766347,0.9362266063690186,1.7684650421142578,0.019937308505177498,1.8277844190597534,0.34403109550476074
11,5,2.540850093215704,0.9362210035324097,1.5162885189056396,0.01866826042532921,1.8602992296218872,0.17138069868087769
11,6,2.9025516118854284,0.938056230545044,1.3319222927093506,0.01357046328485012,2.2983405590057373,0.1366448849439621
11,7,2.7856049479916694,0.9372777938842773,1.1098166704177856,0.01024791318923235,2.2713265419006348,0.09461160004138947
11,8,3.7820646254345776,0.9372621178627014,1.04883873462677,0.010591353289783001,3.270660400390625,0.10359270125627518
11,9,3.836100018210709,0.9372619986534119,1.0126250982284546,0.009901654906570911,3.2406351566314697,0.19558578729629517
11,10,2.86305104829371,0.9371246695518494,0.9803407192230225,0.011579999700188637,2.2801096439361572,0.18786832690238953
11,11,3.365296792984009,0.9370156526565552,0.9759141206741333,0.010902926325798035,2.833965301513672,0.13784261047840118
12,0,31.217291164398194,0.9358969330787659,0.9802984595298767,22.251808166503906,6.456045150756836,2.1261987686157227
12,1,28.316478031873704,0.9444724321365356,0.9964118003845215,22.73089027404785,4.892280101776123,0.30513080954551697
12,2,24.600796325877308,0.9413595795631409,0.9788002371788025,22.97669792175293,1.2176477909088135,0.02241864986717701
12,3,23.693761413171888,0.9413765668869019,0.9773544073104858,21.47164535522461,1.818912148475647,0.01945771463215351
12,4,2.558856815099716,0.9390372633934021,0.9796913862228394,0.04602320119738579,2.1084585189819336,0.020629364997148514
12,5,2.2360086023807524,0.9376534819602966,0.9797354936599731,0.04575059190392494,1.789749026298523,0.017031189054250717
12,6,1.3277982242405415,0.9366046190261841,0.9817138910293579,0.0451674647629261,0.8812639117240906,0.017703145742416382
12,7,1.048680564761162,0.9374878406524658,0.9843741059303284,0.02982321009039879,0.615586519241333,0.01889844611287117
12,8,1.3101962547749282,0.9383279085159302,0.9849845170974731,0.027974726632237434,0.8793582320213318,0.018200810998678207
12,9,1.0998360399156808,0.9383604526519775,0.9849778413772583,0.027306007221341133,0.6682716608047485,0.01959071308374405
12,10,1.0603140354156495,0.9366312026977539,0.9872897863388062,0.022565212100744247,0.6360271573066711,0.016937468200922012
12,11,1.1710809111595153,0.9364422559738159,0.9858890175819397,0.021784232929348946,0.7433568239212036,0.0214735995978117
12,12,1.1876608584076167,0.936448872089386,0.9854616522789001,0.02325054630637169,0.7619972825050354,0.0180309247225523
12,13,1.1579926650971175,0.9360940456390381,0.9838158488273621,0.02051478810608387,0.7366398572921753,0.016856040805578232
13,0,33.69514901638031,0.936153769493103,4.596340179443359,22.749479293823242,7.601069450378418,2.2381014823913574
13,1,28.711960673332214,0.936153769493103,3.757009267807007,19.30595588684082,6.629698276519775,1.8376739025115967
13,2,24.771622240543365,0.9479114413261414,3.0905258655548096,19.415966033935547,3.1629154682159424,1.385053277015686
13,3,22.728731149435042,0.9481040239334106,2.541520357131958,19.47219467163086,2.170565605163574,0.388045996427536
13,4,2.743360932916403,0.9403651356697083,1.7873022556304932,0.05402063950896263,1.630216121673584,0.5135906934738159
13,5,1.5730629801750182,0.9359006881713867,1.5296461582183838,0.03213244676589966,0.4741314649581909,0.5736896991729736
13,6,1.2874096609652042,0.9365261197090149,1.3374361991882324,0.02398461475968361,0.3071384131908417,0.5014941692352295
13,7,1.1372150467708706,0.936877965927124,1.1100654602050781,0.010166470892727375,0.1483408808708191,0.5693190097808838
13,8,1.1081436481326818,0.9369261264801025,1.0469179153442383,0.01121545396745205,0.17514242231845856,0.5250169634819031
13,9,1.0472399137914181,0.936467170715332,1.0109288692474365,0.009226169437170029,0.15508586168289185,0.4934486746788025
13,10,1.05701099075377,0.9359747767448425,0.9811987280845642,0.010496193543076515,0.1815500557422638,0.4815300405025482
13,11,1.1257101088762282,0.9359742999076843,0.9757065176963806,0.011390313506126404,0.18380996584892273,0.5481736660003662
13,12,0.9538855955004693,0.9359154105186462,0.9748163223266602,0.010413803160190582,0.16544808447360992,0.3958773612976074
13,13,1.0516561180353166,0.9359722137451172,0.97638338804245,0.010304443538188934,0.06716873496770859,0.5917118191719055
13,14,1.0510205006226898,0.9359247088432312,0.9779454469680786,0.011179371736943722,0.06292066723108292,0.5941464304924011
13,15,1.0735396547243,0.9361397624015808,0.9790063500404358,0.011004644446074963,0.1045205220580101,0.5749852657318115
13,16,0.6392689229920506,0.9358956217765808,0.9807685017585754,0.011376087553799152,0.0839075967669487,0.16065241396427155
13,17,0.6277965316548944,0.935941755771637,0.9823228716850281,0.011106875725090504,0.05904986336827278,0.17398686707019806
13,18,0.6488998582586647,0.9359483122825623,0.9827408790588379,0.011138166300952435,0.04984847083687782,0.20417538285255432
13,19,0.6020311923697591,0.9359411001205444,0.9834313988685608,0.01042554248124361,0.042709432542324066,0.16502171754837036
13,20,0.6223880354315043,0.9358785152435303,0.9851990342140198,0.01101827435195446,0.0480966679751873,0.17905758321285248
13,21,0.6191786741837859,0.935878574848175,0.9837384819984436,0.010613705031573772,0.04966228827834129,0.17497926950454712
13,22,0.6028147013857961,0.9358802437782288,0.9818899631500244,0.010575623251497746,0.04326459392905235,0.16542044281959534
13,23,0.6050002466887235,0.935879647731781,0.9819190502166748,0.01211373321712017,0.03427812457084656,0.17504864931106567
13,24,0.5976091833785176,0.9358899593353271,0.9814425706863403,0.010474716313183308,0.03815286606550217,0.16551509499549866
14,0,34.499230933189395,0.936153769493103,4.596340179443359,25.423234939575195,5.735386371612549,2.2341108322143555
14,1,28.4650458753109,0.936153769493103,3.757089614868164,21.318952560424805,5.808429718017578,0.3990149199962616
14,2,22.82698791027069,0.936153769493103,3.0980968475341797,16.927940368652344,4.2630205154418945,0.8291769027709961
14,3,20.078973388671876,0.9568975567817688,2.5514910221099854,16.793874740600586,1.863036870956421,0.7203840613365173
14,4,3.043964571505785,0.9470386505126953,1.784616231918335,0.013352233916521072,2.0860822200775146,0.3981991410255432
14,5,1.9799659846350552,0.9400736689567566,1.5250630378723145,0.01048653107136488,1.1300700902938843,0.3463820219039917
14,6,1.965500138141215,0.9376499652862549,1.3396168947219849,0.009761945344507694,1.0722057819366455,0.4280790388584137
14,7,1.5103059876710176,0.9381057620048523,1.1126656532287598,0.010017575696110725,0.8779354095458984,0.21219871938228607
14,8,1.3755486296489834,0.9366298913955688,1.050456166267395,0.010194768197834492,0.8004388213157654,0.16749782860279083
14,9,0.8524559322744608,0.9365233182907104,1.0114072561264038,0.009577834978699684,0.2551824450492859,0.19810953736305237
14,10,0.732983672246337,0.9368352293968201,0.9798006415367126,0.010922079905867577,0.16465723514556885,0.17407718300819397
14,11,0.7517190368846058,0.9371060729026794,0.9755024313926697,0.009212237782776356,0.18906104564666748,0.17092405259609222
14,12,0.6579501738771797,0.9362648129463196,0.9747933745384216,0.010337180458009243,0.11811513453722,0.14728622138500214
14,13,0.5661450488492846,0.936332643032074,0.9777586460113525,0.009046382270753384,0.053599316626787186,0.12068109214305878
14,14,0.5983599532395601,0.9363235831260681,0.9805282354354858,0.009609730914235115,0.06593705713748932,0.1394428014755249
14,15,0.5914314595982433,0.9360367655754089,0.9817762970924377,0.010097878985106945,0.05647248029708862,0.14129848778247833
14,16,0.5103170078247786,0.9358903169631958,0.9844012260437012,0.010856019333004951,0.04534483328461647,0.07005784660577774
14,17,0.5300942091271281,0.9358899593353271,0.9854925870895386,0.010648484341800213,0.06701947003602982,0.06814974546432495
14,18,0.5128967378288507,0.935913622379303,0.986606240272522,0.010285863652825356,0.053079165518283844,0.06502773612737656
14,19,0.5053121324628591,0.9358829259872437,0.986054003238678,0.011289777234196663,0.05236127972602844,0.05727368965744972
14,20,0.5079317389056087,0.9358876347541809,0.9847937226295471,0.010160326026380062,0.04747911915183067,0.06615602225065231
14,21,0.5329675873741507,0.9359152913093567,0.9844633936882019,0.010260789655148983,0.07041214406490326,0.06821891665458679
14,22,0.5294890724122524,0.9359198808670044,0.9851976037025452,0.010033290833234787,0.06181170791387558,0.07342057675123215
14,23,0.5220981638878583,0.9359278082847595,0.9856237769126892,0.009745175018906593,0.04945750907063484,0.07858516275882721
14,24,0.5033992351964116,0.9358792304992676,0.9853742718696594,0.010393754579126835,0.043416839092969894,0.06533794105052948
15,0,34.25647506713867,0.935932457447052,0.9975270628929138,25.002243041992188,6.646893501281738,2.220646619796753
15,1,26.92292329072952,0.935932457447052,0.9930459260940552,19.75602149963379,5.846127986907959,0.9349781274795532
15,2,25.038613092899322,0.9377049803733826,0.9868655800819397,20.7119140625,3.0860135555267334,0.8557713627815247
15,3,6.228155791759491,0.9376987814903259,0.9893298149108887,2.455373525619507,2.501436471939087,0.8859400749206543
15,4,1.8639496279880405,0.9359239339828491,0.9838774800300598,0.013419504277408123,0.7604115605354309,0.7061582803726196
15,5,1.1970702392980457,0.9358789324760437,0.9800103902816772,0.011913727037608624,0.3613993525505066,0.44057929515838623
15,6,1.0840241961181163,0.9359673857688904,0.978662371635437,0.010345753282308578,0.24636729061603546,0.44438520073890686
15,7,0.8574884882196785,0.9359879493713379,0.9792999029159546,0.012528776191174984,0.20845943689346313,0.2534427046775818
15,8,0.8608619706705213,0.9360994696617126,0.9810935854911804,0.013069425709545612,0.23284924030303955,0.23150469362735748
15,9,0.8042561674490571,0.9360371828079224,0.9813374876976013,0.012959831394255161,0.24361343681812286,0.16420796513557434
15,10,0.9220117380842567,0.9360558390617371,0.980339765548706,0.010722293518483639,0.31219610571861267,0.21581421792507172
15,11,0.9110223755240441,0.9360470771789551,0.9804302453994751,0.010773710906505585,0.324801504611969,0.19215169548988342
15,12,0.8940832540392876,0.9360079169273376,0.9811504483222961,0.012014053761959076,0.28448033332824707,0.21415719389915466
15,13,0.7604133669286967,0.9360129237174988,0.9828234314918518,0.01414184458553791,0.07640630751848221,0.2860979437828064
15,14,0.8034968379884958,0.9361952543258667,0.9829931259155273,0.01463598944246769,0.06328476965427399,0.34173840284347534
15,15,0.8101002199575305,0.936233401298523,0.9833589792251587,0.014153449796140194,0.03413466736674309,0.3778936266899109
15,16,0.48855849225074055,0.9365865588188171,0.9823335409164429,0.0142518924549222,0.04117504879832268,0.04934753105044365
16,0,36.2488373041153,0.936153769493103,4.596340179443359,24.86587142944336,7.395986557006836,2.8804805278778076
16,1,30.056804054975508,0.936153769493103,3.757495164871216,22.058443069458008,6.707744121551514,0.3518870770931244
16,2,29.118416726589203,0.9396995902061462,3.0863900184631348,21.639930725097656,6.3437395095825195,0.3295285701751709
16,3,16.05577011704445,0.9397035241127014,2.547461986541748,13.701685905456543,1.3423281908035278,0.31432291865348816
16,4,2.4420822029933333,0.9373360872268677,1.7690867185592651,0.011248393915593624,1.8484392166137695,0.04111003130674362
16,5,2.310616167075932,0.9360490441322327,1.50740647315979,0.011098281480371952,1.7732751369476318,0.0375516451895237
16,6,2.1433519989252092,0.9361679553985596,1.319074273109436,0.012834163382649422,1.6500917673110962,0.02937762252986431
16,7,0.7709491737186909,0.9361382126808167,1.0962421894073486,0.011945191770792007,0.3013613224029541,0.05116657912731171
16,8,0.7605126785114408,0.9363564848899841,1.0395981073379517,0.01317469123750925,0.3132059872150421,0.03894108161330223
16,9,0.9700018605217338,0.9363476634025574,1.0051225423812866,0.012038706801831722,0.5262576341629028,0.04341147840023041
16,10,0.7721942758187652,0.9360394477844238,0.977825403213501,0.009505814872682095,0.3382613956928253,0.04165409505367279
16,11,0.8498825799673796,0.9360746145248413,0.9748927354812622,0.009647471830248833,0.4210802912712097,0.03696134686470032
16,12,0.8655526284128428,0.936246931552887,0.9757013916969299,0.010865865275263786,0.4197758138179779,0.05252128466963768
16,13,0.8709725581109524,0.9363265633583069,0.9804559350013733,0.01031326875090599,0.3280433416366577,0.14925944805145264
16,14,0.8149452149868012,0.9363266825675964,0.9828485250473022,0.009587287902832031,0.2991328537464142,0.1223900318145752
17,0,31.65973563194275,0.936153769493103,4.596340179443359,22.169910430908203,6.851856708526611,1.531469702720642
17,1,30.64189486503601,0.936153769493103,3.7574970722198486,20.747482299804688,8.806873321533203,0.14880907535552979
17,2,31.276813948154448,0.9371224045753479,3.08522891998291,20.49599838256836,8.459173202514648,1.51717209815979
17,3,23.71404938697815,0.9358783960342407,2.5449633598327637,19.327716827392578,3.398557424545288,0.2916067838668823
17,4,2.896575412154198,0.9361019730567932,1.7804228067398071,0.034743085503578186,2.010047197341919,0.3084801733493805
17,5,1.1417069766670465,0.9358853101730347,1.5211750268936157,0.02362353540956974,0.25067248940467834,0.3759988844394684
17,6,1.1933359835296868,0.9359579086303711,1.338850498199463,0.015814805403351784,0.2407389134168625,0.48182058334350586
17,7,0.8670640328899026,0.9358984231948853,1.1136552095413208,0.011978686787188053,0.1833297461271286,0.2618448734283447
17,8,0.8619558082893491,0.935884952545166,1.0498089790344238,0.011680235154926777,0.15120254456996918,0.30193424224853516
17,9,0.8581789346411824,0.9359007477760315,1.0114471912384033,0.010837611742317677,0.18788427114486694,0.26998746395111084
17,10,0.7826176038011908,0.9359878301620483,0.9797965288162231,0.012100010178983212,0.1640680432319641,0.22329267859458923
17,11,0.7764483584091068,0.9359871745109558,0.9757913947105408,0.013216580264270306,0.14554086327552795,0.23533520102500916
17,12,0.7533795958384871,0.9361310601234436,0.9747928380966187,0.011630571447312832,0.14381414651870728,0.2157500982284546
17,13,0.8272914968430997,0.9362341165542603,0.9767174124717712,0.012430410832166672,0.1979333758354187,0.23433740437030792
17,14,0.7423128550872207,0.9362088441848755,0.9775997400283813,0.010617843829095364,0.14410175383090973,0.2048315405845642
17,15,0.7781864967197181,0.9360883831977844,0.9785789847373962,0.010974889621138573,0.15606297552585602,0.22821515798568726
17,16,0.7609972229227424,0.9362524747848511,0.9799602031707764,0.011498107574880123,0.1379937380552292,0.22826284170150757
17,17,0.7393597157672047,0.9363155364990234,0.9802745580673218,0.012568843550980091,0.1476239562034607,0.19584889709949493
17,18,0.8951399352401495,0.9362562298774719,0.9801511764526367,0.012006228789687157,0.19062449038028717,0.30922773480415344
17,19,0.8510089222341777,0.9363504648208618,0.9818249344825745,0.01169944740831852,0.19137133657932281,0.264303058385849
17,20,0.8168666446581483,0.9365113973617554,0.981827437877655,0.012438409961760044,0.19681158661842346,0.2239488810300827
17,21,0.8179541984573007,0.936510443687439,0.9821413159370422,0.010977239347994328,0.1760157346725464,0.2472308725118637
17,22,0.80335808750242,0.9365176558494568,0.9786626696586609,0.012031427584588528,0.15805944800376892,0.25023114681243896
17,23,0.8129815205931663,0.9365016222000122,0.9799299240112305,0.011343874037265778,0.16055522859096527,0.25779610872268677
18,0,31.369841980934144,0.9363874793052673,0.9855532050132751,21.306833267211914,6.486752986907959,3.1918675899505615
18,1,25.766790318489075,0.9367750883102417,0.9828997254371643,20.679418563842773,4.478760242462158,0.22467654943466187
18,2,21.217812031507492,0.9367687106132507,0.9926297664642334,18.474679946899414,2.0785090923309326,0.27874329686164856
18,3,15.265734511613847,0.936768651008606,0.9884747266769409,12.712224960327148,1.869733452796936,0.298727422952652
18,4,3.836743610352278,0.9362386465072632,0.9886458516120911,0.05106921121478081,2.9988439083099365,0.4018535912036896
18,5,2.012111180275679,0.9359473586082458,0.9935715794563293,0.03490627929568291,1.1981134414672852,0.39318767189979553
18,6,1.1832174152135848,0.9359732270240784,0.9950555562973022,0.0357062965631485,0.3748314678668976,0.3864738941192627
18,7,1.2482271794229747,0.935922384262085,0.9938571453094482,0.0287508312612772,0.4282677471637726,0.40525269508361816
18,8,1.1918891221284866,0.9358852505683899,0.9949842691421509,0.031285181641578674,0.40309539437294006,0.37133464217185974
18,9,1.4803901752457023,0.9358848929405212,0.991515040397644,0.011192365549504757,0.6893796324729919,0.3943381905555725
18,10,1.0562739027664065,0.9361677169799805,0.988945484161377,0.010627265088260174,0.4160654842853546,0.24455851316452026
18,11,1.034854264743626,0.9359768033027649,0.9866464734077454,0.01014700997620821,0.4109448492527008,0.22923775017261505
18,12,0.8782297352328896,0.9359397292137146,0.9871535301208496,0.010703862644731998,0.24436278641223907,0.23854443430900574
18,13,0.9829494759440423,0.9359024167060852,0.9852482080459595,0.00986885279417038,0.22885239124298096,0.35999810695648193
18,14,0.8762067956849933,0.9358844757080078,0.9852831959724426,0.011251489631831646,0.20972150564193726,0.2710002660751343
18,15,0.9187271010130644,0.935884952545166,0.9854993224143982,0.010283408686518669,0.22356997430324554,0.30059686303138733
18,16,0.7940396293997765,0.9359003901481628,0.9847853779792786,0.010323785245418549,0.14104455709457397,0.25853413343429565
18,17,0.7895192433148622,0.9358816146850586,0.9852281212806702,0.010187091305851936,0.13897179067134857,0.256138414144516
18,18,0.7407405119389296,0.9358833432197571,0.9837526679039001,0.010744577273726463,0.07983391731977463,0.266234815120697
18,19,0.6161414004862309,0.9358784556388855,0.9833767414093018,0.009423930197954178,0.06514011323451996,0.15772631764411926
18,20,0.5907651359215379,0.9358786344528198,0.9841274619102478,0.00971852708607912,0.060486335307359695,0.13655905425548553
18,21,0.5752632848918439,0.9359540939331055,0.9835771918296814,0.009957466274499893,0.05500786751508713,0.1263916939496994
18,22,0.578516585752368,0.9359888434410095,0.9829826951026917,0.011407854035496712,0.03649323806166649,0.14682118594646454
18,23,0.5967376751825213,0.9359869956970215,0.9821298718452454,0.009730580262839794,0.06685364991426468,0.1365300714969635
18,24,0.5944218350574375,0.9359771609306335,0.9826574921607971,0.010949698276817799,0.026734886690974236,0.17301031947135925
19,0,30.133618426322936,0.936153769493103,4.596340179443359,21.475994110107422,5.561756610870361,1.9893689155578613
19,1,25.109372198581696,0.936153769493103,3.757946252822876,17.025894165039062,6.884357929229736,0.2603000998497009
19,2,22.765502098202706,0.936153769493103,3.073558807373047,15.388753890991211,6.421682357788086,0.15312333405017853
19,3,21.613595816493035,0.9373985528945923,2.536804437637329,14.302960395812988,6.555901527404785,0.05989329516887665
19,4,1.9007708452641965,0.9362415671348572,1.7632529735565186,0.05192524567246437,1.2319562435150146,0.07699044793844223
19,5,2.14860719665885,0.9359878897666931,1.5062488317489624,0.031884629279375076,1.564240574836731,0.06403464823961258
19,6,0.7116024553775788,0.9367707371711731,1.3228200674057007,0.017201252281665802,0.17568470537662506,0.06679833680391312
19,7,0.6297914426773786,0.9376155138015747,1.1012423038482666,0.011069083586335182,0.16613103449344635,0.04481976106762886
19,8,0.6080718088895083,0.9375871419906616,1.0415400266647339,0.010179715231060982,0.14948582649230957,0.052580833435058594
19,9,0.6284280749037863,0.9375872611999512,1.0072931051254272,0.010016714222729206,0.15866611897945404,0.07076916843652725
19,10,0.6241136375814677,0.9379468560218811,0.9779411554336548,0.011233331635594368,0.1407444179058075,0.08895828574895859
19,11,0.5928873529657722,0.937903642654419,0.9751730561256409,0.011642883531749249,0.14829528331756592,0.05033384636044502
19,12,0.5380225067958236,0.9369038939476013,0.974912166595459,0.010777569375932217,0.09677063673734665,0.04811108857393265
19,13,0.5467270087450743,0.936594545841217,0.9781597852706909,0.00955057330429554,0.10388687998056412,0.05033868923783302
19,14,0.5505914941430092,0.9370551705360413,0.9793619513511658,0.010374613106250763,0.08626226335763931,0.0706711933016777
19,15,0.5280436422675848,0.9368283748626709,0.9801048040390015,0.010472709313035011,0.08588463813066483,0.04829965904355049
19,16,0.5444297268986702,0.9368921518325806,0.9810309410095215,0.010089680552482605,0.08608190715312958,0.0646735206246376
19,17,0.5361800188198687,0.9368334412574768,0.9834215641021729,0.011608661152422428,0.07166294753551483,0.06885740906000137
19,18,0.5111469868570566,0.9367988705635071,0.9837563633918762,0.008782761171460152,0.055067986249923706,0.0631851926445961
19,19,0.4952171862125397,0.9367223381996155,0.9831433296203613,0.00961141288280487,0.053343843668699265,0.048288796097040176
20,0,31.29415090084076,0.936153769493103,4.596340179443359,20.929279327392578,5.850083827972412,3.4082889556884766
20,1,15.763615661859513,0.936153769493103,3.75852632522583,8.465816497802734,5.981462478637695,0.377400666475296
20,2,12.431734019517899,0.9358800053596497,3.082425355911255,8.669670104980469,2.6843526363372803,0.27405020594596863
20,3,9.870771330595016,0.9368218779563904,2.5243489742279053,8.10058879852295,0.7208847403526306,0.3570636212825775
20,4,1.7583688072860242,0.9362813234329224,1.7501177787780762,0.03341193124651909,0.857509434223175,0.33016762137413025
20,5,1.5741791632026434,0.9359116554260254,1.496055006980896,0.022776147350668907,0.7901401519775391,0.27486953139305115
20,6,1.5492771286517382,0.9359158873558044,1.3119961023330688,0.017677756026387215,0.776043713092804,0.30597326159477234
20,7,1.3044939883053304,0.935997486114502,1.0941616296768188,0.013111073523759842,0.575343668460846,0.3100074231624603
20,8,1.0827288050204515,0.9363955855369568,1.0383816957473755,0.011905880644917488,0.3562431037425995,0.3196243643760681
20,9,1.0125770723447203,0.9363726377487183,1.0067353248596191,0.012198529206216335,0.3388955891132355,0.2728613615036011
20,10,0.9177153732627631,0.9358998537063599,0.9782080054283142,0.011611586436629295,0.22015659511089325,0.30312561988830566
20,11,0.955039900355041,0.9359044432640076,0.9752119183540344,0.01159608643501997,0.21457944810390472,0.34664109349250793
20,12,0.930307086929679,0.9359045028686523,0.9748897552490234,0.011589011177420616,0.1997498869895935,0.33680933713912964
20,13,0.9242787869647145,0.9362401366233826,0.9784209132194519,0.011122223921120167,0.17003482580184937,0.3601895272731781
20,14,0.8325574096292258,0.9360257387161255,0.9808728694915771,0.01133272610604763,0.16777673363685608,0.2700682282447815
20,15,0.7866154499351978,0.9360228776931763,0.9825356006622314,0.011199016124010086,0.15839269757270813,0.23331204056739807
20,16,0.5861620048061014,0.9358887076377869,0.9839848875999451,0.009465624578297138,0.14461259543895721,0.04810906574130058
20,17,0.5293064076453448,0.9358790516853333,0.9853239059448242,0.011042481288313866,0.08669476211071014,0.04732857272028923
20,18,0.5067500872537494,0.9358794689178467,0.9860067367553711,0.011325965635478497,0.0680403783917427,0.04300650209188461
20,19,0.5045587411150336,0.9358800649642944,0.9882180690765381,0.011178764514625072,0.06366428732872009,0.04489606246352196
20,20,0.5092929627746344,0.9358845353126526,0.9880375266075134,0.010653199627995491,0.07033626735210419,0.04351908341050148
20,21,0.49697667043656113,0.9358960390090942,0.986203670501709,0.010657708160579205,0.06657296419143677,0.03532605618238449
21,0,31.381414008140563,0.9358972311019897,0.9788773059844971,21.516551971435547,5.990769386291504,3.491137742996216
21,1,26.812604475021363,0.9358972311019897,0.9876241683959961,20.140403747558594,5.673429012298584,0.6140674352645874
21,2,20.609085327386858,0.9358972311019897,0.9757222533226013,15.379365921020508,4.726191520690918,0.12120398879051208
21,3,22.42347796559334,0.9358972311019897,0.9751396775245667,17.438339233398438,4.457186698913574,0.14574465155601501
21,4,3.047280230745673,0.9365664124488831,0.9858666062355042,0.015648474916815758,2.2962229251861572,0.35092222690582275
21,5,3.1053322050720453,0.9366806149482727,0.9847767353057861,0.014208147302269936,2.3497300148010254,0.35710257291793823
21,6,3.3425567597150803,0.9367194175720215,0.9839475750923157,0.011697158217430115,2.499251365661621,0.4474748373031616
21,7,3.488146443851292,0.9359953999519348,0.9801660776138306,0.009576846845448017,2.727811574935913,0.36752572655677795
21,8,2.8001641657203438,0.936187744140625,0.9797595143318176,0.01136901043355465,2.2016732692718506,0.20393243432044983
21,9,2.867142838053405,0.9362379312515259,0.9817824363708496,0.009800943545997143,2.340205430984497,0.13353238999843597
21,10,2.6463598811998965,0.9361360669136047,0.9844916462898254,0.010857791639864445,2.16908597946167,0.08229056745767593
21,11,0.7428349144756794,0.9365381002426147,0.9839256405830383,0.010302681475877762,0.2955627143383026,0.05287677049636841
21,12,0.6493297012522816,0.9363243579864502,0.9831514954566956,0.009444464929401875,0.19483715295791626,0.06115291267633438
21,13,0.6697553796693683,0.9358822107315063,0.9822250604629517,0.010965577326714993,0.2244836539030075,0.050684694200754166
21,14,0.6424029398709536,0.9358792901039124,0.9822508096694946,0.011512821540236473,0.20491915941238403,0.04234493896365166
21,15,0.6187989704310894,0.9358953237533569,0.9829453229904175,0.011838652193546295,0.18242910504341125,0.04076308384537697
21,16,0.6144824553281069,0.9359109401702881,0.9820743203163147,0.010206075385212898,0.18121905624866486,0.03946027159690857
21,17,0.7930756531655788,0.9358816146850586,0.9826672077178955,0.010456006973981857,0.15852627158164978,0.24038361012935638
21,18,0.5681291205808521,0.9358789324760437,0.9826091527938843,0.009332704357802868,0.1435127854347229,0.03158601373434067
21,19,0.5439498512074352,0.9358937740325928,0.9823436141014099,0.012207887135446072,0.10565990209579468,0.042434584349393845
21,20,0.5168470369651914,0.935878336429596,0.9820634722709656,0.011182601563632488,0.0985233262181282,0.023552747443318367
21,21,0.5642426028847695,0.9358891844749451,0.9819058775901794,0.011457882821559906,0.12948381900787354,0.039741888642311096
21,22,0.5415107540786266,0.9358956217765808,0.9825770854949951,0.01100923866033554,0.10082408785820007,0.04598288610577583
21,23,0.5624468376860023,0.9358986616134644,0.9830560684204102,0.011859762482345104,0.11665620654821396,0.05013992264866829
21,24,0.5490222323685885,0.9358986020088196,0.9834495782852173,0.011834332719445229,0.1019594818353653,0.05135878175497055
22,0,33.482656073570254,0.936153769493103,4.596340179443359,23.568721771240234,5.914157390594482,2.893278121948242
22,1,24.074162423610687,0.936153769493103,3.759181261062622,16.79735565185547,5.650822162628174,0.6869176030158997
22,2,23.036147141456603,0.9372555613517761,3.063825845718384,18.891517639160156,2.779784679412842,0.564628541469574
22,3,22.50409437417984,0.9377254843711853,2.50272798538208,18.465137481689453,2.652848243713379,0.698017954826355
22,4,2.8557001505047084,0.9361668825149536,1.728593349456787,0.024370649829506874,1.5245155096054077,0.7738619446754456
22,5,2.1106624893844126,0.9361042380332947,1.4727953672409058,0.057346146553754807,0.73954838514328,0.8319880366325378
22,6,1.5872594609856607,0.9360154867172241,1.292140007019043,0.0466558113694191,0.5524325966835022,0.5425399541854858
22,7,1.6746921323239803,0.9358811974525452,1.0790044069290161,0.017403867095708847,0.6792265772819519,0.5750845670700073
22,8,1.639592768996954,0.9358835220336914,1.024594783782959,0.017052318900823593,0.7015150785446167,0.5289297103881836
22,9,1.4086860314011573,0.9358945488929749,0.9955463409423828,0.01886860281229019,0.28292882442474365,0.720600426197052
22,10,0.764477645792067,0.935977578163147,0.9765594005584717,0.014047750271856785,0.23669862747192383,0.1312238723039627
22,11,0.6360591884702445,0.9360401034355164,0.9748108386993408,0.013297965750098228,0.12974222004413605,0.1108488142490387
22,12,0.6080211343243718,0.9360793232917786,0.9757230281829834,0.014258173294365406,0.11235450953245163,0.09904798120260239
22,13,0.5992148822173476,0.9366033673286438,0.9807023406028748,0.011470763944089413,0.11952771991491318,0.08475525677204132
22,14,0.5555696830153465,0.9366408586502075,0.9842053055763245,0.01218724250793457,0.09286155551671982,0.06635165214538574
22,15,0.560933399386704,0.9370869398117065,0.984989583492279,0.010819961316883564,0.08986697345972061,0.07583115994930267
22,16,0.5212389217689634,0.9364050030708313,0.9860740900039673,0.011971191503107548,0.0657539814710617,0.059017930179834366
22,17,0.5153982400894165,0.9363937377929688,0.9844439029693604,0.012020755559206009,0.056205231696367264,0.06300472468137741
22,18,0.5200856134295464,0.9364496469497681,0.9840247631072998,0.012522965669631958,0.06338013708591461,0.06008762866258621
22,19,0.5065910261124373,0.9364038109779358,0.98417067527771,0.011555345728993416,0.047353994101285934,0.06356678903102875
22,20,0.48781884703785183,0.9362221956253052,0.9847721457481384,0.011440939269959927,0.03060600347816944,0.06157303601503372
23,0,31.151929926872253,0.936153769493103,4.596340179443359,21.427684783935547,6.392754077911377,2.224992275238037
23,1,18.452282702922822,0.936153769493103,3.758409261703491,10.781892776489258,6.303587436676025,0.427889883518219
23,2,13.363040938973427,0.9384454488754272,3.0812888145446777,10.380278587341309,1.9737787246704102,0.20503677427768707
23,3,13.57710674777627,0.9387199878692627,2.530061721801758,11.328534126281738,1.5089945793151855,0.04582170024514198
23,4,4.281738740205765,0.9378180503845215,1.7408430576324463,0.019261036068201065,3.6770923137664795,0.04965316876769066
23,5,4.324430429376662,0.9378228187561035,1.482491135597229,0.01514087338000536,3.780533790588379,0.04469297453761101
23,6,4.075724603794515,0.9385217428207397,1.304962158203125,0.01481234934180975,3.562300205230713,0.04991526901721954
23,7,3.7176468651741743,0.9409394264221191,1.0850868225097656,0.01222315989434719,3.2389566898345947,0.06126176565885544
23,8,4.559025854803622,0.9391798377037048,1.0297460556030273,0.011725069023668766,4.08589506149292,0.06762054562568665
23,9,1.8566362146288156,0.93861985206604,0.9980993866920471,0.010460363700985909,1.4049540758132935,0.053877927362918854
23,10,1.0730259830132127,0.9382812976837158,0.9759584665298462,0.010189014486968517,0.6542391180992126,0.025749897584319115
23,11,1.0681115796789526,0.938380241394043,0.9748117923736572,0.010888143442571163,0.653850257396698,0.020734772086143494
23,12,1.0411011641845107,0.9383818507194519,0.9757518768310547,0.01123883668333292,0.6195824146270752,0.027453167364001274
23,13,1.0487387327477335,0.9390168190002441,0.9810488224029541,0.012147334404289722,0.6288729310035706,0.023705339059233665
23,14,0.96282829772681,0.9378563165664673,0.983511745929718,0.009177490137517452,0.5426099896430969,0.026767205446958542
23,15,0.9604029705747962,0.9381604194641113,0.9829949140548706,0.010975970886647701,0.5336370468139648,0.03155888617038727
23,16,0.9046633649617434,0.9373568892478943,0.9852059483528137,0.010295957326889038,0.48109549283981323,0.028759347274899483
23,17,0.8884138105437159,0.9372918605804443,0.9870812296867371,0.010542669333517551,0.4628775119781494,0.03011901117861271
23,18,0.9049404840916395,0.9372233152389526,0.9845177531242371,0.011244842782616615,0.48016083240509033,0.029186595231294632
23,19,0.824711474776268,0.9370186924934387,0.9843065738677979,0.010158289223909378,0.39248284697532654,0.037805285304784775
23,20,0.9552502663806082,0.9370336532592773,0.984735906124115,0.009995800442993641,0.4928402006626129,0.06806035339832306
23,21,0.8890995923429728,0.9372762441635132,0.9852745532989502,0.00938127376139164,0.4326723515987396,0.06253580749034882
23,22,0.5824555670842528,0.9382359981536865,0.9840549230575562,0.01098384615033865,0.16241644322872162,0.02459709346294403
23,23,0.56296097766608,0.9381589293479919,0.9847909212112427,0.010525711812078953,0.15095223486423492,0.016893060877919197
23,24,0.5501954052597284,0.9378219246864319,0.9831132888793945,0.010245410725474358,0.13747769594192505,0.018285255879163742
24,0,33.1030434012413,0.9382990002632141,0.9818227291107178,24.657302856445312,6.901185989379883,1.1605302095413208
24,1,28.6289453715086,0.9382990002632141,0.9748204350471497,23.019216537475586,5.159125804901123,0.06797914206981659
24,2,16.00234596133232,0.9382990002632141,0.9778330326080322,11.830077171325684,3.4580776691436768,0.33096471428871155
24,3,15.520507490634918,0.958530604839325,0.978111207485199,11.88743782043457,2.8184022903442383,0.42733901739120483
24,4,1.8409805558621883,0.93979811668396,0.975879967212677,0.015076186507940292,1.2982823848724365,0.14448636770248413
24,5,1.4834979463368654,0.9429875612258911,0.97586989402771,0.014245914295315742,0.9301485419273376,0.15533199906349182
24,6,1.2791988572105766,0.9413332939147949,0.977770209312439,0.010561957024037838,0.734581470489502,0.15023472905158997
24,7,0.9826996803283692,0.9427076578140259,0.9761592149734497,0.010954707860946655,0.4297022521495819,0.15826934576034546
24,8,0.9178159348666668,0.9435583353042603,0.9767921566963196,0.010027308017015457,0.40018194913864136,0.12353657931089401
24,9,0.865483139641583,0.943518877029419,0.9782236814498901,0.012009267695248127,0.3239503502845764,0.1451750099658966
24,10,0.8638149902224541,0.943972647190094,0.977477490901947,0.010291807353496552,0.32899755239486694,0.14023560285568237
24,11,0.7336137365549803,0.9428930282592773,0.97889643907547,0.009723229333758354,0.12845000624656677,0.2110826075077057
24,12,0.690502049587667,0.9422076940536499,0.9809012413024902,0.009637734852731228,0.11583433300256729,0.18040819466114044
24,13,0.6892518308013678,0.9423645734786987,0.9836605787277222,0.009511386975646019,0.12117424607276917,0.1733611673116684
24,14,0.7869617136195303,0.9423094391822815,0.9834615588188171,0.011369687505066395,0.14295420050621033,0.24748362600803375
24,15,0.7207552624866367,0.9433515667915344,0.9829748272895813,0.009750309400260448,0.10331673175096512,0.22242294251918793
24,16,0.7874818343669177,0.9426711201667786,0.9821252226829529,0.011302830651402473,0.1355607509613037,0.25565898418426514
24,17,0.719121296145022,0.9421699047088623,0.9821570515632629,0.009396062232553959,0.09561654925346375,0.22924329340457916
24,18,0.6665933210402728,0.9413325190544128,0.981746256351471,0.010136598721146584,0.10303115099668503,0.16880981624126434
24,19,0.6233530066907407,0.9410584568977356,0.9819774031639099,0.011210564523935318,0.09409432858228683,0.13344094157218933
24,20,0.7698606936261058,0.9403717517852783,0.9817590117454529,0.009975860826671124,0.09736984223127365,0.27808883786201477
24,21,0.6448422828689218,0.9405927062034607,0.9816234111785889,0.010469810105860233,0.09496837854385376,0.15496087074279785
24,22,0.5504126058891416,0.9406231045722961,0.9809077382087708,0.009855789132416248,0.07152771949768066,0.08472292870283127
24,23,0.564417539536953,0.9406179189682007,0.980344295501709,0.011523254215717316,0.08908858895301819,0.07961325347423553
24,24,0.5373857401311398,0.9401495456695557,0.980387270450592,0.011020872741937637,0.07447383552789688,0.0677836686372757
25,0,31.796519112586974,0.936153769493103,4.596340179443359,22.08806800842285,5.668951988220215,2.933000326156616
25,1,28.370324265956878,0.936153769493103,3.7593836784362793,22.859447479248047,3.9505136013031006,0.6212556958198547
25,2,24.480547028779984,0.9369216561317444,3.0642504692077637,21.871671676635742,1.7614927291870117,0.047148197889328
25,3,20.004830149561165,0.9369220733642578,2.499152898788452,17.27630615234375,1.9905509948730469,0.050758007913827896
25,4,1.528581362962723,0.9373955130577087,1.7152317762374878,0.04926961660385132,0.9111292958259583,0.0376569926738739
25,5,1.3109256215393543,0.9372203350067139,1.4683140516281128,0.033011678606271744,0.6750908493995667,0.1217162162065506
25,6,1.222488558292389,0.9365711212158203,1.288354516029358,0.02576538175344467,0.6381148099899292,0.1136232390999794
25,7,0.7481487479060889,0.9369177222251892,1.0823850631713867,0.02815607748925686,0.19529040157794952,0.12084171175956726
25,8,0.8361305311322212,0.9363629817962646,1.0294954776763916,0.027331478893756866,0.2747083604335785,0.14091899991035461
25,9,0.8994350306689739,0.9363778233528137,1.001427173614502,0.012020569294691086,0.22003397345542908,0.2798194885253906
25,10,1.0900413203984498,0.936872124671936,0.9774369597434998,0.012372510507702827,0.28496330976486206,0.40984368324279785
25,11,0.8991725841537118,0.937234103679657,0.9750779271125793,0.012276859022676945,0.21187876164913177,0.2925545573234558
25,12,0.926569995470345,0.9371756315231323,0.9749127626419067,0.012326774187386036,0.30517148971557617,0.226654052734375
25,13,0.8744587451219559,0.9370981454849243,0.9775896072387695,0.013529345393180847,0.3039386570453644,0.17405319213867188
26,0,34.47926576137543,0.936153769493103,4.596340179443359,25.168163299560547,6.622391223907471,1.5822124481201172
26,1,25.175067082047462,0.936153769493103,3.7585935592651367,18.654781341552734,5.4240498542785645,0.15728642046451569
26,2,18.51081810593605,0.936153769493103,3.0755062103271484,14.959417343139648,2.673214912414551,0.0758538544178009
26,3,14.870513971149922,0.9358865022659302,2.5237324237823486,12.62334156036377,1.4731929302215576,0.08205569535493851
26,4,0.9207674380391837,0.9358794093132019,1.7521418333053589,0.07811575382947922,0.27855926752090454,0.0264881681650877
26,5,0.8818931937217713,0.9359137415885925,1.497390627861023,0.022445637732744217,0.3439037799835205,0.02888290211558342
26,6,0.8124231163412333,0.9360584020614624,1.3163985013961792,0.011082028970122337,0.3057388961315155,0.04511081054806709
26,7,0.8172416316345334,0.9358824491500854,1.0950149297714233,0.01416113693267107,0.3676806092262268,0.02922040969133377
26,8,0.7495093619450928,0.9359695911407471,1.0360827445983887,0.014033393003046513,0.31439363956451416,0.026671862229704857
26,9,0.5732429478317499,0.9369513392448425,1.0052584409713745,0.01529504545032978,0.1441802978515625,0.025325648486614227
26,10,0.5210016041994094,0.9361198544502258,0.9781396985054016,0.012301238253712654,0.10243392735719681,0.023414527997374535
26,11,0.4969641175121069,0.9359485507011414,0.9752803444862366,0.012463251128792763,0.0733180120587349,0.028937075287103653
27,0,31.3946732878685,0.936089038848877,0.9898428320884705,22.103084564208984,6.269632339477539,2.636770009994507
27,1,27.485043787956236,0.936089038848877,0.9775453209877014,21.40802764892578,5.082405090332031,0.6118841767311096
27,2,7.154993450641632,0.936089038848877,0.976911187171936,0.4568621516227722,4.858046531677246,1.4574847221374512
27,3,6.900674134492874,0.936089038848877,0.9773789048194885,0.23187515139579773,4.422985553741455,1.8631198406219482
27,4,1.3926622819155454,0.9361487627029419,0.9752780795097351,0.017075462266802788,0.6585644483566284,0.33473700284957886
27,5,1.5292469937354327,0.9361602067947388,0.9749493598937988,0.018358709290623665,0.6323846578598022,0.4962817132472992
27,6,1.7669219801202418,0.9361602067947388,0.9761186838150024,0.014955938793718815,0.9294463396072388,0.4400639235973358
27,7,1.7612878762185573,0.9370543360710144,0.9780241847038269,0.011674877256155014,0.8577216267585754,0.5088756680488586
27,8,1.5506574532017112,0.9371241331100464,0.9797418117523193,0.012491150759160519,0.7718403935432434,0.3829527199268341
27,9,1.5722213167697192,0.936448872089386,0.9804491996765137,0.012544842436909676,0.7805774211883545,0.395719438791275
27,10,1.3656949890777468,0.9362996220588684,0.9789518117904663,0.011800969950854778,0.6922093033790588,0.2786344289779663
27,11,0.9230592830106616,0.935909628868103,0.979400634765625,0.013072456233203411,0.21921519935131073,0.30770957469940186
27,12,0.8415775245055557,0.9359138011932373,0.9807977676391602,0.013893640600144863,0.15988996624946594,0.28445160388946533
27,13,0.7806022830307484,0.9359179139137268,0.9821082353591919,0.012601081281900406,0.15749549865722656,0.22690047323703766
27,14,0.5441411698237062,0.9360960125923157,0.9821134209632874,0.011718382127583027,0.11462314426898956,0.034157756716012955
27,15,0.5731002869084478,0.9360809326171875,0.9821990728378296,0.011199661530554295,0.14139539003372192,0.036849234253168106
27,16,0.5630167866125703,0.9359192848205566,0.983802855014801,0.011432022787630558,0.13310974836349487,0.03453058749437332
27,17,0.5742888862267137,0.9359261989593506,0.9828917980194092,0.011733182705938816,0.13197901844978333,0.04681308567523956
27,18,0.8110906006768346,0.9359261989593506,0.9843357801437378,0.009515953250229359,0.371477872133255,0.046044379472732544
27,19,0.6386648396030068,0.9359105229377747,0.9839411377906799,0.009590146131813526,0.20094166696071625,0.04416269436478615
27,20,0.6293698953464628,0.9359102845191956,0.9839757680892944,0.010789965279400349,0.19228729605674744,0.04231542348861694
28,0,31.40537221431732,0.936153769493103,4.596340179443359,23.25284767150879,5.318241596221924,1.7277841567993164
28,1,21.763906524330377,0.936153769493103,3.7574238777160645,16.530004501342773,4.2711310386657715,0.02405545487999916
28,2,4.307757748663425,0.936153769493103,3.0961062908172607,0.24197342991828918,3.1691970825195312,0.09013522416353226
28,3,2.0014691799879074,0.9383322596549988,2.547604560852051,0.2506873905658722,0.8755319714546204,0.17806245386600494
28,4,1.7894902061671019,0.9365627765655518,1.7795112133026123,0.0167864840477705,1.0423862934112549,0.18710263073444366
28,5,1.8189551014453174,0.9360165596008301,1.518031120300293,0.015844615176320076,1.169520616531372,0.1427803337574005
28,6,0.9718655660748482,0.935883641242981,1.3241922855377197,0.020249374210834503,0.3538243770599365,0.145776629447937
28,7,0.9205836925655604,0.936478316783905,1.1055576801300049,0.012808645144104958,0.36521434783935547,0.13415350019931793
28,8,0.9980772534385324,0.9364616274833679,1.0446910858154297,0.01386351976543665,0.4439432919025421,0.14403989911079407
28,9,0.8118548104539514,0.93691086769104,1.0072180032730103,0.012444683350622654,0.2895023226737976,0.12108203023672104
28,10,0.6508803149685264,0.9365346431732178,0.9770869016647339,0.012130959890782833,0.13072416186332703,0.12530088424682617
28,11,0.6555104229599238,0.9369485378265381,0.9748861789703369,0.01506819762289524,0.104713574051857,0.1533617079257965
28,12,0.6519982280209661,0.9370458722114563,0.9753051996231079,0.014316153712570667,0.1419472098350525,0.11326465010643005
28,13,0.57611288074404,0.9368996620178223,0.9800884127616882,0.013131954707205296,0.09202210605144501,0.08756120502948761
28,14,0.6072060532867909,0.9369076490402222,0.9828118681907654,0.013888876885175705,0.0859801173210144,0.12339315563440323
28,15,0.5663550725206733,0.9374365210533142,0.984016478061676,0.013965941034257412,0.07114747166633606,0.09695105999708176
28,16,0.5894144479185343,0.9373161196708679,0.9838135838508606,0.00991908647119999,0.08903174102306366,0.10623767971992493
28,17,0.5601974608376623,0.9372690916061401,0.9845150709152222,0.012090728618204594,0.06029582396149635,0.10345407575368881
28,18,0.5646177345886827,0.9367340207099915,0.9857228398323059,0.011565481312572956,0.04247475042939186,0.12608613073825836
28,19,0.5323990313336253,0.9362515211105347,0.98381108045578,0.010420753620564938,0.05216135457158089,0.08580440282821655
28,20,0.5627357639372349,0.936265230178833,0.9827290773391724,0.009823746979236603,0.045677293092012405,0.1234358623623848
28,21,0.5374384075403214,0.9361670613288879,0.981654703617096,0.010954223573207855,0.03623354434967041,0.10668628662824631
28,22,0.5456980403512717,0.9363749027252197,0.9810850024223328,0.010526599362492561,0.034652817994356155,0.11702664196491241
28,23,0.5298187142238021,0.9365422129631042,0.9818027019500732,0.009650043211877346,0.0283975750207901,0.10810211300849915
28,24,0.5093831485137343,0.9365262389183044,0.9820373058319092,0.010695281438529491,0.030551817268133163,0.08442334085702896
29,0,32.38101263046265,0.936153769493103,4.596340179443359,23.05520248413086,6.7048139572143555,1.5144973993301392
29,1,27.665697717666625,0.936153769493103,3.758545398712158,21.06341552734375,5.176474094390869,0.4868682622909546
29,2,20.06074587702751,0.936153769493103,3.0787177085876465,16.184959411621094,2.737243890762329,0.33556827902793884
29,3,2.4982069075107574,0.9363078474998474,2.61309552192688,0.13830891251564026,1.32891047000885,0.32110685110092163
29,4,1.4475363329052926,0.9384028911590576,1.7998629808425903,0.07085014134645462,0.5169206261634827,0.31211239099502563
29,5,1.4401149488985538,0.9386893510818481,1.5262935161590576,0.058109696954488754,0.7686653733253479,0.12034330517053604
29,6,1.586726864427328,0.940800666809082,1.3291988372802734,0.05485058203339577,0.9711917042732239,0.10668467730283737
29,7,0.708954369276762,0.9365811944007874,1.1044241189956665,0.04186461493372917,0.16157855093479156,0.0973101407289505
29,8,0.745542885363102,0.9365585446357727,1.0452712774276733,0.03607740253210068,0.15223711729049683,0.16086240112781525
29,9,0.7389780655503273,0.9361704587936401,1.0094819068908691,0.039984770119190216,0.13784320652484894,0.1720196157693863
29,10,0.7468397282063961,0.9358793497085571,0.9789749979972839,0.035807352513074875,0.11361466348171234,0.21444684267044067
29,11,0.6501046851277351,0.9359018802642822,0.9752136468887329,0.03234189748764038,0.08873113244771957,0.14680854976177216
29,12,0.6705117337405682,0.9359019994735718,0.9751710295677185,0.03286917880177498,0.09701264649629593,0.1584153026342392
29,13,0.6673518709838391,0.9359045028686523,0.9785522222518921,0.030397143214941025,0.07549487054347992,0.1785685122013092
29,14,0.6678099852055311,0.9359105229377747,0.9801494479179382,0.029794374480843544,0.0610135979950428,0.1937900185585022
29,15,0.7033320505172015,0.9359432458877563,0.982026994228363,0.02880753017961979,0.07825235277414322,0.21267811954021454
29,16,0.6238927392289043,0.9359272718429565,0.9849895238876343,0.01364258211106062,0.06912536919116974,0.15694142878055573
29,17,0.5891920838505029,0.9359259009361267,0.9847080707550049,0.014312664046883583,0.06374980509281158,0.12700282037258148
29,18,0.6301382824778556,0.9358859658241272,0.9833574295043945,0.01200355589389801,0.061388932168483734,0.1728971153497696
29,19,0.6334456481039524,0.935887336730957,0.9849961400032043,0.010819125920534134,0.06078147888183594,0.17766834795475006
29,20,0.5824783772230149,0.9360377192497253,0.9849790930747986,0.013744853436946869,0.07131331413984299,0.11321684718132019
29,21,0.5210491878911854,0.9360418915748596,0.9842804670333862,0.011371715925633907,0.04610719904303551,0.0795058012008667
29,22,0.5387645509094,0.9360801577568054,0.9852175712585449,0.011196518316864967,0.053233351558446884,0.09007513523101807
29,23,0.5125774588435889,0.9361358880996704,0.9829850792884827,0.010824663564562798,0.050584882497787476,0.06734371930360794
29,24,0.5361194035038352,0.9360483884811401,0.9836416244506836,0.010991278104484081,0.03808743879199028,0.1031026840209961
30,0,30.135413002967834,0.9365686774253845,0.9789801239967346,20.606544494628906,7.2227325439453125,1.923026204109192
30,1,24.771906125545502,0.9365686774253845,0.9780611991882324,18.211156845092773,5.836643695831299,0.34117960929870605
30,2,22.910935133695602,0.9383955001831055,0.9797713756561279,19.13980484008789,3.0594892501831055,0.32800766825675964
30,3,15.794686651229858,0.9384153485298157,0.9903371930122375,12.777996063232422,1.5013283491134644,1.1296117305755615
30,4,3.2542052641510963,0.9359562397003174,0.9858313202857971,0.03443882614374161,1.2403764724731445,1.5950324535369873
30,5,4.708546947315336,0.9358818531036377,0.9819549322128296,0.02076845057308674,2.02750563621521,2.276705503463745
30,6,4.54821364171803,0.9359933733940125,0.9825434684753418,0.015868382528424263,1.6760965585708618,2.472541332244873
30,7,4.8507939774543045,0.9359410405158997,0.9804185628890991,0.010247739031910896,1.6048837900161743,2.8523905277252197
30,8,5.497235573641956,0.9360179305076599,0.9814000725746155,0.01158615481108427,1.3865844011306763,3.7155814170837402
30,9,4.546697684191168,0.9358804821968079,0.9815119504928589,0.011089428327977657,1.3601917028427124,2.791938066482544
30,10,4.378276300244034,0.936050534248352,0.9842148423194885,0.010382997803390026,1.2082784175872803,2.775561809539795
31,0,36.66298348903656,0.936153769493103,4.596340179443359,26.19975471496582,7.207178115844727,2.1495518684387207
31,1,31.658492040634155,0.936153769493103,3.757993698120117,23.917999267578125,5.602550029754639,1.1991132497787476
31,2,19.637361657619476,0.936153769493103,3.0851430892944336,14.825905799865723,3.4329965114593506,0.5741999745368958
31,3,19.860931968688966,0.936153769493103,2.5435867309570312,14.935955047607422,3.4341485500335693,0.7948802709579468
31,4,7.292302420735359,0.9509789347648621,1.7613139152526855,0.07868780195713043,6.060468673706055,0.6106873750686646
31,5,6.660877191275358,0.9520392417907715,1.5052436590194702,0.05231719836592674,5.8983025550842285,0.2188008576631546
31,6,1.7174779899418353,0.9386945962905884,1.313602328300476,0.05908288434147835,1.0560897588729858,0.15184596180915833
31,7,0.9874648945406079,0.9362254738807678,1.0959177017211914,0.00969021487981081,0.41965821385383606,0.1516878306865692
31,8,1.1025953955948353,0.9358993172645569,1.0395195484161377,0.011660370975732803,0.519180178642273,0.1766710728406906
31,9,0.8187690984457732,0.9371683597564697,1.0061668157577515,0.01333528570830822,0.2800789773464203,0.13668780028820038
31,10,0.7615364033728839,0.9358806610107422,0.9792488217353821,0.013641120865941048,0.27517539262771606,0.08969399333000183
31,11,0.7269336907193065,0.935900866985321,0.9757020473480225,0.0113528398796916,0.23873573541641235,0.09452453255653381
31,12,0.8004663908854127,0.9361382126808167,0.9747906923294067,0.011215352453291416,0.27823254466056824,0.12883271276950836
31,13,0.9047067614272237,0.9364113807678223,0.97676682472229,0.010802623815834522,0.2420618236064911,0.2692066729068756
31,14,1.0064151894301177,0.9364515542984009,0.9782602787017822,0.009977443143725395,0.3072434961795807,0.3062518835067749
31,15,1.0768944142386316,0.9364528059959412,0.9805605411529541,0.009670722298324108,0.34869134426116943,0.33512967824935913
31,16,1.0557562859728933,0.9365047812461853,0.982912540435791,0.01001178938895464,0.3458581566810608,0.31600287556648254
31,17,1.1829073701053858,0.9361594319343567,0.9831458330154419,0.010316291823983192,0.39136046171188354,0.3973695635795593
32,0,31.6330757856369,0.936153769493103,4.596340179443359,22.531124114990234,5.940209865570068,2.0552430152893066
32,1,27.552744889259337,0.936153769493103,3.7579636573791504,20.802967071533203,5.252970218658447,0.5579841136932373
32,2,23.100607311725618,0.936153769493103,3.090852737426758,18.610919952392578,3.1944539546966553,0.4898321032524109
32,3,20.10045589208603,0.936153769493103,2.537770986557007,15.502318382263184,3.4897093772888184,0.4136431813240051
32,4,4.688515245914459,0.9434533715248108,1.7535754442214966,0.09268492460250854,3.061366081237793,0.9950584769248962
32,5,4.537045080959797,0.9433664083480835,1.4974936246871948,0.05124665051698685,2.9449682235717773,1.052658200263977
32,6,3.6441182151436804,0.9360286593437195,1.3156583309173584,0.0385342612862587,2.1824731826782227,0.9727733731269836
32,7,3.8899215545505283,0.9361743927001953,1.0958638191223145,0.010637601837515831,2.4452717304229736,1.027604579925537
32,8,4.1059953037649395,0.9361677765846252,1.0376710891723633,0.010838741436600685,2.4880239963531494,1.2123647928237915
32,9,3.2399571295827627,0.9364414811134338,1.0039570331573486,0.011062001809477806,1.8720911741256714,0.968724250793457
32,10,2.7090515533462165,0.9361540675163269,0.9767237305641174,0.009548739530146122,1.7564364671707153,0.5604907870292664
32,11,3.0002904227003455,0.9361487627029419,0.9748062491416931,0.010496108792722225,2.046116352081299,0.5614869594573975
32,12,3.379175687767565,0.9365596771240234,0.9759803414344788,0.00969094131141901,2.42549729347229,0.5614794492721558
32,13,1.6535954006016254,0.9358806014060974,0.9807432293891907,0.010557670146226883,0.8590656518936157,0.4006473124027252
32,14,1.41426513902843,0.9358783960342407,0.983961284160614,0.010453073307871819,0.7925053238868713,0.22733880579471588
32,15,1.304126856289804,0.9358865022659302,0.9853531718254089,0.010026088915765285,0.6973187327384949,0.212534099817276
32,16,1.1772509614005684,0.935881495475769,0.9856257438659668,0.01011508796364069,0.5938513278961182,0.18898309767246246
32,17,0.8792192876338959,0.9358789324760437,0.9858449697494507,0.009958043694496155,0.31695228815078735,0.1679641753435135
32,18,1.1299229035153986,0.9358789324760437,0.984613299369812,0.010354132391512394,0.4957405924797058,0.23972973227500916
32,19,0.8636098915711046,0.9358800053596497,0.9845941066741943,0.011362516321241856,0.25684472918510437,0.2113078236579895
32,20,0.7109320888295769,0.9358792304992676,0.9849818348884583,0.008832619525492191,0.14076358079910278,0.17716367542743683
32,21,0.755982131883502,0.9358792304992676,0.983106255531311,0.010631723329424858,0.23121671378612518,0.13033659756183624
32,22,0.6875967625528574,0.9358916282653809,0.9823837280273438,0.010407993569970131,0.1466166228055954,0.14691707491874695
32,23,0.6936699589714408,0.9358924627304077,0.9818053245544434,0.009642406366765499,0.14685989916324615,0.15362809598445892
32,24,0.6782947942614556,0.9359198212623596,0.9829490184783936,0.011468879878520966,0.05670641362667084,0.2263457328081131
33,0,30.480366218090058,0.9364070296287537,0.9829757213592529,21.43287467956543,6.2075700759887695,2.456044912338257
33,1,27.018514889478684,0.9364070296287537,0.9790766835212708,20.095684051513672,6.158371448516846,0.381362646818161
33,2,19.18941060304642,0.9364070296287537,0.9881687164306641,14.998980522155762,3.3758323192596436,0.4296826124191284
33,3,17.055533182621,0.9382996559143066,0.9893202781677246,14.592639923095703,1.6334941387176514,0.44387513399124146
33,4,2.771190644055605,0.941511869430542,0.9867124557495117,0.03129567578434944,1.9710781574249268,0.383171945810318
33,5,1.2114296436309815,0.941676139831543,0.9857529401779175,0.018997222185134888,0.539634108543396,0.26731249690055847
33,6,1.1522816836833953,0.9423509240150452,0.9821999669075012,0.015366390347480774,0.5097895264625549,0.2422155886888504
33,7,1.2594275422394277,0.9389730095863342,0.9813877940177917,0.012076038867235184,0.4262527525424957,0.43702659010887146
33,8,1.406584845110774,0.9389366507530212,0.9815598130226135,0.010899094864726067,0.6078479290008545,0.40373852849006653
33,9,1.029416805319488,0.9386879801750183,0.9816937446594238,0.00979070644825697,0.36371952295303345,0.2718302309513092
33,10,1.0565002458170056,0.938882052898407,0.9812738299369812,0.010677282698452473,0.4144144654273987,0.24737732112407684
33,11,1.0393980329856276,0.9392519593238831,0.9820752143859863,0.010029501281678677,0.43333157896995544,0.21177151799201965
33,12,1.0433664502575994,0.9397140741348267,0.9820131659507751,0.010924694128334522,0.4223397970199585,0.22575651109218597
33,13,0.6995241848751903,0.9382399320602417,0.9815368056297302,0.009791451506316662,0.1418963074684143,0.1638810783624649
33,14,0.6569093704223633,0.9378051161766052,0.979867160320282,0.010469049215316772,0.12278752028942108,0.14011834561824799
33,15,0.651194423250854,0.9371975660324097,0.9797817468643188,0.010484802536666393,0.12837544083595276,0.12893831729888916
33,16,0.6447029108181597,0.9367361068725586,0.9787901639938354,0.008672908879816532,0.13541941344738007,0.11750533431768417
33,17,0.6310764973983168,0.9366141557693481,0.9788221120834351,0.01043644454330206,0.12439731508493423,0.11315548419952393
33,18,0.6148593725636602,0.936606228351593,0.9788298010826111,0.00902454275637865,0.11163762211799622,0.11111000180244446
33,19,0.606006751395762,0.9364693760871887,0.9796159267425537,0.010573641397058964,0.11128836870193481,0.1009276807308197
33,20,0.5985724093392492,0.9367907643318176,0.9795803427696228,0.00976215023547411,0.1100778803229332,0.09545815736055374
33,21,0.597463127784431,0.9364967942237854,0.9802402853965759,0.009138095192611217,0.09038260579109192,0.11459501087665558
33,22,0.5821633458137513,0.9363921880722046,0.9800688624382019,0.01033230870962143,0.08780157566070557,0.10073725134134293
33,23,0.5702786335721612,0.936297595500946,0.9806097745895386,0.011001312173902988,0.07576180249452591,0.10013404488563538
33,24,0.5934777664020657,0.9364031553268433,0.9802481532096863,0.010807153768837452,0.09618719667196274,0.10315315425395966
34,0,31.892242741584777,0.936153769493103,4.596340179443359,23.080345153808594,5.534029483795166,2.1713693141937256
34,1,25.806503677368163,0.936153769493103,3.758194923400879,17.210115432739258,6.627812385559082,1.0297061204910278
34,2,21.15058363676071,0.9397091865539551,3.0652518272399902,18.148696899414062,1.5377252101898193,0.6631693243980408
34,3,21.35481051206589,0.9402078986167908,2.515362024307251,19.17160415649414,0.927995502948761,0.5640968680381775
34,4,1.9052315063774588,0.9406023025512695,1.7537771463394165,0.018057603389024734,1.0248727798461914,0.3234252333641052
34,5,1.7624347034841776,0.9405969381332397,1.509820580482483,0.020190978422760963,0.9007707834243774,0.35138943791389465
34,6,1.7195861909538508,0.940237283706665,1.3221043348312378,0.015394100919365883,0.9771155714988708,0.27460819482803345
34,7,2.5228626362979414,0.9379586577415466,1.1016461849212646,0.009754490107297897,0.8464676141738892,1.258719563484192
34,8,2.7415385300293567,0.9379523396492004,1.0412640571594238,0.011320584453642368,1.0682899951934814,1.2660846710205078
34,9,2.6089008290320637,0.9375981688499451,1.005130648612976,0.009624691680073738,0.9504086375236511,1.2603217363357544
34,10,1.5315568055957556,0.9374951720237732,0.9784019589424133,0.010213879868388176,1.070319652557373,0.06784384697675705
34,11,1.1594115287065505,0.937203586101532,0.9750953316688538,0.010298319160938263,0.7155760526657104,0.05107737332582474
34,12,1.2350920686498283,0.9371821284294128,0.974966287612915,0.01137556228786707,0.7965424656867981,0.04474435746669769
34,13,0.9511563370004297,0.93767911195755,0.9783419370651245,0.011253834702074528,0.5201398730278015,0.03655841946601868
34,14,0.6408491576090455,0.9370298981666565,0.9791645407676697,0.008974784053862095,0.2160181850194931,0.03261730074882507
34,15,0.6149100787937641,0.9366196393966675,0.9801052212715149,0.01025409996509552,0.18623168766498566,0.03507931903004646
34,16,0.5337682073935867,0.936846911907196,0.9827115535736084,0.011253888718783855,0.09516222774982452,0.04344039782881737
34,17,0.4694108877331019,0.9367343187332153,0.9833718538284302,0.009655805304646492,0.04009944200515747,0.03563440591096878
35,0,31.68427140712738,0.936153769493103,4.596340179443359,22.1644229888916,6.348161697387695,2.065187931060791
35,1,27.99144150018692,0.936153769493103,3.7587435245513916,21.892396926879883,4.7822489738464355,0.3778161406517029
35,2,7.828562593460083,0.936153769493103,3.0569424629211426,1.9546247720718384,4.802064418792725,0.2732541561126709
35,3,3.193984295427799,0.9376186728477478,2.511669874191284,1.8299592733383179,0.6080992221832275,0.06606809049844742
35,4,1.9093794343993067,0.9365643262863159,1.7398440837860107,0.010067391209304333,1.1799933910369873,0.1840369701385498
35,5,1.5498650532215834,0.9361327886581421,1.4835740327835083,0.010159088298678398,0.8503757119178772,0.2053888887166977
35,6,1.0811167299747466,0.9365194439888,1.3036911487579346,0.00997886061668396,0.29828038811683655,0.3248153626918793
35,7,0.8736961755901576,0.9360124468803406,1.0927573442459106,0.012005353346467018,0.1654042750597,0.29053258895874023
35,8,0.8145394928753377,0.9360195398330688,1.034848928451538,0.009650636464357376,0.20206162333488464,0.2086535394191742
35,9,0.8914122896268963,0.9360195994377136,1.0008572340011597,0.009793003089725971,0.2632560431957245,0.23098787665367126
35,10,0.7737316589802503,0.9358950257301331,0.9768660664558411,0.010524509474635124,0.1923588514328003,0.18829607963562012
35,11,0.7926012873649597,0.9359278678894043,0.9748414754867554,0.011013761162757874,0.17577211558818817,0.22366154193878174
35,12,0.700524459592998,0.9358803033828735,0.9757711887359619,0.008770334534347057,0.10900425165891647,0.2004195749759674
35,13,0.7267458653077483,0.9358887672424316,0.9804387092590332,0.010235107503831387,0.14208807051181793,0.19115719199180603
35,14,0.6978631626814604,0.9358876943588257,0.982886791229248,0.009213438257575035,0.10910817235708237,0.19578665494918823
35,15,0.6775817332789302,0.9358916282653809,0.9843223094940186,0.009794260375201702,0.10334170609712601,0.1804029792547226
35,16,0.6289497356861831,0.935888409614563,0.9866154789924622,0.009608952328562737,0.0694703757762909,0.16536962985992432
35,17,0.6004457542672754,0.9360403418540955,0.9850005507469177,0.009931747801601887,0.05148236081004143,0.15482346713542938
35,18,0.5995763262733818,0.9359313249588013,0.9835968613624573,0.009236237965524197,0.05299762636423111,0.1534368246793747
35,19,0.5408559119328856,0.9358873963356018,0.9846632480621338,0.009442969225347042,0.04865012317895889,0.09865269064903259
35,20,0.5707142584025859,0.9359529614448547,0.9857586622238159,0.009765911847352982,0.0387699231505394,0.13783609867095947
35,21,0.5437040863558651,0.93602055311203,0.9847854971885681,0.009878299199044704,0.0379013754427433,0.11176320165395737
35,22,0.56254375372082,0.9360893964767456,0.9846153855323792,0.009866279549896717,0.03870803490281105,0.12982848286628723
35,23,0.5715200455859304,0.93609619140625,0.9820795655250549,0.0109322564676404,0.04834230989217758,0.12861032783985138
35,24,0.5270641542971134,0.9359549283981323,0.9847155213356018,0.008917273953557014,0.031192557886242867,0.10282023251056671
36,0,35.035231709480286,0.9361333250999451,0.9837769865989685,24.824060440063477,6.913301467895508,2.9138877391815186
36,1,30.370170187950134,0.9359129667282104,1.0014135837554932,24.66632652282715,4.641979217529297,0.6743991374969482
36,2,19.150551947951318,0.9359132051467896,0.9981698393821716,16.641942977905273,1.9893829822540283,0.13240937888622284
36,3,19.731329944729804,0.9359132051467896,0.9919365048408508,16.77536964416504,2.399599313735962,0.17079104483127594
36,4,1.4733515780419113,0.9378494024276733,0.9929978251457214,0.030622584745287895,0.8858795762062073,0.170679971575737
36,5,1.2362923536449673,0.9375501871109009,0.9909867644309998,0.019265005365014076,0.694354772567749,0.13696518540382385
36,6,1.0714048836380243,0.936182975769043,0.9919426441192627,0.015186959877610207,0.5240330696105957,0.1465597301721573
36,7,0.918591477163136,0.9359883666038513,0.989549458026886,0.012557675130665302,0.4276893436908722,0.09323689341545105
36,8,0.802412323653698,0.9359921813011169,0.987504243850708,0.01231781393289566,0.3350069522857666,0.07038827240467072
36,9,0.9172679621726274,0.9359920620918274,0.9901133179664612,0.011464575305581093,0.4160589873790741,0.10452332347631454
36,10,0.7781438127160073,0.9359399676322937,0.9854971766471863,0.010777182877063751,0.3069397211074829,0.07613947987556458
36,11,0.5863639013841748,0.9360608458518982,0.9842553734779358,0.009827946312725544,0.12042094767093658,0.0720517635345459
36,12,0.5540415737777948,0.9360753893852234,0.9849870800971985,0.010012323036789894,0.08390235900878906,0.0759143978357315
36,13,0.5143813502043486,0.93603515625,0.9842023253440857,0.01038944162428379,0.04933987930417061,0.07060453295707703
36,14,0.5391025446355343,0.9358882904052734,0.985123336315155,0.010219510644674301,0.07873468101024628,0.06594602763652802
36,15,0.5156772751361132,0.9358828067779541,0.9855089783668518,0.009771676734089851,0.05969851836562157,0.06192872300744057
36,16,0.5247536091133952,0.9358954429626465,0.9854071140289307,0.010089091025292873,0.056041400879621506,0.0743626058101654
36,17,0.5160490736365319,0.9358861446380615,0.9868388175964355,0.008948292583227158,0.06482047587633133,0.05773531273007393
36,18,0.5145417287945747,0.9358784556388855,0.9876694083213806,0.010326448827981949,0.04763098433613777,0.0718747228384018
36,19,0.5033213498070837,0.9359014630317688,0.9877284169197083,0.009840191341936588,0.04396762326359749,0.06478755921125412
36,20,0.5112683380022645,0.9359366297721863,0.9870219230651855,0.009944231249392033,0.05019772797822952,0.06653466820716858
36,21,0.49582559969276196,0.9360013604164124,0.9871008396148682,0.010805475525557995,0.03613000735640526,0.06426967680454254
37,0,31.046580266952514,0.936153769493103,4.596340179443359,22.367464065551758,6.1776442527771,1.3949731588363647
37,1,17.860795643925666,0.936153769493103,3.75919771194458,9.833171844482422,6.916507244110107,0.1720462590456009
37,2,12.813771566748619,0.9584943056106567,3.063077449798584,9.674129486083984,2.149880886077881,0.1854468435049057
37,3,2.347080390155315,0.9660500288009644,2.506605625152588,0.485380619764328,1.0464355945587158,0.12073304504156113
37,4,1.6610511735081672,0.938851535320282,1.7242238521575928,0.037463583052158356,1.0120221376419067,0.07895037531852722
37,5,1.361214528232813,0.9396165013313293,1.4695384502410889,0.03547189012169838,0.7503240704536438,0.09358757734298706
37,6,1.6808482049033047,0.9396124482154846,1.2865830659866333,0.01109475176781416,1.0325384140014648,0.191975936293602
37,7,1.228114046342671,0.9398528933525085,1.080017328262329,0.011049455963075161,0.7893977165222168,0.02369282953441143
37,8,0.9410477805882693,0.9392095804214478,1.0298857688903809,0.012006320059299469,0.5085424780845642,0.026679912582039833
37,9,0.8976906241849065,0.9377804398536682,0.9982486963272095,0.01160165760666132,0.4776815176010132,0.021201621741056442
37,10,0.8173184709623456,0.9373301863670349,0.9758070111274719,0.015128503553569317,0.3963988125324249,0.02316371537744999
37,11,0.7960688473656774,0.9365280270576477,0.9748051166534424,0.014984953217208385,0.3710991144180298,0.02771815098822117
37,12,0.7550617210566998,0.9361976981163025,0.9758610129356384,0.016666442155838013,0.3132114112377167,0.04277212545275688
37,13,0.8422400627285243,0.9360619187355042,0.9804708361625671,0.019229764118790627,0.3990475833415985,0.04065616428852081
37,14,0.796174342930317,0.9359526038169861,0.9824210405349731,0.021202728152275085,0.3462056815624237,0.04509120434522629
37,15,0.7288671832531691,0.9359518885612488,0.9827917218208313,0.016193820163607597,0.29284659028053284,0.03607805073261261
37,16,0.6059822905808687,0.9358784556388855,0.9827104210853577,0.021455997601151466,0.1659875214099884,0.03482099622488022
37,17,0.5574729312211275,0.935879111289978,0.9834303855895996,0.02516675740480423,0.12404510378837585,0.0243991706520319
37,18,0.5619012698531152,0.9358791708946228,0.9836325645446777,0.021451612934470177,0.13536962866783142,0.021177681162953377
37,19,0.518117754906416,0.935878574848175,0.9860203862190247,0.020776385441422462,0.08619923144578934,0.0267623458057642
37,20,0.504401407763362,0.9359148740768433,0.9852648377418518,0.017477404326200485,0.08599331229925156,0.016694748774170876
37,21,0.47932622339576486,0.9359044432640076,0.9856442809104919,0.017367463558912277,0.06236634403467178,0.015282670967280865
38,0,29.6528249502182,0.936153769493103,4.596340179443359,20.51938819885254,5.974074840545654,2.052863121032715
38,1,25.755565643310547,0.936153769493103,3.7585196495056152,17.238988876342773,6.5855841636657715,0.9920579195022583
38,2,23.98930608034134,0.940703809261322,3.0610101222991943,18.979524612426758,3.1890058517456055,1.0204328298568726
38,3,19.64797976016998,0.9438447952270508,2.5001063346862793,16.785629272460938,1.2777940034866333,0.8957662582397461
38,4,1.9325234267860651,0.9525719285011292,1.7330487966537476,0.026938268914818764,0.534622311592102,0.833838701248169
38,5,1.0936675116419794,0.9466026425361633,1.5203150510787964,0.01864149421453476,0.4028584659099579,0.17878401279449463
38,6,0.894907352142036,0.9449540972709656,1.3300554752349854,0.015009443275630474,0.3335295617580414,0.09136643260717392
38,7,0.7352739354595542,0.9431703090667725,1.1022824048995972,0.012541494332253933,0.2676372826099396,0.04600461572408676
38,8,0.782781738229096,0.9431002140045166,1.0443897247314453,0.011389647610485554,0.3327784836292267,0.041115619242191315
38,9,0.8073305893689394,0.9399241805076599,1.0080645084381104,0.012220486998558044,0.3752012252807617,0.030311139300465584
38,10,0.6844823883846403,0.9385827779769897,0.97833651304245,0.012231883592903614,0.25836366415023804,0.030502982437610626
38,11,0.6961221143603324,0.9382856488227844,0.9749734401702881,0.011446461081504822,0.2708185315132141,0.031205303966999054
38,12,0.6176732815802097,0.9378476738929749,0.975471556186676,0.011155836284160614,0.19908684492111206,0.02476675435900688
38,13,0.4829894943162799,0.9383836388587952,0.9818626642227173,0.010811098851263523,0.06284376233816147,0.025285372510552406
39,0,31.74062418937683,0.9364696145057678,0.9876386523246765,22.91458511352539,6.21933650970459,2.2218809127807617
39,1,25.470106077194213,0.9364696145057678,0.9941681027412415,19.384050369262695,4.648974418640137,1.05095374584198
39,2,10.110905647277832,0.9364696145057678,1.0029668807983398,2.882354974746704,5.953921794891357,0.886741578578949
39,3,4.761237373948097,0.9364696145057678,0.9922558069229126,0.14477260410785675,3.143502712249756,1.0872169733047485
39,4,1.9633986972272397,0.9446083307266235,0.9930029511451721,0.035327278077602386,1.4867632389068604,0.05378592386841774
39,5,0.9933733854442836,0.9384111762046814,0.9950008392333984,0.02210540883243084,0.53202223777771,0.05256333574652672
39,6,0.7265884488821029,0.9365230798721313,0.994309663772583,0.01680395007133484,0.24648623168468475,0.0771317183971405
39,7,0.9557775953784585,0.9368719458580017,0.990608274936676,0.01181431207805872,0.13059738278388977,0.42786985635757446
39,8,0.6251140654087067,0.9381487369537354,0.9866006374359131,0.01044049859046936,0.12565812468528748,0.10406556725502014
39,9,0.6073888981714844,0.936819314956665,0.987741231918335,0.01060395035892725,0.09303690493106842,0.1188359335064888
39,10,0.6053721938282252,0.9368184208869934,0.98551344871521,0.012921372428536415,0.088456891477108,0.11952755600214005
39,11,0.6573446689173579,0.9362158179283142,0.9846258759498596,0.013657222501933575,0.0931864008307457,0.16633270680904388
39,12,0.5868460081517697,0.9362145662307739,0.9861257672309875,0.012774515897035599,0.08395501971244812,0.10564840584993362
39,13,0.9303252706304193,0.936622679233551,0.9860300421714783,0.013007053174078465,0.07340695708990097,0.45938071608543396
39,14,0.5172654470428825,0.93632572889328,0.9861599206924438,0.010370801202952862,0.07720156013965607,0.04519595578312874
39,15,0.48367360085248945,0.936302125453949,0.9861290454864502,0.011514998972415924,0.049734778702259064,0.03793758898973465
