episode,step,total_loss,loss_X1,loss_X4,loss_X2,loss_X3,loss_X5
0,0,32.56513125896454,0.936153769493103,4.596340179443359,22.774723052978516,6.474495887756348,2.209413528442383
0,1,31.865915882587434,0.9527079463005066,3.758221387863159,24.731090545654297,4.938287734985352,1.2543517351150513
0,2,17.9407741189003,0.9526084065437317,3.0776236057281494,14.971506118774414,1.1488206386566162,1.0144009590148926
0,3,18.886272275447844,0.9375766515731812,2.52651309967041,16.066905975341797,1.2198843955993652,0.9066639542579651
0,4,3.0642592053860427,0.9358921647071838,1.759162425994873,0.019280074164271355,1.7957942485809326,0.7101739645004272
0,5,3.2375788632780313,0.9358891248703003,1.5048024654388428,0.01578461565077305,1.810742974281311,0.9229129552841187
0,6,3.2023928524926304,0.936093270778656,1.3161062002182007,0.015472603030502796,1.9030966758728027,0.8333836793899536
0,7,3.1393283884972334,0.9376777410507202,1.0946671962738037,0.013031510636210442,2.0647459030151367,0.6550819873809814
0,8,3.1587154949083924,0.9370457530021667,1.0403457880020142,0.012046941556036472,2.0653207302093506,0.6858695149421692
0,9,2.580505447275937,0.9369827508926392,1.0106643438339233,0.01024936605244875,1.936416745185852,0.2443099170923233
0,10,2.1084792893379927,0.9368024468421936,0.9799684882164001,0.010447530075907707,1.4302763938903809,0.28440117835998535
0,11,1.0531689858064055,0.9361088871955872,0.9755313396453857,0.011324814520776272,0.4428325891494751,0.2166835367679596
0,12,1.052393932826817,0.9361363053321838,0.9747918844223022,0.010473211295902729,0.36412757635116577,0.2956075072288513
0,13,0.9713677953928709,0.9365430474281311,0.9767736792564392,0.011176509782671928,0.2760748863220215,0.3014530539512634
0,14,0.8714638082310557,0.9365114569664001,0.9791663289070129,0.010938811115920544,0.2542564272880554,0.22313301265239716
0,15,1.0275907730683684,0.9365127086639404,0.9808560609817505,0.010626337490975857,0.30179542303085327,0.3316952586174011
0,16,0.8784112678840756,0.9364603757858276,0.9819952845573425,0.00950490403920412,0.2592981457710266,0.22591708600521088
0,17,0.9136641964316369,0.9363692402839661,0.9830198884010315,0.011202238500118256,0.26634591817855835,0.2522382140159607
0,18,0.9718008652329445,0.9363707304000854,0.982441782951355,0.010396309196949005,0.30748450756073,0.2701575458049774
0,19,0.8585515500977635,0.9362554550170898,0.9815149307250977,0.008842718787491322,0.18119528889656067,0.28495946526527405
0,20,0.6651913689449429,0.9362034797668457,0.981807291507721,0.010283035226166248,0.24931681156158447,0.0219893679022789
0,21,0.5833836801350116,0.936223030090332,0.9819778800010681,0.011918958276510239,0.16855362057685852,0.019270919263362885
0,22,0.4884562972933054,0.9362072944641113,0.9821617603302002,0.009814897552132607,0.07303469628095627,0.021932892501354218
1,0,28.713296961784362,0.936153769493103,4.596340179443359,19.42613983154297,6.169798374176025,2.010859966278076
1,1,27.376775109767912,0.936153769493103,3.7580924034118652,19.752111434936523,5.964818477630615,0.7209959626197815
1,2,25.365147054195404,0.936153769493103,3.0733392238616943,17.737688064575195,6.355719089508057,0.4698413014411926
1,3,19.442182552814483,0.9376210570335388,2.5264573097229004,15.69983196258545,1.5827397108078003,1.4667952060699463
1,4,1.8017778802663087,0.9366443157196045,1.7568271160125732,0.02687414176762104,0.8347909450531006,0.4014185070991516
1,5,1.6261341214179992,0.9366374611854553,1.5058778524398804,0.018287181854248047,0.8454887270927429,0.27385514974594116
1,6,2.023617806658149,0.9366374015808105,1.3209794759750366,0.015939226374030113,1.0272647142410278,0.5288904905319214
1,7,1.492080524377525,0.9367805123329163,1.1023075580596924,0.011714520864188671,0.5195887684822083,0.5529596209526062
1,8,1.4654203353449704,0.9366368651390076,1.044681191444397,0.011354821734130383,0.5029056072235107,0.5548962950706482
1,9,0.9486888062208891,0.9366328120231628,1.0089432001113892,0.01296280138194561,0.2617873251438141,0.284823477268219
1,10,1.0002956980839373,0.9363561868667603,0.9806634783744812,0.01040335837751627,0.18527746200561523,0.4212109446525574
1,11,1.107063713669777,0.9359968900680542,0.9765509963035583,0.010759666562080383,0.25880804657936096,0.45498642325401306
1,12,0.8302535751834512,0.9359048008918762,0.9749839901924133,0.010289103724062443,0.2135435789823532,0.2242431342601776
1,13,0.7206404497846961,0.9358962774276733,0.9755942821502686,0.010690285824239254,0.1443995237350464,0.18325252830982208
1,14,0.6923005226999521,0.93595290184021,0.9768990278244019,0.009038889780640602,0.1547469049692154,0.14594434201717377
1,15,0.6815730083733798,0.9360973238945007,0.9780786633491516,0.010019512847065926,0.1525176763534546,0.13620062172412872
1,16,0.5937514532357454,0.9363347291946411,0.9794499278068542,0.011161545291543007,0.08305781334638596,0.1163751631975174
1,17,0.5993485940620303,0.9362605810165405,0.9797660112380981,0.010860699228942394,0.09570317715406418,0.10957939922809601
1,18,0.5575493279844523,0.9363847374916077,0.9814366102218628,0.010902611538767815,0.06029100343585014,0.1027914434671402
1,19,0.5487750554457307,0.9362845420837402,0.9840590953826904,0.010456674732267857,0.05258557200431824,0.10166408121585846
1,20,0.5321432575583458,0.936514675617218,0.9823799729347229,0.010324560105800629,0.04507715255022049,0.09296261519193649
1,21,0.539225983992219,0.9364867210388184,0.9824488759040833,0.010167224332690239,0.056682039052248,0.08858960121870041
1,22,0.48005626741796736,0.9364491105079651,0.9818562865257263,0.00979625154286623,0.04616589844226837,0.04043303802609444
2,0,33.73052580356598,0.936153769493103,4.596340179443359,22.807058334350586,6.7194414138793945,3.097527265548706
2,1,30.392622435092925,0.9360581636428833,3.7582476139068604,22.22420310974121,6.726574420928955,0.5029837489128113
2,2,24.726045882701875,0.9360571503639221,3.0643904209136963,21.135406494140625,2.5183169841766357,0.27223289012908936
2,3,23.500332897901536,0.9358929395675659,2.523343563079834,21.16274642944336,1.4329129457473755,0.2128262221813202
2,4,1.936167973279953,0.9359065294265747,1.759116530418396,0.01567453145980835,1.1812982559204102,0.20019057393074036
2,5,1.5654739946126939,0.9360246062278748,1.5037480592727661,0.01503966748714447,0.7551528215408325,0.3073269724845886
2,6,1.484767297282815,0.9362025260925293,1.3198332786560059,0.01224319078028202,0.6731771230697632,0.34813982248306274
2,7,1.4548162786290049,0.9364259243011475,1.1149413585662842,0.009315612725913525,0.7028009295463562,0.3324262797832489
2,8,1.3931680114939808,0.9363970160484314,1.0493991374969482,0.010166284628212452,0.6925668716430664,0.2932756245136261
2,9,1.1102903356775642,0.9366509914398193,1.0118542909622192,0.009936450980603695,0.33174365758895874,0.378909170627594
2,10,0.7754627900198102,0.937416136264801,0.9796556234359741,0.01020252425223589,0.31993234157562256,0.06191357225179672
2,11,0.747510240226984,0.9374009370803833,0.975614070892334,0.010428689420223236,0.300819993019104,0.05365855619311333
2,12,0.7177875312045217,0.9374011754989624,0.9748409986495972,0.010266278870403767,0.25559085607528687,0.06948196142911911
2,13,0.6286510761827231,0.9366012215614319,0.9774531722068787,0.009806914255023003,0.18347211182117462,0.05256117135286331
2,14,0.5646299855783582,0.9364606142044067,0.9798875451087952,0.008954317308962345,0.1277867555618286,0.044619280844926834
2,15,0.6063233185559511,0.9367934465408325,0.9809654355049133,0.011202434077858925,0.1386377215385437,0.07293138653039932
2,16,0.513515361584723,0.9363322854042053,0.9817636609077454,0.010159113444387913,0.06976035237312317,0.04997670650482178
2,17,0.5105595396831631,0.9360303282737732,0.9826746582984924,0.0084382938221097,0.07123937457799911,0.04714087396860123
2,18,0.5162790263071656,0.936034619808197,0.9832389950752258,0.010476385243237019,0.062014952301979065,0.05993296578526497
2,19,0.481908262334764,0.9358897805213928,0.9818295836448669,0.00961186271160841,0.047041330486536026,0.041711196303367615
3,0,32.18191899061203,0.93619304895401,1.4124881029129028,24.303438186645508,5.355686664581299,2.053057909011841
3,1,29.293194031715394,0.93619304895401,1.1645936965942383,23.642887115478516,4.818699359893799,0.41145020723342896
3,2,10.24653227329254,0.93619304895401,1.0479174852371216,3.8412868976593018,5.339677810668945,0.6687454581260681
3,3,8.291828763484954,0.938799262046814,0.9913055896759033,3.8654754161834717,3.2901060581207275,0.7502263188362122
3,4,1.6719475712627174,0.9358788728713989,0.9756302237510681,0.010357281193137169,0.6669334769248962,0.6123549938201904
3,5,1.8427835300564768,0.9359120726585388,0.9789628982543945,0.00941968709230423,0.7298457026481628,0.7205431461334229
3,6,1.5415783740580082,0.9358811378479004,0.9833290576934814,0.01002785935997963,0.5453479886054993,0.6023604869842529
3,7,1.2024751415476203,0.9359557032585144,0.984514057636261,0.01087453868240118,0.383487731218338,0.424018919467926
3,8,1.202470032311976,0.9363067150115967,0.9805670976638794,0.010427565313875675,0.17682771384716034,0.6318399906158447
3,9,1.095404858700931,0.9362149834632874,0.9810566306114197,0.010154719464480877,0.10065311193466187,0.6011427044868469
3,10,1.0423036556690932,0.9362996816635132,0.9827781319618225,0.010461946949362755,0.06994280964136124,0.578083336353302
3,11,1.0745114432647824,0.9362684488296509,0.9824607968330383,0.010850866325199604,0.06653501093387604,0.613379716873169
3,12,0.9710776902735233,0.9362386465072632,0.98237544298172,0.010944116860628128,0.0642419308423996,0.512168824672699
3,13,1.021424968726933,0.9360314607620239,0.986767590045929,0.010838807560503483,0.05112679675221443,0.5748995542526245
3,14,1.05208405200392,0.9359778761863708,0.9857596158981323,0.00996467936784029,0.0547826774418354,0.6029891967773438
3,15,0.6205533709377051,0.9358820915222168,0.9855962991714478,0.009875884279608727,0.05129033327102661,0.1750914752483368
3,16,0.5684585049748421,0.9359098076820374,0.9839805364608765,0.010442454367876053,0.057248231023550034,0.11678975075483322
3,17,0.560996088013053,0.9359093904495239,0.9841696619987488,0.009973866865038872,0.05352844297885895,0.11347796767950058
3,18,0.5560065913945437,0.9359152317047119,0.9842869639396667,0.010066935792565346,0.05583116412162781,0.10606805235147476
3,19,0.6393063217401505,0.935880720615387,0.9857658743858337,0.00986604392528534,0.06811372935771942,0.17699722945690155
3,20,0.5926207263022661,0.935890257358551,0.9851690530776978,0.009285660460591316,0.04511389136314392,0.15400931239128113
3,21,0.5446329006925226,0.935885488986969,0.9851298332214355,0.009482339955866337,0.052341729402542114,0.09860576689243317
3,22,0.5243982633575798,0.9360299706459045,0.9867092370986938,0.009072254411876202,0.04269616678357124,0.08808200061321259
3,23,0.5380491882562638,0.9360628724098206,0.9870017766952515,0.010463107377290726,0.04785219207406044,0.09512095898389816
3,24,0.5752047386020422,0.9360561370849609,0.9848584532737732,0.010590491816401482,0.04141249507665634,0.13901883363723755
4,0,33.94681043624878,0.936153769493103,4.596340179443359,24.229263305664062,7.41767692565918,1.1933714151382446
4,1,26.765145981311797,0.936153769493103,3.75697660446167,18.171781539916992,6.97831392288208,0.6764244437217712
4,2,24.080453838407994,0.9510983824729919,3.0876753330230713,20.774961471557617,2.3833839893341064,0.11435363441705704
4,3,21.01113896816969,0.9509718418121338,2.5456106662750244,17.684234619140625,2.5477936267852783,0.07979422062635422
4,4,2.314767748489976,0.9506588578224182,1.7781641483306885,0.027762429788708687,1.6495354175567627,0.09170529991388321
4,5,2.1372998654842377,0.9506602883338928,1.5280081033706665,0.03149503469467163,1.4931799173355103,0.11689123511314392
4,6,1.435119903832674,0.9426783919334412,1.3308799266815186,0.029631230980157852,0.8537245988845825,0.09705241024494171
4,7,1.3208229199051857,0.9381327033042908,1.1029716730117798,0.01954004168510437,0.808042049407959,0.08501995354890823
4,8,1.420808508619666,0.9381336569786072,1.0455236434936523,0.020066769793629646,0.9417067766189575,0.06230350211262703
4,9,1.2390771720558407,0.9365641474723816,1.0079748630523682,0.02051418460905552,0.7476931214332581,0.08196206390857697
4,10,1.2481360401958228,0.9365532994270325,0.9778419733047485,0.014309963211417198,0.7763651609420776,0.07458186149597168
4,11,1.2385807145386933,0.9364758133888245,0.9749633073806763,0.015410909429192543,0.7787060737609863,0.06217590719461441
4,12,1.2484888214617968,0.9363659024238586,0.9752711653709412,0.012732895091176033,0.787017285823822,0.06641122698783875
4,13,1.2199310939759016,0.9361914992332458,0.9794716835021973,0.010572677478194237,0.7578513622283936,0.06837441772222519
4,14,0.861558911204338,0.936302125453949,0.981572151184082,0.010364808142185211,0.3766859471797943,0.09093330055475235
4,15,0.7660477958619595,0.9363018870353699,0.9851332306861877,0.009362686425447464,0.3037510812282562,0.06864700466394424
4,16,0.7637971406802535,0.9373084902763367,0.9884406924247742,0.009638889692723751,0.28385627269744873,0.08515214174985886
4,17,0.6906423542648554,0.9372057914733887,0.9913560748100281,0.01005096547305584,0.2325822114944458,0.062296804040670395
4,18,0.6437054486945272,0.9372106790542603,0.9907070398330688,0.010146264918148518,0.1789722442626953,0.0690033957362175
4,19,0.591036812402308,0.9373071193695068,0.9885943531990051,0.010701269842684269,0.13123339414596558,0.06392185389995575
4,20,0.646942767687142,0.9371967315673828,0.9891179800033569,0.009205316193401814,0.15900205075740814,0.09347245842218399
4,21,0.6110449554398656,0.937049925327301,0.992775022983551,0.009152618236839771,0.09852176159620285,0.11740558594465256
4,22,0.5719447022303938,0.936516523361206,0.9898254871368408,0.010181761346757412,0.054883942008018494,0.1216105967760086
4,23,0.5881687918677926,0.9365554451942444,0.9901928901672363,0.009984456934034824,0.04561705142259598,0.14721761643886566
4,24,0.5661348724737764,0.9363242387771606,0.9903519153594971,0.00991800520569086,0.04452238231897354,0.1263592541217804
5,0,30.451834034919738,0.936153769493103,4.596340179443359,20.80989646911621,6.959298610687256,1.5761401653289795
5,1,28.112725627422332,0.9364961981773376,3.758894920349121,20.498153686523438,6.302422523498535,0.37307119369506836
5,2,24.027999931573866,0.9411982893943787,3.0760037899017334,21.637779235839844,1.1273982524871826,0.459382027387619
5,3,21.637299676984547,0.9411497712135315,2.509654998779297,19.538454055786133,1.3595918416976929,0.04909282550215721
5,4,1.541508911550045,0.9368032217025757,1.7423133850097656,0.09679153561592102,0.8730936646461487,0.03580038994550705
5,5,0.9253277704119682,0.9359405636787415,1.49945068359375,0.07643967121839523,0.3287804424762726,0.033029407262802124
5,6,0.778987430036068,0.9361751079559326,1.3140891790390015,0.06921566277742386,0.2188267558813095,0.04089215397834778
5,7,0.7659533321857452,0.9366311430931091,1.1020619869232178,0.05512670427560806,0.2665298581123352,0.03655814379453659
5,8,0.7333178468048573,0.9366104602813721,1.0448671579360962,0.04699944704771042,0.24105769395828247,0.04896518215537071
5,9,0.744034418836236,0.9366104602813721,1.0080924034118652,0.04248485341668129,0.2829221189022064,0.02968687377870083
5,10,0.5360150463879109,0.9374551177024841,0.9787139296531677,0.03604086488485336,0.09298869222402573,0.023751679807901382
5,11,0.5338902272284031,0.9375460743904114,0.9752818942070007,0.03535181283950806,0.08978154510259628,0.02619127556681633
5,12,0.5114576138556004,0.9362788796424866,0.9748095870018005,0.029101040214300156,0.07454325258731842,0.02559562772512436
5,13,0.5864706572145224,0.9366572499275208,0.976740300655365,0.014273902401328087,0.07085733115673065,0.11865991353988647
5,14,0.6116626176983119,0.9364993572235107,0.9777095317840576,0.014458002522587776,0.07800538092851639,0.13635745644569397
5,15,0.5897127101197839,0.936297595500946,0.9785352945327759,0.011703402735292912,0.08448173105716705,0.11056099832057953
5,16,0.5558792069554329,0.9365146160125732,0.9791179895401001,0.009074822068214417,0.06964219361543655,0.09403567016124725
5,17,0.5479325296357274,0.9365636110305786,0.9793872237205505,0.008900021202862263,0.06344114989042282,0.09240119159221649
5,18,0.5707804497331381,0.9364064931869507,0.9795966744422913,0.010392611846327782,0.07427706569433212,0.10291013866662979
6,0,30.191838896274568,0.9358856081962585,0.9829305410385132,21.330289840698242,6.146017551422119,2.331768274307251
6,1,27.570648992061614,0.9378858804702759,0.9751995205879211,21.316709518432617,5.116321086883545,0.7550013065338135
6,2,23.69597969055176,0.937892735004425,0.9779011607170105,17.191112518310547,5.871244430541992,0.25046396255493164
6,3,19.105509769916534,0.9358901381492615,0.9802508354187012,17.353635787963867,1.1036608219146729,0.26498496532440186
6,4,1.0004098977893592,0.9365115761756897,0.9804037809371948,0.012257596477866173,0.2679101526737213,0.3368590772151947
6,5,0.9530676640570164,0.9379779696464539,0.9803817272186279,0.012045789510011673,0.3245014548301697,0.23284848034381866
6,6,0.9422933377325535,0.9379649758338928,0.9807719588279724,0.010517511516809464,0.35239139199256897,0.195637047290802
6,7,0.7860106432810426,0.9383751153945923,0.9795599579811096,0.0104338014498353,0.21440981328487396,0.17758001387119293
6,8,0.6707951322197915,0.9372802972793579,0.9791384339332581,0.011262007057666779,0.15823319554328918,0.11801618337631226
6,9,0.7224092686548829,0.9373140931129456,0.978405773639679,0.01045041624456644,0.14238612353801727,0.1864287555217743
6,10,0.6533624568954111,0.9372199177742004,0.9790922999382019,0.010871590115129948,0.13809016346931458,0.12113825976848602
6,11,0.639500154554844,0.9374498724937439,0.9806453585624695,0.012388519942760468,0.11842931807041168,0.12506327033042908
6,12,0.615400155261159,0.9374613165855408,0.9796770215034485,0.012243824079632759,0.11935090273618698,0.10037776082754135
6,13,0.5765616124495865,0.9371749758720398,0.9800047278404236,0.010633318684995174,0.09681309759616852,0.08567925542593002
6,14,0.5671976611018181,0.937161386013031,0.9809523820877075,0.009773589670658112,0.09099286794662476,0.08280844986438751
6,15,0.5439385557547212,0.9363016486167908,0.9808632731437683,0.010359280742704868,0.0741630420088768,0.07598324865102768
6,16,0.5750471614301205,0.9363607168197632,0.9811919331550598,0.010060656815767288,0.10144226998090744,0.08003370463848114
6,17,0.5482765598222613,0.9368612170219421,0.9811034798622131,0.009846488945186138,0.08464169502258301,0.07019543647766113
6,18,0.5270543249323965,0.9368326663970947,0.981079638004303,0.010164574719965458,0.07578873634338379,0.057518552988767624
6,19,0.5058619635179639,0.9367853403091431,0.9822027683258057,0.010251895524561405,0.04978461563587189,0.06202783063054085
6,20,0.49905487336218357,0.936716616153717,0.9822030663490295,0.00987824983894825,0.0462915301322937,0.0591011568903923
7,0,33.75917274951935,0.936153769493103,4.596340179443359,24.479660034179688,6.337851524353027,1.8351624011993408
7,1,30.182533037662505,0.9360001683235168,3.758172035217285,23.300445556640625,5.341700553894043,0.6015524864196777
7,2,15.575161242485047,0.9360005855560303,3.066009759902954,12.768769264221191,1.098875880241394,0.9071140289306641
7,3,13.674842810630798,0.9360005855560303,2.5054683685302734,11.053333282470703,1.0086749792099,0.9245407581329346
7,4,1.4410270154476166,0.9362527132034302,1.7402396202087402,0.11295159161090851,0.7423374652862549,0.050439491868019104
7,5,1.5923385918140411,0.9362468123435974,1.4914494752883911,0.08974021673202515,0.9220287799835205,0.09503033757209778
7,6,1.4717121064662932,0.936246931552887,1.3150173425674438,0.1008882150053978,0.8269239664077759,0.0936470702290535
7,7,1.4372827619314195,0.9421667456626892,1.1010639667510986,0.08237434923648834,0.8906588554382324,0.05560341477394104
7,8,1.2598838165402413,0.9423709511756897,1.0449247360229492,0.09235137701034546,0.6637080907821655,0.10636521130800247
7,9,1.0270568788051606,0.939540684223175,1.0090932846069336,0.08458572626113892,0.4252079427242279,0.12753641605377197
7,10,0.8109832629561424,0.9391064047813416,0.9793903827667236,0.06789139658212662,0.20565372705459595,0.15373878180980682
7,11,0.8582991361618042,0.9391592741012573,0.9754799008369446,0.06358173489570618,0.2174500972032547,0.19433946907520294
7,12,0.8188112311065197,0.937686562538147,0.9747925996780396,0.04038750007748604,0.2745962142944336,0.12133168429136276
7,13,0.853571904450655,0.9380229711532593,0.9778853058815002,0.04071696475148201,0.19189944863319397,0.2377738356590271
7,14,0.8065205179154873,0.9379944801330566,0.9790571928024292,0.01823459193110466,0.2095773071050644,0.19529828429222107
7,15,0.8942152753472328,0.9379944205284119,0.9803924560546875,0.01679324358701706,0.3004818856716156,0.19326277077198029
7,16,0.8314485101029276,0.937332272529602,0.982445478439331,0.014861109666526318,0.2406938374042511,0.19193801283836365
7,17,0.8738694861531258,0.9373167157173157,0.9826114773750305,0.014919959008693695,0.2703283727169037,0.20463551580905914
7,18,0.9821694048121572,0.9368115663528442,0.9850865006446838,0.012784761376678944,0.3602963984012604,0.22470863163471222
7,19,0.8884555224329234,0.9366438984870911,0.9866000413894653,0.015701571479439735,0.30328699946403503,0.18481816351413727
7,20,0.902191528864205,0.9366270303726196,0.9889538288116455,0.013425123877823353,0.23241280019283295,0.27123743295669556
8,0,31.713142943382262,0.936153769493103,4.596340179443359,21.357118606567383,6.854076862335205,2.395448684692383
8,1,18.504490041732787,0.936153769493103,3.7571816444396973,11.342565536499023,5.522122859954834,0.7011345624923706
8,2,16.516515219211577,0.940662145614624,3.079648017883301,10.192829132080078,4.657558917999268,0.8620651364326477
8,3,3.112780540436506,0.9406473636627197,2.542271614074707,0.05239693447947502,1.7260757684707642,0.6377240419387817
8,4,2.2234645081683992,0.9359897375106812,1.821090579032898,0.010679448954761028,1.3350162506103516,0.3263527452945709
8,5,1.525604447722435,0.9360086917877197,1.5559237003326416,0.01063285768032074,0.6814982891082764,0.3350868225097656
8,6,1.1309158992022277,0.9359606504440308,1.3860585689544678,0.01049472950398922,0.6269193291664124,0.029097996652126312
8,7,0.9746514869853854,0.9359695315361023,1.129036545753479,0.009516126476228237,0.5245393514633179,0.02759479358792305
8,8,1.0179088594391943,0.9359159469604492,1.0602011680603027,0.010851581580936909,0.5778703689575195,0.029963485896587372
8,9,1.0309602793306114,0.9361044764518738,1.0189982652664185,0.01046980731189251,0.6016994118690491,0.0277705118060112
8,10,1.023024014569819,0.9366573095321655,0.9803715944290161,0.010869094170629978,0.6011598110198975,0.027589328587055206
8,11,1.1230256466194988,0.9364516735076904,0.9752542972564697,0.00878626387566328,0.7051669359207153,0.026731252670288086
8,12,1.0483050690963864,0.9364603757858276,0.9750021696090698,0.010602585040032864,0.6272509098052979,0.028159065172076225
8,13,1.0987941181287169,0.9367475509643555,0.9790742993354797,0.01042607706040144,0.6764713525772095,0.028732318431138992
9,0,29.92023899555206,0.9358783960342407,0.9852712154388428,21.21798324584961,6.022201061248779,2.2958247661590576
9,1,27.35400336384773,0.9359884262084961,0.9893242716789246,21.043556213378906,5.483078956604004,0.44230565428733826
9,2,25.121437564492226,0.9361287951469421,0.9913668036460876,22.75360870361328,1.7906646728515625,0.19166506826877594
9,3,10.18093985170126,0.9361277222633362,0.9818342924118042,8.396672248840332,1.292781114578247,0.10789408534765244
9,4,1.8647300966084004,0.9372494220733643,0.9844069480895996,0.052935708314180374,0.589311957359314,0.8381511569023132
9,5,1.9707895405590534,0.9358834624290466,0.9825838208198547,0.03260843828320503,0.29578787088394165,1.2586997747421265
9,6,0.7690032277256251,0.9359311461448669,0.9826167821884155,0.014501282945275307,0.23957625031471252,0.1312161087989807
9,7,0.6776018051430583,0.9363857507705688,0.9806563258171082,0.011532335542142391,0.23551538586616516,0.04714566841721535
9,8,0.6657813336700201,0.9362821578979492,0.9800347089767456,0.010696450248360634,0.2320891171693802,0.03973239287734032
9,9,0.6971201561391354,0.9362847208976746,0.9798284769058228,0.011668581515550613,0.2694214880466461,0.032807447016239166
9,10,0.5853787679225206,0.9360519051551819,0.9809640049934387,0.010132243856787682,0.1603095829486847,0.03153375908732414
9,11,0.6063902314752341,0.9360515475273132,0.9813454747200012,0.01262863539159298,0.1784610152244568,0.031821176409721375
9,12,0.6008764890953899,0.9360515475273132,0.9818109273910522,0.0119159622117877,0.17324857413768768,0.032139457762241364
9,13,0.5941707603633404,0.9359186887741089,0.9807944297790527,0.011321602389216423,0.17371253669261932,0.025793997570872307
9,14,0.5685363372787834,0.9359176158905029,0.981295645236969,0.00951524917036295,0.14759482443332672,0.027983611449599266
9,15,0.5681923983618618,0.9359176158905029,0.981609046459198,0.011767550371587276,0.1397479772567749,0.03317153826355934
9,16,0.5948995850980282,0.9358983635902405,0.982141375541687,0.011520136147737503,0.17512167990207672,0.02464982122182846
9,17,0.5925677655264736,0.9359001517295837,0.9823995232582092,0.01087918970733881,0.17760106921195984,0.02042757160961628
9,18,0.5672874325886369,0.9358879327774048,0.9821312427520752,0.011935574002563953,0.15020963549613953,0.0215383879840374
9,19,0.555878813751042,0.9360314607620239,0.9822190403938293,0.010802113451063633,0.14225821197032928,0.019168388098478317
9,20,0.4802406821399927,0.9361119270324707,0.9817909002304077,0.01005692221224308,0.0654272511601448,0.021175943315029144
10,0,34.40183312892914,0.936153769493103,4.596340179443359,24.527681350708008,6.223618984222412,2.544034004211426
10,1,26.8473757147789,0.9497811794281006,3.759871006011963,22.32708740234375,2.787374973297119,0.7909829020500183
10,2,19.168260478973387,0.9504149556159973,3.0566608905792236,15.980968475341797,1.778028130531311,0.6078487038612366
10,3,17.849078363180162,0.9399164319038391,2.5069351196289062,14.998760223388672,1.7069202661514282,0.45402756333351135
10,4,1.7638602770864964,0.9368574023246765,1.733209490776062,0.03165236487984657,0.9177364110946655,0.28045812249183655
10,5,1.658476409316063,0.9368415474891663,1.4693098068237305,0.014571622014045715,0.8646426796913147,0.29803183674812317
10,6,1.5473975641652942,0.9360732436180115,1.2914044857025146,0.012561718933284283,0.6855570673942566,0.40378323197364807
10,7,0.7426633767783641,0.9361181259155273,1.0919660329818726,0.010319884866476059,0.20024758577346802,0.12647907435894012
10,8,0.6914795281365513,0.9361926317214966,1.036611795425415,0.010928538627922535,0.20555590093135834,0.08043420314788818
10,9,0.6350386077538133,0.9361916780471802,1.004023551940918,0.010830708779394627,0.1631712168455124,0.07299363613128662
10,10,0.6089924583211541,0.9361078143119812,0.9795154333114624,0.010762118734419346,0.14935052394866943,0.06575516611337662
10,11,0.6086255146190525,0.935890793800354,0.9761653542518616,0.010407394729554653,0.16207082569599152,0.053736064583063126
10,12,0.6503002436831594,0.935894787311554,0.9748099446296692,0.010570873506367207,0.16501301527023315,0.09257540851831436
10,13,0.6644808324053884,0.9359691143035889,0.9754034280776978,0.009450246579945087,0.20666587352752686,0.06609020382165909
10,14,0.6304620215669274,0.9360304474830627,0.9762299060821533,0.010586940683424473,0.19372791051864624,0.04369509965181351
10,15,0.628959482908249,0.9359691143035889,0.976784348487854,0.01152012124657631,0.1907646507024765,0.044124018400907516
10,16,0.5915776005014777,0.9359776973724365,0.9783012270927429,0.008161014877259731,0.16737739741802216,0.03318340331315994
10,17,0.6162532106041908,0.9359779953956604,0.9796972870826721,0.0096491239964962,0.1881539672613144,0.03531506285071373
10,18,0.5512607343494892,0.9359779953956604,0.9809534549713135,0.008961964398622513,0.11928833276033401,0.03962414711713791
10,19,0.5616556715220213,0.9359999299049377,0.9795824289321899,0.010013347491621971,0.11089281737804413,0.05763303488492966
10,20,0.5787530809640884,0.9360000491142273,0.9799993634223938,0.009198859333992004,0.11302343755960464,0.07333090156316757
10,21,0.5395637990906834,0.9360343813896179,0.9805881977081299,0.00983890239149332,0.055791225284338,0.09060915559530258
10,22,0.5891152760013938,0.9361288547515869,0.9802790880203247,0.009847856126725674,0.06291850656270981,0.133067324757576
10,23,0.4974253088235855,0.9361514449119568,0.9804006218910217,0.009033191949129105,0.05928727611899376,0.04579442739486694
11,0,28.96968741416931,0.936153769493103,4.596340179443359,21.540815353393555,4.939139366149902,1.383233904838562
11,1,17.190032970905303,0.936153769493103,3.757251024246216,9.816401481628418,6.113755702972412,0.3211948275566101
11,2,4.661106050014496,0.936153769493103,3.0846211910247803,0.2915724217891693,3.2692062854766846,0.2961723506450653
11,3,2.075362867116928,0.9408485889434814,2.5317792892456055,0.2822831869125366,0.9060661196708679,0.19248798489570618
11,4,1.6053158082067966,0.9362064599990845,1.778333306312561,0.009811315685510635,0.8077226281166077,0.24487391114234924
11,5,1.5307596726343036,0.9361189603805542,1.5306788682937622,0.012430618517100811,0.7933146953582764,0.2316547930240631
11,6,1.429468154720962,0.9395194053649902,1.3393322229385376,0.013104367069900036,0.6823049187660217,0.2782885432243347
11,7,1.3728425662964583,0.9377274513244629,1.1236153841018677,0.010360775515437126,0.6520988345146179,0.2981143891811371
11,8,1.4695597695186735,0.9367799162864685,1.0594578981399536,0.011102085001766682,0.8184722065925598,0.2407379150390625
11,9,1.3906585087999703,0.9367802143096924,1.0193825960159302,0.0106504550203681,0.6983990669250488,0.2903764247894287
11,10,1.1841773618012668,0.9374785423278809,0.9822689294815063,0.009362863376736641,0.5066448450088501,0.2842201590538025
11,11,1.1440846044570208,0.9374630451202393,0.9765410423278809,0.010412098839879036,0.4413091838359833,0.3095625042915344
11,12,1.1734826929867268,0.9378570318222046,0.9749337434768677,0.010270494967699051,0.43760767579078674,0.3430463671684265
11,13,1.1135176993906497,0.9382097125053406,0.9760600328445435,0.011270437389612198,0.4107011556625366,0.30869215726852417
11,14,1.1464961137622596,0.9381372332572937,0.9779403805732727,0.010336300358176231,0.39717963337898254,0.3557646572589874
11,15,1.0827935745939614,0.9380228519439697,0.9790399074554443,0.010323255322873592,0.3560018241405487,0.33305594325065613
11,16,1.1518866086378694,0.9381304383277893,0.9807835221290588,0.009938874281942844,0.44663870334625244,0.31152623891830444
11,17,1.1568683883175255,0.9381524920463562,0.9801936745643616,0.00970329251140356,0.40347349643707275,0.3600223660469055
11,18,1.1276476489380003,0.9380655884742737,0.9804728031158447,0.010443066246807575,0.42637908458709717,0.3071178197860718
11,19,1.2815512022003532,0.937631368637085,0.9814103841781616,0.01009498443454504,0.4833938181400299,0.4042540490627289
11,20,1.2300134276971222,0.9374078512191772,0.9810765981674194,0.009973458014428616,0.5002366304397583,0.33610644936561584
11,21,1.0652227653190494,0.9375759363174438,0.9821263551712036,0.009518112055957317,0.3170952796936035,0.35466891527175903
11,22,0.9286281691864133,0.9376028180122375,0.9810241460800171,0.010577653534710407,0.1893514096736908,0.34497371315956116
11,23,0.9272811125963927,0.9379952549934387,0.9812772274017334,0.010722367092967033,0.15381254255771637,0.3788917064666748
11,24,0.8506259458139539,0.9375612735748291,0.9831213355064392,0.010831345804035664,0.1307743787765503,0.32488369941711426
12,0,28.785907089710236,0.9360637068748474,0.9808201789855957,21.25942039489746,5.224554538726807,1.9185553789138794
12,1,5.757275431603193,0.940778374671936,0.9808201789855957,0.016481678932905197,4.041321754455566,1.3151522874832153
12,2,2.680896992050111,0.9362283945083618,0.9830807447433472,0.013054079376161098,1.9589611291885376,0.3250199556350708
12,3,0.9894634345546365,0.9359376430511475,0.9801865816116333,0.013649539090692997,0.4785606861114502,0.11402836441993713
12,4,0.986549641750753,0.9359527826309204,0.9838440418243408,0.012111282907426357,0.5118159055709839,0.07866308838129044
12,5,0.6996714100241661,0.9364016652107239,0.9819297194480896,0.010568618774414062,0.2685510218143463,0.036885492503643036
12,6,0.701956219226122,0.9371588230133057,0.9819557070732117,0.00961412861943245,0.27706730365753174,0.03145188093185425
12,7,0.7373238105326891,0.9366663694381714,0.9802272915840149,0.010880822315812111,0.30217573046684265,0.040888525545597076
12,8,0.7205395648255944,0.9366771578788757,0.9826905727386475,0.011613347567617893,0.2794029116630554,0.04564975947141647
12,9,0.700659822113812,0.9359796643257141,0.983312726020813,0.011547521688044071,0.25993597507476807,0.04531784728169441
12,10,0.7091185752302408,0.9360699653625488,0.9856101870536804,0.009860964491963387,0.22029386460781097,0.09462771564722061
12,11,0.8380447803065181,0.9360641837120056,0.9855800271034241,0.01136940997093916,0.25055667757987976,0.19178985059261322
13,0,29.492237639427184,0.936153769493103,4.596340179443359,19.89776611328125,6.060746192932129,2.4272265434265137
13,1,19.786326909065245,0.936153769493103,3.75775146484375,14.030961990356445,4.534733295440674,0.28185057640075684
13,2,16.480242210626603,0.9435957670211792,3.080030918121338,12.650368690490723,2.5373013019561768,0.48784688115119934
13,3,17.302423298358917,0.9465947151184082,2.5311896800994873,15.283693313598633,1.017480731010437,0.3056923747062683
13,4,1.4048777857795358,0.954191267490387,1.748705267906189,0.01068779919296503,0.7025355100631714,0.15107516944408417
13,5,1.363849830068648,0.9617791771888733,1.493357539176941,0.011842706240713596,0.730092465877533,0.13088731467723846
13,6,1.0034376615658402,0.9545969367027283,1.3109759092330933,0.011625983752310276,0.36531656980514526,0.1733805388212204
13,7,0.8555544396862388,0.9529495239257812,1.1013574600219727,0.01150746550410986,0.2999121844768524,0.1332733929157257
13,8,0.8803599711507559,0.9491336941719055,1.043038249015808,0.012028729543089867,0.3347029387950897,0.13519391417503357
13,9,0.6443586993962527,0.9498847126960754,1.0074262619018555,0.010804424062371254,0.14978241920471191,0.09230966120958328
13,10,0.609454851411283,0.9464898705482483,0.9787741899490356,0.01107338722795248,0.11701270192861557,0.09631595015525818
13,11,0.5959172056987881,0.9465261101722717,0.975072979927063,0.010963772423565388,0.09493648260831833,0.1056971326470375
13,12,0.5817555474117398,0.9455960988998413,0.9749279618263245,0.010455002076923847,0.0964864045381546,0.09070932865142822
13,13,0.5867101851850748,0.9447707533836365,0.9777352213859558,0.010051021352410316,0.10003973543643951,0.09211823344230652
13,14,0.5747009111568332,0.9447945952415466,0.9801518321037292,0.010328325442969799,0.08701290935277939,0.09237039089202881
13,15,0.5705744333565235,0.9448089003562927,0.9815569519996643,0.010670129209756851,0.08619479089975357,0.08843634277582169
13,16,0.5841712845489383,0.9420649409294128,0.9822389483451843,0.010309415869414806,0.0840863361954689,0.10491475462913513
13,17,0.5805861160159111,0.9413371682167053,0.9836621284484863,0.01058698445558548,0.07062973082065582,0.11436954140663147
13,18,0.5829821368679404,0.94069504737854,0.9843564629554749,0.009840390644967556,0.07367995381355286,0.11445149034261703
13,19,0.591500866599381,0.9402140974998474,0.9845553636550903,0.009770435281097889,0.07186100631952286,0.12491553276777267
13,20,0.5778151778504252,0.9398754835128784,0.9846181273460388,0.00929133128374815,0.07958976179361343,0.10403536260128021
13,21,0.5741743676364423,0.9398413896560669,0.9853556156158447,0.010880928486585617,0.06597359478473663,0.11228044331073761
14,0,31.83397192955017,0.936153769493103,4.596340179443359,23.432476043701172,5.323233127593994,1.9717639684677124
14,1,30.9785517513752,0.9417070746421814,3.7612760066986084,24.61239242553711,5.081578254699707,0.343984454870224
14,2,26.27952842116356,0.9417738914489746,3.0397613048553467,23.800458908081055,1.4052881002426147,0.27747437357902527
14,3,25.11770952343941,0.9417732357978821,2.46864914894104,22.897817611694336,1.1978939771652222,0.3399134576320648
14,4,1.893026551604271,0.9404714107513428,1.7155531644821167,0.017304733395576477,1.0464946031570435,0.2980223000049591
14,5,1.6008909555152058,0.9386866688728333,1.463212251663208,0.01428863126784563,0.7851959466934204,0.32102659344673157
14,6,1.1158001838251947,0.9394124746322632,1.2886772155761719,0.014461386017501354,0.37956687808036804,0.2761539816856384
14,7,0.990345306508243,0.9373161196708679,1.086069107055664,0.010631556622684002,0.33245348930358887,0.24258321523666382
14,8,1.1366310162469744,0.9368529319763184,1.0341392755508423,0.011531989090144634,0.4337071180343628,0.2971934676170349
14,9,1.0991494961082935,0.9363203048706055,1.0079203844070435,0.012955743819475174,0.44128650426864624,0.25605911016464233
14,10,1.0181606950238347,0.9360426664352417,0.9798154830932617,0.010814306326210499,0.6002905368804932,0.02388422191143036
14,11,1.0588132977485656,0.9360591769218445,0.9754899144172668,0.011170938611030579,0.6424391865730286,0.022893354296684265
14,12,1.0045396653935312,0.9361011981964111,0.9747928380966187,0.01157784927636385,0.5904800295829773,0.02030297927558422
14,13,1.2007658494636417,0.9360970854759216,0.9761178493499756,0.010744334198534489,0.7888704538345337,0.01870807446539402
15,0,32.431980872154234,0.9369983077049255,0.978243887424469,24.555870056152344,5.740011692047119,1.753050684928894
15,1,29.28687683492899,0.9448046684265137,0.9996529221534729,24.276025772094727,4.531541347503662,0.09041819721460342
15,2,12.888900081813336,0.9450254440307617,0.9957616329193115,9.543633460998535,2.9127001762390137,0.04440902918577194
15,3,10.111131697893143,0.9450259804725647,0.9909331798553467,6.483344554901123,3.165153741836548,0.07544156908988953
15,4,1.9438941229134798,0.9365012049674988,0.9874696135520935,0.026871489360928535,0.7133798599243164,0.8188486099243164
15,5,2.1689164135605097,0.9363902807235718,0.9866975545883179,0.01789397932589054,0.7843908667564392,0.982014000415802
15,6,1.9538830824196338,0.9359837174415588,0.9877505898475647,0.014815051108598709,0.5527482032775879,1.0015729665756226
15,7,1.154730456508696,0.9358992576599121,0.9843369126319885,0.010358297266066074,0.4068187177181244,0.3535062074661255
15,8,1.092400964163244,0.9359027147293091,0.9854062795639038,0.009677990339696407,0.3865694999694824,0.31189167499542236
15,9,1.014325025677681,0.9358840584754944,0.985361635684967,0.011500820517539978,0.3190690875053406,0.29950597882270813
15,10,1.1584272222593426,0.9358906149864197,0.983756959438324,0.010331709869205952,0.5710987448692322,0.1930672526359558
15,11,1.1236967401579023,0.9358804821968079,0.9836482405662537,0.009775315411388874,0.5539403557777405,0.17607532441616058
15,12,1.119701800495386,0.9359111189842224,0.9852405786514282,0.01049453392624855,0.5797363519668579,0.14524057507514954
15,13,1.1720220448449254,0.9359226226806641,0.9835554957389832,0.009812389500439167,0.6547127962112427,0.12360123544931412
15,14,0.9027312500402331,0.9359018206596375,0.9839244484901428,0.011067110113799572,0.3883645534515381,0.11933433264493942
15,15,0.7969008274376392,0.9360451102256775,0.9840484857559204,0.010706733912229538,0.3026215136051178,0.09955386072397232
15,16,0.7137374645099044,0.9360896944999695,0.9842610955238342,0.009431115351617336,0.23190204799175262,0.08833414316177368
15,17,0.6912578297778964,0.9361307621002197,0.984227180480957,0.010494905523955822,0.20710153877735138,0.08958979696035385
15,18,0.651707686111331,0.9363278746604919,0.9827382564544678,0.011083533987402916,0.16415856778621674,0.09265235811471939
15,19,0.6495830483734608,0.9364992380142212,0.983782947063446,0.011225055903196335,0.15511834621429443,0.09918320924043655
15,20,0.5966179801151157,0.9361469745635986,0.9836878776550293,0.011035884730517864,0.15942126512527466,0.042193859815597534
15,21,0.5582950113341212,0.9361473321914673,0.9844434261322021,0.010687016882002354,0.1408809870481491,0.022608855739235878
15,22,0.5085872346535325,0.9360766410827637,0.9840479493141174,0.01016152836382389,0.10084826499223709,0.013552523218095303
15,23,0.47393823191523554,0.9360482692718506,0.9834064841270447,0.010312347672879696,0.06767889112234116,0.012056042440235615
16,0,31.210651230812072,0.936153769493103,4.596340179443359,21.94556999206543,5.9802656173706055,2.178316831588745
16,1,20.215403574705125,0.936153769493103,3.7579762935638428,13.097341537475586,5.924919605255127,0.25431641936302185
16,2,17.636853414028884,0.9405248165130615,3.0803298950195312,12.837955474853516,3.9526751041412354,0.04205189272761345
16,3,2.505719009041786,0.9405298829078674,2.532166004180908,0.247648686170578,1.4187744855880737,0.14475665986537933
16,4,1.6185711067169906,0.9395790696144104,1.7381585836410522,0.027332959696650505,0.8391520977020264,0.21653851866722107
16,5,1.6079847576096653,0.9395743012428284,1.4845279455184937,0.011790198273956776,0.9360687136650085,0.17530539631843567
16,6,1.1941329481080176,0.9372335076332092,1.3001800775527954,0.011197579093277454,0.5804350972175598,0.15501755475997925
16,7,1.1831992086023093,0.936042845249176,1.084197759628296,0.010241424664855003,0.5680350661277771,0.20087459683418274
16,8,0.8991778498515487,0.9359049201011658,1.0308681726455688,0.010647325776517391,0.3891300857067108,0.10604581981897354
16,9,0.8082589900121093,0.9359075427055359,0.9995619058609009,0.011194190941751003,0.2812204658985138,0.12875044345855713
16,10,0.7689255772158504,0.935888409614563,0.9772014021873474,0.011056768707931042,0.2826510965824127,0.09259974956512451
16,11,0.6595982365310192,0.9358804821968079,0.9748770594596863,0.01121022179722786,0.20055045187473297,0.06568605452775955
16,12,0.6547094834968448,0.9358805418014526,0.9752535820007324,0.009792248718440533,0.16310524940490723,0.09958516061306
16,13,0.6775018878281116,0.936201810836792,0.9779787659645081,0.009329322725534439,0.1526668518781662,0.132669597864151
16,14,0.6865126295015216,0.9360170364379883,0.9794014692306519,0.011344137601554394,0.18143156170845032,0.11065322905778885
16,15,0.6432150596752764,0.9365429878234863,0.9805920124053955,0.010696792043745518,0.13550427556037903,0.11358699202537537
16,16,0.6645045619457961,0.9364617466926575,0.9834371209144592,0.009503064677119255,0.14837759733200073,0.12264412641525269
16,17,0.6027664240449667,0.9363158941268921,0.9833438992500305,0.00922335498034954,0.10828711837530136,0.10132399201393127
16,18,0.5991373382508755,0.9363241791725159,0.9818577766418457,0.010029468685388565,0.1221398115158081,0.08333166688680649
16,19,0.5431657327339053,0.9360511302947998,0.983392596244812,0.009964982978999615,0.0765649676322937,0.07274703681468964
16,20,0.5808876404538751,0.9360504150390625,0.9837202429771423,0.009834312833845615,0.11982778459787369,0.0672714114189148
16,21,0.5604409735649825,0.936050534248352,0.9830419421195984,0.009483804926276207,0.1027393713593483,0.06439930200576782
16,22,0.5325210068374873,0.9362430572509766,0.9834147691726685,0.010179420933127403,0.0860089585185051,0.05240106210112572
16,23,0.5239397708326579,0.9360558390617371,0.9833179712295532,0.010495657101273537,0.09140679985284805,0.03816255182027817
16,24,0.5147528937086463,0.9360513687133789,0.9832715392112732,0.00975420605391264,0.07722998410463333,0.04390412196516991
17,0,31.73900146484375,0.936153769493103,4.596340179443359,23.500244140625,6.0209197998046875,1.11133873462677
17,1,18.827432179450987,0.936153769493103,3.7585203647613525,10.192951202392578,6.252109527587891,1.443436622619629
17,2,15.69050624370575,0.936153769493103,3.074772834777832,9.014364242553711,5.820727348327637,0.053229331970214844
17,3,4.594232321530581,0.936153769493103,2.5052709579467773,0.2544921934604645,3.5998117923736572,0.05164339020848274
17,4,1.389346658065915,0.9364938735961914,1.7348692417144775,0.017884230241179466,0.7756306529045105,0.061559151858091354
17,5,1.3967186760157346,0.9377736449241638,1.4847403764724731,0.017979217693209648,0.8077149987220764,0.08652165532112122
17,6,1.0931794490665196,0.9377851486206055,1.3007365465164185,0.016004925593733788,0.5536195039749146,0.07585068047046661
17,7,1.0087557991966605,0.9358860850334167,1.0894577503204346,0.013999401591718197,0.5293908715248108,0.06029675900936127
17,8,1.0403337663039565,0.9368200898170471,1.0355751514434814,0.013577735982835293,0.578521728515625,0.0537552535533905
17,9,1.1077439961954951,0.9368736743927002,1.0035686492919922,0.013114566914737225,0.6221303939819336,0.08441057056188583
17,10,1.018169040232897,0.936687171459198,0.9781363606452942,0.013856973499059677,0.5242708921432495,0.09707646816968918
17,11,1.3225837461650372,0.9366875886917114,0.975189208984375,0.010526072233915329,0.8459144234657288,0.08376789093017578
17,12,1.1701821072027088,0.9366876482963562,0.9748496413230896,0.010391275398433208,0.7105118036270142,0.06697157025337219
17,13,0.8943125242367387,0.9368452429771423,0.9769424796104431,0.009453968144953251,0.42603304982185364,0.0760679617524147
17,14,0.8985980447381735,0.9366623163223267,0.9788141250610352,0.009913759306073189,0.4465564489364624,0.05903254821896553
17,15,0.9141920885071159,0.9366668462753296,0.9802281856536865,0.01058471854776144,0.42803508043289185,0.09219328314065933
17,16,0.9464246440678835,0.9364900588989258,0.9814072251319885,0.010086746886372566,0.474386066198349,0.07837237417697906
17,17,0.9701600179076195,0.9364885091781616,0.9826251268386841,0.009747713804244995,0.4724680781364441,0.10412149876356125
17,18,0.8614992117509246,0.9368242025375366,0.9824110865592957,0.00925834383815527,0.42603617906570435,0.04235763102769852
17,19,0.7440506750717759,0.9362366795539856,0.9846165776252747,0.009691216982901096,0.3173570930957794,0.03283171355724335
17,20,0.5894084490835667,0.936159074306488,0.9845272302627563,0.009981121867895126,0.16142281889915466,0.033867247402668
17,21,0.5764707043766976,0.9361581802368164,0.984495222568512,0.009993404150009155,0.14836984872817993,0.03397677093744278
17,22,0.5027034368366003,0.9361085295677185,0.9847425818443298,0.010355111211538315,0.08421072363853455,0.023967379704117775
17,23,0.49299529232084754,0.9359534978866577,0.9853132963180542,0.01014544628560543,0.0746123194694519,0.023984167724847794
18,0,29.90600459575653,0.9371516704559326,0.9814296960830688,20.707420349121094,5.8856706619262695,2.929197311401367
18,1,21.354822754859924,0.9371516704559326,0.9748222827911377,15.390549659729004,4.843820571899414,0.7380577325820923
18,2,18.77932821214199,0.9376454949378967,0.9762197136878967,16.899152755737305,1.3971115350723267,0.10029087960720062
18,3,2.4703292816877367,0.9376611709594727,0.9769420027732849,0.16732876002788544,1.854251503944397,0.06582838296890259
18,4,1.6501337915658951,0.9371069073677063,0.9789883494377136,0.013244397938251495,1.2104566097259521,0.04321373254060745
18,5,0.9189486896619201,0.9363632202148438,0.9807488918304443,0.013001582585275173,0.35344111919403076,0.16908356547355652
18,6,0.688148301281035,0.9359616637229919,0.9817748069763184,0.012989860959351063,0.23661786317825317,0.05499328300356865
18,7,0.5961295379325748,0.9363988637924194,0.9853331446647644,0.012563652358949184,0.16168242692947388,0.03753705695271492
18,8,0.5526031021028757,0.9361535906791687,0.9853136539459229,0.011451968923211098,0.11965571343898773,0.03720197081565857
18,9,0.5735124882310629,0.9362804293632507,0.9864306449890137,0.012896066531538963,0.1017758920788765,0.07429831475019455
18,10,0.5492106068879365,0.9361739754676819,0.9871231317520142,0.011133300140500069,0.07544433325529099,0.07797355204820633
18,11,0.5364522283896804,0.9362727403640747,0.9860494136810303,0.011274724267423153,0.07015004009008408,0.07056303322315216
18,12,0.5400396680459381,0.9362707734107971,0.9839190244674683,0.012069209478795528,0.07770472764968872,0.06622777134180069
18,13,0.5221552947536111,0.937497615814209,0.9843329787254333,0.011291437782347202,0.059342093765735626,0.06715564429759979
18,14,0.5360056286677719,0.9374939799308777,0.9850814342498779,0.011406089179217815,0.06163070723414421,0.07845374941825867
18,15,0.524955190718174,0.9376189112663269,0.9833958745002747,0.011418238282203674,0.06341451406478882,0.06591948121786118
18,16,0.5345056559890509,0.9369901418685913,0.983722448348999,0.009733280166983604,0.061350055038928986,0.07927980273962021
18,17,0.5440182071179152,0.9369959831237793,0.9834287166595459,0.009629426524043083,0.07653196901082993,0.0737718716263771
18,18,0.5216920707374811,0.9371017813682556,0.9830628633499146,0.011831654235720634,0.04817032441496849,0.07765716314315796
18,19,0.5237176360562443,0.9376363754272461,0.9831084609031677,0.012201332487165928,0.053046341985464096,0.07432099431753159
19,0,31.752584290504455,0.936153769493103,4.596340179443359,21.708492279052734,5.89996862411499,3.0376245975494385
19,1,15.985930025577545,0.936153769493103,3.7583813667297363,8.402264595031738,5.955471038818359,0.6892873644828796
19,2,6.048037311434745,0.936153769493103,3.0794360637664795,0.12388323247432709,4.6942057609558105,0.42683035135269165
19,3,2.952297478914261,0.9359679818153381,2.5247769355773926,0.12813523411750793,1.6184215545654297,0.5135917067527771
19,4,1.9042517423629761,0.9388940930366516,1.761791706085205,0.027355775237083435,1.1051814556121826,0.23157735168933868
19,5,1.7889157336205246,0.9388818740844727,1.5106697082519531,0.015467016026377678,1.0200115442276,0.2635268568992615
19,6,1.7794735165312887,0.9388819336891174,1.3207672834396362,0.015198317356407642,1.0691206455230713,0.24322471022605896
19,7,1.2725283244624734,0.9384810328483582,1.1000710725784302,0.012311817146837711,0.672489583492279,0.18001650273799896
19,8,1.1560628471896053,0.9391254782676697,1.040616512298584,0.012338045053184032,0.5624033212661743,0.18537308275699615
19,9,1.150120293535292,0.940626323223114,1.004282832145691,0.011265032924711704,0.5098766684532166,0.2399967610836029
19,10,1.2403015684336425,0.9384669065475464,0.9771878123283386,0.011350033804774284,0.6200546622276306,0.22576592862606049
19,11,1.1982001939788463,0.9388218522071838,0.9748488068580627,0.010019824840128422,0.5554100275039673,0.25003620982170105
19,12,1.0160924978554249,0.9401708245277405,0.9753767251968384,0.011512760072946548,0.43952491879463196,0.1819453090429306
19,13,1.0965742925181985,0.9410021901130676,0.9802748560905457,0.01059508416801691,0.526346743106842,0.17537705600261688
19,14,0.7169835343956947,0.9404699802398682,0.9828070998191833,0.01073099672794342,0.12485746294260025,0.19673965871334076
19,15,0.7712480986490846,0.9405006170272827,0.9867430925369263,0.00989114586263895,0.16006828844547272,0.2158399224281311
19,16,0.7439994746819139,0.9395678043365479,0.9882988333702087,0.011852272786200047,0.12933924794197083,0.21723462641239166
19,17,0.7044901290908456,0.9388958811759949,0.9883341193199158,0.010331385768949986,0.10335347801446915,0.20535926520824432
19,18,0.7231306992471218,0.9389482140541077,0.9875227808952332,0.0095541812479496,0.09981972724199295,0.2284625917673111
19,19,0.7262222265824676,0.9386098980903625,0.986462414264679,0.009280643425881863,0.09716220200061798,0.2347649186849594
19,20,0.7563561471179128,0.9383782744407654,0.9869301319122314,0.010936749167740345,0.10759000480175018,0.2527677118778229
19,21,0.7145687269046903,0.9385339617729187,0.9872512221336365,0.009979774244129658,0.11427266895771027,0.2051592469215393
19,22,0.7123304322361946,0.9377436637878418,0.986672580242157,0.010899148881435394,0.09425680339336395,0.2222912311553955
19,23,0.6306347467005253,0.9377760887145996,0.9867684245109558,0.009542275220155716,0.07756264507770538,0.1586209237575531
19,24,0.6890002416446805,0.9373553395271301,0.9870046973228455,0.00955760944634676,0.07256177067756653,0.2220088541507721
20,0,32.4195805311203,0.936153769493103,4.596340179443359,23.959278106689453,6.31935453414917,1.0344491004943848
20,1,31.908668810129164,0.9358785152435303,3.758239507675171,25.13286590576172,5.451381206512451,0.3855980932712555
20,2,24.55894594192505,0.9358785152435303,3.0743186473846436,20.068538665771484,2.109908103942871,1.5784597396850586
20,3,21.322846364974975,0.9358785152435303,2.5233101844787598,16.634262084960938,2.5707528591156006,1.4259936809539795
20,4,3.807580982707441,0.936311662197113,1.7631429433822632,0.011190208606421947,3.208458662033081,0.04804119095206261
20,5,3.8503495667129757,0.9363052845001221,1.500430703163147,0.011338936164975166,3.311009407043457,0.040654025971889496
20,6,3.6853796096518634,0.9364048838615417,1.3147432804107666,0.009861183352768421,3.17641544342041,0.04887335002422333
20,7,2.108786416053772,0.9358991980552673,1.09870183467865,0.010090019553899765,1.6315654516220093,0.06021073833107948
20,8,1.8015335474163294,0.935939610004425,1.0406808853149414,0.011035757139325142,1.3309699296951294,0.06420376151800156
20,9,2.176322847791016,0.9363688826560974,1.0064897537231445,0.010039427317678928,1.7242738008499146,0.053437892347574234
20,10,0.942877826653421,0.9379344582557678,0.9781047105789185,0.009945257566869259,0.5051820874214172,0.044542647898197174
20,11,0.8714551350101829,0.9378690123558044,0.9749751091003418,0.00947475340217352,0.43409764766693115,0.04531390964984894
20,12,0.8292723543941976,0.9381593465805054,0.9753344058990479,0.011574547737836838,0.38119661808013916,0.05380243808031082
20,13,0.700138907879591,0.9371602535247803,0.9791466593742371,0.010044645518064499,0.2638072073459625,0.0430256724357605
20,14,0.6973358750343323,0.9366738796234131,0.980499267578125,0.010256674140691757,0.26114022731781006,0.04250434413552284
20,15,0.708208242431283,0.9366998076438904,0.9813228249549866,0.010519856587052345,0.27413275837898254,0.03995110094547272
20,16,0.6764224691316485,0.9364414215087891,0.9830642342567444,0.010691412724554539,0.2561652958393097,0.02566462941467762
20,17,0.6418652113527059,0.9364402890205383,0.984797477722168,0.00909433327615261,0.22574594616889954,0.02277737855911255
20,18,0.6776241213083267,0.9364402890205383,0.9853973388671875,0.008122937753796577,0.2552601993083954,0.029873458668589592
20,19,0.6295056879520416,0.936427652835846,0.9830127954483032,0.009535904973745346,0.21489453315734863,0.021187160164117813
20,20,0.6519366351887584,0.9364228844642639,0.9849850535392761,0.010532584972679615,0.23353779315948486,0.023584669455885887
20,21,0.6462804600596428,0.9365671277046204,0.984777569770813,0.009477559477090836,0.22298967838287354,0.02954428270459175
20,22,0.6093071719631553,0.9370869398117065,0.9833549857139587,0.009868797846138477,0.19138996303081512,0.02396002598106861
20,23,0.6307294093072414,0.9369239211082458,0.9838576912879944,0.009794250130653381,0.2105632871389389,0.026215549558401108
20,24,0.6547493571415544,0.9367555975914001,0.9842463731765747,0.010266856290400028,0.23526979982852936,0.02501230686903
21,0,29.12054897546768,0.9376600384712219,0.9776566028594971,19.983951568603516,6.3588995933532715,2.394634485244751
21,1,21.025137782096863,0.9376600384712219,0.9889930486679077,16.467639923095703,3.3681206703186035,0.8040465712547302
21,2,15.380014449357986,0.9376600384712219,0.9910213947296143,13.750837326049805,0.8188480138778687,0.4245928227901459
21,3,14.176157197356224,0.9376600384712219,0.9871317744255066,12.700265884399414,0.8724337816238403,0.21849916875362396
21,4,2.3470648288726808,0.937699556350708,0.990062952041626,0.015912190079689026,1.7925242185592651,0.1530759185552597
21,5,1.2866397444158792,0.9434152245521545,0.9866222143173218,0.010979348793625832,0.6890665292739868,0.20058637857437134
21,6,1.4624530393630266,0.943423330783844,0.9843467473983765,0.009948836639523506,0.8634246587753296,0.20352552831172943
21,7,1.6788152981549502,0.943847119808197,0.9829602241516113,0.009841995313763618,1.0949589014053345,0.18865293264389038
21,8,1.3971682516857982,0.9410077929496765,0.9817352294921875,0.010636079125106335,0.7646374106407166,0.23734615743160248
21,9,1.3077500503510238,0.9410136938095093,0.9817962646484375,0.01194990985095501,0.7228218913078308,0.1884162575006485
21,10,0.98436480127275,0.9366079568862915,0.9836858510971069,0.010878389701247215,0.3137499690055847,0.2756776809692383
21,11,0.9825501203536987,0.936660647392273,0.9845301508903503,0.010548591613769531,0.2985864281654358,0.28917694091796875
21,12,1.048443067073822,0.937105119228363,0.9847461581230164,0.009686797857284546,0.3975425064563751,0.2568435072898865
21,13,1.069310381449759,0.9363625645637512,0.9856013059616089,0.011218586005270481,0.3435496389865875,0.330149382352829
21,14,0.9180470475926996,0.9363771677017212,0.9856135249137878,0.011203364469110966,0.2890043258666992,0.23344121873378754
21,15,0.8469788808375598,0.9361339807510376,0.9857580661773682,0.011720346286892891,0.2805657386779785,0.17031438648700714
21,16,1.0275858471170067,0.9365929961204529,0.9842808842658997,0.01123711559921503,0.27137601375579834,0.3607979416847229
21,17,1.0082915525883436,0.9365938901901245,0.9862558841705322,0.011472104117274284,0.24250555038452148,0.3697439432144165
21,18,0.9447917191311718,0.9363084435462952,0.9862173795700073,0.010590883903205395,0.20455589890480042,0.3451397716999054
21,19,0.9706302527338266,0.9362062811851501,0.9872668981552124,0.009401688352227211,0.2359292060136795,0.3406047224998474
21,20,0.7027107955887913,0.9361204504966736,0.9872032999992371,0.009823431260883808,0.22009466588497162,0.08812794834375381
21,21,0.6985563920810819,0.9361278414726257,0.985878586769104,0.010103886015713215,0.1970687210559845,0.10698249936103821
21,22,0.725358260050416,0.935948371887207,0.9850645661354065,0.011450352147221565,0.2087179273366928,0.12098739296197891
21,23,0.7562292845919729,0.935958743095398,0.9843612313270569,0.00987256783992052,0.27303841710090637,0.08925430476665497
21,24,0.8436990613117814,0.9359588027000427,0.9844241738319397,0.010419980622828007,0.3536187708377838,0.0955837145447731
22,0,28.814173531532287,0.936153769493103,4.596340179443359,19.223249435424805,6.372673034667969,2.1117522716522217
22,1,25.13811949491501,0.939132034778595,3.7582356929779053,19.987951278686523,3.3729398250579834,0.8377548456192017
22,2,14.064989185333252,0.9391410946846008,3.0759942531585693,10.061104774475098,3.0954322814941406,0.10542505979537964
22,3,13.43992963284254,0.939141035079956,2.534864902496338,9.70872974395752,2.9183385372161865,0.1180601641535759
22,4,3.1981822814792396,0.9360494017601013,1.7725306749343872,0.020221469923853874,2.5173540115356445,0.11889078468084335
22,5,1.7883066529408098,0.9370917081832886,1.5147875547409058,0.012562722899019718,1.1951195001602173,0.09024857729673386
22,6,1.5073760157451033,0.9359299540519714,1.3306753635406494,0.012306741438806057,0.93742835521698,0.10431985557079315
22,7,1.2258264496922493,0.9359068274497986,1.1053117513656616,0.01279914379119873,0.6844702959060669,0.12031329423189163
22,8,0.9354933299124242,0.9359056949615479,1.0487589836120605,0.010592464357614517,0.415157288312912,0.1128106415271759
22,9,0.8857666546478868,0.9358861446380615,1.0095223188400269,0.014037289656698704,0.3800293803215027,0.10261829197406769
22,10,0.6642175909131766,0.9365983009338379,0.9792119264602661,0.01271115057170391,0.16746747493743896,0.10087691992521286
22,11,0.6002495624125004,0.936508297920227,0.9755827784538269,0.01296105608344078,0.11395132541656494,0.09091896563768387
22,12,0.5875384392216801,0.9364663362503052,0.97484290599823,0.011994604952633381,0.10814565420150757,0.08513633161783218
22,13,0.5592139307409525,0.9361183643341064,0.9775769710540771,0.012158127501606941,0.06894318759441376,0.09537354856729507
22,14,0.6785969972610474,0.9360008835792542,0.9781126976013184,0.010967724025249481,0.04723004251718521,0.23757651448249817
22,15,0.6365737419575452,0.9360840916633606,0.9790880084037781,0.010944468900561333,0.050159648060798645,0.19243520498275757
22,16,0.45402022525668145,0.9362415075302124,0.9795773029327393,0.010710644535720348,0.04666530340909958,0.013480515219271183
23,0,36.7164247751236,0.936153769493103,4.596340179443359,26.245620727539062,6.597346305847168,2.7669589519500732
23,1,28.282490879297256,0.9516276121139526,3.758850574493408,23.665979385375977,3.183330535888672,0.49108532071113586
23,2,13.80555357336998,0.951503336429596,3.06911301612854,11.223237991333008,1.3940461874008179,0.384146124124527
23,3,2.3195978164672852,0.9515031576156616,2.526517152786255,0.3098433315753937,1.062902569770813,0.2512478530406952
23,4,1.679884658008814,0.9392206072807312,1.7446210384368896,0.020200524479150772,0.8051154017448425,0.3178004026412964
23,5,1.4781461600214243,0.9398115277290344,1.4866127967834473,0.016258085146546364,0.5976415872573853,0.37896162271499634
23,6,1.3002940675243737,0.9400385022163391,1.3030625581741333,0.014750047586858273,0.551898181438446,0.28502562642097473
23,7,1.178717290982604,0.9364070296287537,1.0877056121826172,0.010058259591460228,0.3412441611289978,0.4225923418998718
23,8,1.2826656263321639,0.936400294303894,1.0345324277877808,0.012109039351344109,0.41031742095947266,0.4660526216030121
23,9,1.4697088100016118,0.937033474445343,1.003519892692566,0.011703256517648697,0.26017430424690247,0.8097205758094788
23,10,0.611444977298379,0.9370704293251038,0.9787282943725586,0.010678909718990326,0.1996225267648697,0.017983796074986458
23,11,0.6408757826313376,0.9375730752944946,0.9752547740936279,0.011391176842153072,0.22115950286388397,0.025759533047676086
23,12,0.6616350505501032,0.9372369050979614,0.9748920202255249,0.011502346023917198,0.2276340276002884,0.04007289186120033
23,13,0.696570441313088,0.937339723110199,0.9781666398048401,0.010992676950991154,0.24339179694652557,0.0590846948325634
23,14,0.682791567966342,0.9369180798530579,0.9809836745262146,0.010866886004805565,0.2285238653421402,0.05982046574354172
23,15,0.645026746019721,0.9365264177322388,0.9816738963127136,0.011250583454966545,0.17478744685649872,0.07534865289926529
23,16,0.6271285872906447,0.9361222982406616,0.9830175638198853,0.011413319036364555,0.16730432212352753,0.06458297371864319
24,0,29.447203862667084,0.9358981847763062,0.9813769459724426,20.486536026000977,6.507262706756592,2.0699501037597656
24,1,25.952946572750808,0.9365955591201782,1.0044227838516235,20.040754318237305,5.469693183898926,0.05429540202021599
24,2,19.98705035932362,0.9365925788879395,0.9797148704528809,17.73923110961914,1.8394243717193604,0.025133388116955757
24,3,2.7732539724558594,0.9365925788879395,0.9834259748458862,0.27358555793762207,2.0903470516204834,0.02531765215098858
24,4,1.0901517672464252,0.9389808177947998,0.9807319045066833,0.013619556091725826,0.6415485739707947,0.05104109272360802
24,5,1.0741242310032248,0.9386118650436401,0.9817183613777161,0.010103992186486721,0.6189211010932922,0.06103309243917465
24,6,1.2010060047730804,0.9386048913002014,0.9799588918685913,0.009932993911206722,0.7404015064239502,0.06695874780416489
24,7,1.116955815255642,0.9377251863479614,0.9790098667144775,0.011357016861438751,0.650364100933075,0.07188768684864044
24,8,1.1205371264368296,0.9374011754989624,0.9793164134025574,0.009805435314774513,0.6318976283073425,0.09549054503440857
24,9,1.1148497097194194,0.9374049305915833,0.9797388911247253,0.010411899536848068,0.640044093132019,0.08096495270729065
24,10,1.1681080374866724,0.9368910193443298,0.9808759689331055,0.01036246307194233,0.683700442314148,0.09049173444509506
24,11,1.0472084879875183,0.9373856782913208,0.9822343587875366,0.010497994720935822,0.5890318751335144,0.0637546107172966
24,12,1.120447046123445,0.9370424151420593,0.9816761016845703,0.010858616791665554,0.6211560964584351,0.1046886295080185
24,13,1.1531033707782625,0.9361004829406738,0.9828407764434814,0.010593402199447155,0.6717934608459473,0.08692825585603714
24,14,0.9380338829010726,0.9361989498138428,0.9816051125526428,0.009792981669306755,0.4598325490951538,0.08484753966331482
24,15,1.0034194933250546,0.9361944794654846,0.9821538925170898,0.00882356334477663,0.5525864362716675,0.05833981931209564
24,16,1.0900503903627397,0.9361690878868103,0.9820852875709534,0.010289974510669708,0.6173710823059082,0.07873845845460892
24,17,1.099416920915246,0.9361689686775208,0.9821871519088745,0.010296570137143135,0.6401589512825012,0.0652901753783226
24,18,1.2221198666840793,0.9364591240882874,0.982181966304779,0.010205039754509926,0.7391837239265442,0.08900288492441177
24,19,0.5964041154831649,0.93716961145401,0.9831112027168274,0.009160658344626427,0.12999697029590607,0.07319032400846481
24,20,0.6099684676155448,0.937221348285675,0.9829592704772949,0.00980313029140234,0.13403290510177612,0.08209630846977234
24,21,0.5749746620655061,0.9372178912162781,0.98289555311203,0.009511493146419525,0.10746119916439056,0.07397928088903427
24,22,0.5610199628397823,0.9367936849594116,0.9840532541275024,0.009911286644637585,0.09381282329559326,0.07312646508216858
24,23,0.5979004260152578,0.9368411898612976,0.9831796884536743,0.009809067472815514,0.11388013511896133,0.0902070477604866
24,24,0.5905928384512663,0.937056303024292,0.9825716018676758,0.010240761563181877,0.10162774473428726,0.0947987511754036
25,0,32.81525070667267,0.936153769493103,4.596340179443359,22.725988388061523,6.962505340576172,2.0202581882476807
25,1,25.6201518073678,0.936153769493103,3.7575013637542725,17.503089904785156,7.101334571838379,0.07699630409479141
25,2,4.37925496250391,0.936153769493103,3.079071044921875,0.5594685077667236,2.9289770126342773,0.08776447921991348
25,3,2.561663395166397,0.941315233707428,2.5334157943725586,0.6443724632263184,1.0904450416564941,0.13189968466758728
25,4,2.060220405459404,0.9375050067901611,1.7617932558059692,0.019840285181999207,0.8112131357192993,0.6893073320388794
25,5,2.509433789178729,0.9370301961898804,1.5045876502990723,0.01353268139064312,1.3499946594238281,0.6575828790664673
25,6,1.632792916148901,0.9363840222358704,1.3171755075454712,0.010520484298467636,0.5786966681480408,0.5928638577461243
25,7,1.046194002404809,0.9362026453018188,1.1034765243530273,0.010748902335762978,0.2541089355945587,0.37340033054351807
25,8,0.9241046216338873,0.9365358948707581,1.0430580377578735,0.011507188901305199,0.20072413980960846,0.3159545063972473
25,9,0.8836445199325681,0.9365516304969788,1.0091792345046997,0.0118410037830472,0.2122986614704132,0.270358681678772
25,10,0.7374516103416682,0.9367783665657043,0.9798798561096191,0.01024765707552433,0.16763916611671448,0.17623314261436462
25,11,0.6877275113016368,0.9367789030075073,0.9755793809890747,0.0103509072214365,0.16440275311470032,0.13050219416618347
25,12,0.6723405433818698,0.9363393783569336,0.9748163819313049,0.00979518424719572,0.1433057188987732,0.13700848817825317
25,13,0.6506104266270996,0.9366713166236877,0.9774328470230103,0.010557538829743862,0.1425466239452362,0.11468543112277985
25,14,0.6110592186450958,0.9368876814842224,0.978169322013855,0.01094161719083786,0.1042959913611412,0.11281020939350128
25,15,0.5709353601559997,0.9362748265266418,0.9791389107704163,0.010787500999867916,0.07711615413427353,0.0999489575624466
25,16,0.5000735085457564,0.9362738728523254,0.983135998249054,0.010230228304862976,0.08526991307735443,0.020691392943263054
25,17,0.49661229830235243,0.9363629817962646,0.9832314252853394,0.01081561204046011,0.08037824928760529,0.021499555557966232
26,0,32.898748469352725,0.936153769493103,4.596340179443359,22.094898223876953,6.073151588439941,3.624199867248535
26,1,29.16094788312912,0.9401760697364807,3.759084939956665,21.883142471313477,6.23024320602417,0.10771000385284424
26,2,16.68941026441753,0.9401695132255554,3.080599546432495,12.717708587646484,3.1407666206359863,0.026781244203448296
26,3,16.38024000376463,0.9401695132255554,2.51031231880188,12.726485252380371,2.9286296367645264,0.03502874821424484
26,4,3.6195226974785326,0.937346339225769,1.7341948747634888,0.030424905940890312,3.036879301071167,0.017910247668623924
26,5,1.059992452338338,0.9360934495925903,1.4731247425079346,0.019065164029598236,0.5372350215911865,0.021848628297448158
26,6,0.8371035121381283,0.9360863566398621,1.2896991968154907,0.02047118730843067,0.3547946810722351,0.016680533066391945
26,7,0.6513444302603603,0.9369794130325317,1.078386664390564,0.013626052998006344,0.2157457023859024,0.01889945939183235
26,8,0.655703821964562,0.9370439648628235,1.026445746421814,0.012042650021612644,0.23048709332942963,0.02047613635659218
26,9,0.6242575004696846,0.9373767375946045,0.9957582950592041,0.01135212928056717,0.20299459993839264,0.023283764719963074
26,10,0.636362092383206,0.9379165768623352,0.9756542444229126,0.010750901885330677,0.21706430613994598,0.02583272010087967
26,11,0.6113859402015805,0.9379419684410095,0.9748537540435791,0.010503661818802357,0.1994306892156601,0.018892444670200348
26,12,0.6277481075376272,0.9373481273651123,0.9766511917114258,0.010490549728274345,0.21466363966464996,0.019794054329395294
26,13,0.6026440361514688,0.9362167119979858,0.9817818999290466,0.01195179857313633,0.19209200143814087,0.015000513754785061
26,14,0.6081568893045187,0.9361842274665833,0.9834046363830566,0.011245597153902054,0.19863064587116241,0.014362873509526253
26,15,0.5614090967923403,0.9361244440078735,0.9845378994941711,0.010306795127689838,0.15332989394664764,0.01363993901759386
26,16,0.569400073774159,0.9359269738197327,0.9851075410842896,0.011066521517932415,0.16068331897258759,0.01344333030283451
26,17,0.5447706019505859,0.9359239935874939,0.9854520559310913,0.01076068077236414,0.13426341116428375,0.015471300110220909
26,18,0.5330605970695615,0.9359605312347412,0.9866368174552917,0.010143734514713287,0.12433426827192307,0.014063124544918537
26,19,0.513459175080061,0.9360023140907288,0.9856054782867432,0.010226577520370483,0.1053222268819809,0.013588812202215195
26,20,0.5104134608060122,0.9360385537147522,0.9894008636474609,0.009856694377958775,0.10127075761556625,0.014198125340044498
26,21,0.5034539643675089,0.9361608624458313,0.9883354306221008,0.010472502559423447,0.09445993602275848,0.013622267171740532
26,22,0.49960082583129406,0.9360411763191223,0.986129641532898,0.011589126661419868,0.08907219767570496,0.014505337923765182
27,0,30.07358901500702,0.9360758662223816,0.9854785799980164,20.705961227416992,6.697809219360352,2.2855076789855957
27,1,17.103179216384888,0.9360758662223816,0.9760012030601501,10.00340461730957,5.443324565887451,1.2740346193313599
27,2,12.992248356342316,0.936522364616394,0.9806213974952698,9.914178848266602,1.6435240507125854,1.051116704940796
27,3,17.52608128786087,0.9365227222442627,0.9784867167472839,12.774690628051758,3.338489532470703,1.0298992395401
27,4,2.0310520052909853,0.935905933380127,0.9810304641723633,0.025801584124565125,1.4256806373596191,0.1961825042963028
27,5,2.0378469742834566,0.9370988011360168,0.9821724891662598,0.0175829716026783,1.4531424045562744,0.18326734006404877
27,6,1.6372748959809542,0.9369623064994812,0.9803321957588196,0.013686390593647957,1.083107590675354,0.15702201426029205
27,7,1.5376415487378836,0.935955822467804,0.9841728806495667,0.010046860203146935,0.9791275262832642,0.16444142162799835
27,8,1.8784140579402446,0.9358797073364258,0.9842199087142944,0.009357374161481857,1.3184154033660889,0.1666213572025299
27,9,1.5721202762797475,0.9359792470932007,0.9833710789680481,0.010742020793259144,1.0366653203964233,0.14084286987781525
27,10,0.8068750817328691,0.9360234141349792,0.9836651682853699,0.0110322255641222,0.26446571946144104,0.14743942022323608
27,11,0.7982154663652182,0.936129629611969,0.9835506677627563,0.009783735498785973,0.2547665536403656,0.14972911775112152
27,12,0.7965634603053332,0.9362610578536987,0.9837625622749329,0.009632723405957222,0.2770545482635498,0.1258714646100998
27,13,0.7795244367793203,0.9361392855644226,0.982903003692627,0.010458734817802906,0.24867895245552063,0.1365782916545868
27,14,0.742195020057261,0.9361538887023926,0.9833527207374573,0.009714038111269474,0.24744662642478943,0.10113303363323212
27,15,0.7243387550115585,0.9361541867256165,0.9826513528823853,0.00998733937740326,0.22859787940979004,0.10199242830276489
27,16,0.6401994042098522,0.9363265633583069,0.9832556247711182,0.010545868426561356,0.1733914613723755,0.07234563678503036
27,17,0.6625053741037846,0.9361907243728638,0.9831888675689697,0.010249394923448563,0.1953313946723938,0.0730486661195755
27,18,0.6831766212359072,0.9361855387687683,0.9823638796806335,0.010424316860735416,0.20688244700431824,0.08215997368097305
27,19,0.6308620760217309,0.9361656904220581,0.9822320938110352,0.00998906884342432,0.17689132690429688,0.06030212342739105
27,20,0.6358123268932104,0.936086118221283,0.982109785079956,0.009786335751414299,0.17694500088691711,0.0654418095946312
27,21,0.5781980242580176,0.9359768033027649,0.9822967052459717,0.01122591458261013,0.10796274989843369,0.07535465806722641
27,22,0.5463690953329206,0.935939610004425,0.9811201095581055,0.009945166297256947,0.0865725725889206,0.06643941253423691
27,23,0.557086251117289,0.9359678626060486,0.9811778664588928,0.01019755844026804,0.08628132939338684,0.0771782174706459
27,24,0.5485521137714386,0.9359686374664307,0.9811568856239319,0.009317688643932343,0.09870437532663345,0.05710494518280029
28,0,31.23738510608673,0.936153769493103,4.596340179443359,21.745872497558594,6.694117546081543,1.6908962726593018
28,1,15.922344398498534,0.936153769493103,3.758362054824829,7.678907871246338,6.962507724761963,0.34202563762664795
28,2,10.704372347891331,0.9543387293815613,3.096574544906616,7.515174388885498,2.2547924518585205,0.12422285228967667
28,3,2.4477479115128515,0.9573663473129272,2.541369915008545,0.2761078178882599,1.4027718305587769,0.06912101060152054
28,4,2.0057386249303817,0.9376447200775146,1.766614556312561,0.07718155533075333,1.303208351135254,0.0844968631863594
28,5,1.9361794680356978,0.9393125176429749,1.5146832466125488,0.07145211100578308,1.2284433841705322,0.1454848200082779
28,6,1.887374571710825,0.9428091645240784,1.3326082229614258,0.06890935450792313,1.310935139656067,0.052446600049734116
28,7,1.8817674592137337,0.9372032284736633,1.1124231815338135,0.06426563113927841,1.215757966041565,0.19181858003139496
28,8,1.954301693290472,0.9365514516830444,1.0523784160614014,0.04394720122218132,1.282529592514038,0.23003892600536346
28,9,1.7733449608087541,0.936539888381958,1.0118886232376099,0.06164567172527313,1.0724698305130005,0.24954375624656677
28,10,1.319357842206955,0.9361659288406372,0.9809322357177734,0.05376431345939636,0.7813038229942322,0.10087007284164429
28,11,1.31944170743227,0.936131477355957,0.976147472858429,0.05889294296503067,0.6008654832839966,0.2772274911403656
28,12,0.8662340581417084,0.9362552762031555,0.9747928380966187,0.06002834439277649,0.3994162380695343,0.02457985281944275
28,13,0.5371932413429021,0.9366196990013123,0.975792407989502,0.047343697398900986,0.0880127102136612,0.019354412332177162
28,14,0.5432079702615739,0.9362722635269165,0.9773778319358826,0.0496164932847023,0.09126359969377518,0.0195978581905365
28,15,0.5338897936046123,0.9362536668777466,0.9787184596061707,0.043314866721630096,0.09017074108123779,0.017409760504961014
28,16,0.5125457178801298,0.935903787612915,0.9819084405899048,0.0444946326315403,0.05758035555481911,0.026908284053206444
28,17,0.5072854876518249,0.935896635055542,0.9812600016593933,0.039754413068294525,0.06230749562382698,0.021792251616716385
28,18,0.5307165531441569,0.9358793497085571,0.9813556671142578,0.015081602148711681,0.054276242852211,0.07791170477867126
28,19,0.5032296981662512,0.9358959794044495,0.9816268682479858,0.01113882102072239,0.05146672949194908,0.05711957812309265
28,20,0.4847944302484393,0.9359464645385742,0.980767011642456,0.012683509849011898,0.032407183200120926,0.05636104196310043
29,0,32.2617288351059,0.936153769493103,4.596340179443359,21.352807998657227,6.734351634979248,3.068070411682129
29,1,24.926336324214937,0.936153769493103,3.7581326961517334,16.50063705444336,6.749977111816406,0.7368648648262024
29,2,19.507538524270057,0.9359033107757568,3.079875946044922,17.02467918395996,1.5738310813903809,0.10587240755558014
29,3,2.5612552583217623,0.935903012752533,2.5340428352355957,0.15295669436454773,1.3438445329666138,0.37046486139297485
29,4,1.6048961706459521,0.9385504722595215,1.7763512134552002,0.015241462737321854,0.6222155690193176,0.4244588017463684
29,5,1.5141143221408129,0.9385675191879272,1.51969313621521,0.010645927861332893,0.6346821784973145,0.3771340847015381
29,6,1.5278065104037524,0.9385674595832825,1.3348990678787231,0.00966811366379261,0.7256681323051453,0.33777695894241333
29,7,1.1668640382587911,0.9372430443763733,1.1100656986236572,0.010112997144460678,0.674346923828125,0.07294236868619919
29,8,1.215037281997502,0.9372451901435852,1.0484318733215332,0.009644311852753162,0.7221086621284485,0.08614889532327652
29,9,1.228051358088851,0.9372450709342957,1.008770227432251,0.009803278371691704,0.7554241418838501,0.07362087815999985
29,10,0.8148804219439626,0.936402440071106,0.9784144759178162,0.010668092407286167,0.38684847950935364,0.034400466829538345
29,11,0.8344316374510528,0.9364069700241089,0.9749991297721863,0.00917523168027401,0.3893439471721649,0.053631238639354706
29,12,0.8342027500271798,0.9364069700241089,0.975598156452179,0.009773015975952148,0.35924452543258667,0.08278418332338333
29,13,0.8864407943561673,0.9372246265411377,0.9812565445899963,0.00955792237073183,0.37608373165130615,0.11710290610790253
29,14,0.8400577437132597,0.937739908695221,0.9841841459274292,0.011003760620951653,0.3385176956653595,0.10615147650241852
29,15,0.822784379683435,0.9380939602851868,0.985368013381958,0.008143960498273373,0.31906238198280334,0.11088564246892929
29,16,0.8472474981099367,0.9370683431625366,0.9899429678916931,0.010046007111668587,0.33822259306907654,0.11357663571834564
30,0,28.183613848686218,0.9363527894020081,0.987687885761261,19.763916015625,5.704970359802246,2.3299193382263184
30,1,26.760202074050902,0.9361673593521118,0.9838014841079712,20.332748413085938,4.897617816925049,1.1458420753479004
30,2,22.542699146270753,0.9361675977706909,0.980179488658905,18.26292610168457,2.9361677169799805,0.960335910320282
30,3,5.1652771711349486,0.9361675977706909,0.9852941632270813,0.6381565928459167,2.6818296909332275,1.46099853515625
30,4,4.076716616377235,0.9387143850326538,0.9870882630348206,0.014718404039740562,2.639098644256592,1.0377390384674072
30,5,4.112928276881576,0.9386817216873169,0.9852966070175171,0.009782319888472557,2.6669654846191406,1.0513848066329956
30,6,3.157362149655819,0.9363445043563843,0.9840031266212463,0.011523328721523285,1.6458789110183716,1.115890383720398
30,7,2.308824840374291,0.936479926109314,0.9837467670440674,0.011551526375114918,0.33297497034072876,1.580253005027771
30,8,2.6270550025627015,0.9367031455039978,0.983773946762085,0.012186343781650066,0.3467158377170563,1.8840574026107788
30,9,0.8878331109881401,0.9367068409919739,0.9832645654678345,0.010922543704509735,0.30517590045928955,0.18774038553237915
30,10,0.7854120396077633,0.9366334080696106,0.9819870591163635,0.01184144988656044,0.27041882276535034,0.11942767351865768
30,11,1.02622782047838,0.9369058609008789,0.9820472598075867,0.009877300821244717,0.3634342551231384,0.26912564039230347
30,12,0.865034406259656,0.9370912909507751,0.982265830039978,0.010688791051506996,0.35964909195899963,0.11082509905099869
30,13,0.7658368879929185,0.9368649125099182,0.9820976853370667,0.010391832329332829,0.3021773099899292,0.06947522610425949
30,14,0.6181531507521868,0.9367507100105286,0.9817056655883789,0.00981469638645649,0.158524751663208,0.06612242758274078
30,15,0.6014724545180798,0.9371108412742615,0.9818832278251648,0.011291831731796265,0.15130548179149628,0.05507632717490196
30,16,0.6326773738488555,0.9369051456451416,0.9817524552345276,0.010090666823089123,0.1836652308702469,0.05518995597958565
30,17,0.6435346100479364,0.9368979930877686,0.9819665551185608,0.009788038209080696,0.2025480717420578,0.047425590455532074
30,18,0.5978860834613443,0.9367465376853943,0.9815646409988403,0.009935528971254826,0.16073578596115112,0.04355253279209137
30,19,0.519186594709754,0.9364543557167053,0.9821672439575195,0.010505536571145058,0.08717608451843262,0.037780653685331345
30,20,0.5444912642240525,0.9364631175994873,0.9821656346321106,0.009219899773597717,0.11275800317525864,0.038787610828876495
30,21,0.5072434403002263,0.9364640116691589,0.9825737476348877,0.011353731155395508,0.0756247341632843,0.036457423120737076
30,22,0.51394348051399,0.9362890720367432,0.9819957613945007,0.009393247775733471,0.08348793536424637,0.03740533068776131
30,23,0.5004638880491257,0.9362808465957642,0.9829311966896057,0.010543473064899445,0.07483768463134766,0.031240321695804596
30,24,0.5028132054954768,0.9362809062004089,0.9830061197280884,0.010153496637940407,0.07397148013114929,0.03483082354068756
31,0,29.711382341384887,0.936153769493103,4.596340179443359,21.425790786743164,5.500960826873779,1.6781319379806519
31,1,24.697599816322327,0.936153769493103,3.7583374977111816,17.44272804260254,4.913627624511719,1.402345895767212
31,2,21.860312807559968,0.9359551072120667,3.075591802597046,16.651168823242188,2.358229398727417,2.04860520362854
31,3,22.908756911754608,0.9361280798912048,2.514587163925171,16.528396606445312,2.7543373107910156,2.935879945755005
31,4,5.894930724054575,0.9358996748924255,1.7423232793807983,0.017855707556009293,2.537329912185669,2.804100513458252
31,5,5.355990041419863,0.9361881613731384,1.5267289876937866,0.012632085010409355,2.5285589694976807,2.3222155570983887
31,6,2.874138080328703,0.9362562894821167,1.3319898843765259,0.013293679803609848,0.18802888691425323,2.2191662788391113
31,7,2.7478465169668196,0.9358802437782288,1.1160489320755005,0.01195228099822998,0.16346292197704315,2.162045478820801
31,8,2.2446913020685315,0.9358783960342407,1.060160756111145,0.010737289674580097,0.20127075910568237,1.633475422859192
31,9,2.397237426415086,0.9359729290008545,1.02272367477417,0.009999314323067665,0.2168065458536148,1.7786922454833984
31,10,0.9175114126875996,0.9358820915222168,0.9842637181282043,0.013137158937752247,0.22756677865982056,0.2927783131599426
31,11,0.8313523622229695,0.9359239339828491,0.977810800075531,0.01094722468405962,0.1808723509311676,0.2567858397960663
31,12,0.8622650576755404,0.935897707939148,0.9751932621002197,0.0098206652328372,0.21228519082069397,0.25794100761413574
31,13,0.8594602189958096,0.9359784126281738,0.9766219258308411,0.010442342609167099,0.23553869128227234,0.23095911741256714
31,14,0.6021346578374506,0.935928463935852,0.9782857894897461,0.011605172418057919,0.18866491317749023,0.019021721556782722
31,15,0.6210246253758669,0.9359307885169983,0.9802142977714539,0.011552280746400356,0.21259063482284546,0.013652692548930645
31,16,0.5157255506142974,0.9360361099243164,0.9835662245750427,0.011330010369420052,0.10647469013929367,0.014000383205711842
31,17,0.48724638558924205,0.9359153509140015,0.9835184812545776,0.01158095896244049,0.0784153863787651,0.013363273814320564
32,0,33.0735111951828,0.936153769493103,4.596340179443359,23.87451171875,6.233325958251953,1.8591747283935547
32,1,15.93917773962021,0.936153769493103,3.7582647800445557,8.23682689666748,6.294431686401367,0.46903544664382935
32,2,10.801207995414734,0.9383087158203125,3.050493001937866,8.168686866760254,1.5023181438446045,0.33244264125823975
32,3,2.2817488849163055,0.9383031129837036,2.5030617713928223,0.3599119186401367,1.0035697221755981,0.2299942672252655
32,4,1.4557633392512799,0.936680793762207,1.7495356798171997,0.0337936133146286,0.8274273872375488,0.057299043983221054
32,5,0.9620456583797932,0.9384892582893372,1.4961026906967163,0.03521876037120819,0.40202224254608154,0.03788626566529274
32,6,0.8632767155766488,0.938509464263916,1.3108150959014893,0.03346443176269531,0.35031360387802124,0.029633767902851105
32,7,0.7242218174040318,0.9376461505889893,1.0918320417404175,0.021882593631744385,0.2711798846721649,0.025263700634241104
32,8,0.7042588341981173,0.9368042349815369,1.0348255634307861,0.0252875704318285,0.25643977522850037,0.02820552885532379
32,9,0.9658447984606028,0.9372276067733765,1.0025991201400757,0.018949558958411217,0.5317161679267883,0.027213726192712784
32,10,0.916240543499589,0.9379616975784302,0.9770624041557312,0.018592562526464462,0.48471105098724365,0.029932109639048576
32,11,0.8472811996936798,0.9379506707191467,0.9748223423957825,0.015517977997660637,0.4263403117656708,0.022868307307362556
32,12,0.8776194179430604,0.9386256337165833,0.9757522940635681,0.014986482448875904,0.4509347975254059,0.028822552412748337
32,13,0.8324666224420071,0.9373807907104492,0.9813113212585449,0.017097311094403267,0.40087130665779114,0.030759582296013832
32,14,0.768975231051445,0.9373874664306641,0.9834234118461609,0.013413676992058754,0.35477888584136963,0.016620492562651634
33,0,34.778679764270784,0.935943067073822,0.9790428876876831,27.262441635131836,5.320117950439453,1.8131229877471924
33,1,30.783257019519805,0.9367339015007019,0.9789215922355652,25.804140090942383,4.091595649719238,0.5043901801109314
33,2,20.874439257383347,0.9367319345474243,0.9753137826919556,18.32429313659668,1.9171122312545776,0.25062474608421326
33,3,21.502749687433244,0.9360975623130798,0.9757281541824341,19.74949836730957,1.2206534147262573,0.15023276209831238
33,4,1.535940981656313,0.9358871579170227,0.9772233963012695,0.03164016082882881,1.0481350421905518,0.07354366779327393
33,5,1.2039153765887023,0.9358896613121033,0.9787774085998535,0.023858914151787758,0.7467477321624756,0.0503753162920475
33,6,1.2171456154435873,0.9360533952713013,0.9789347052574158,0.019254742190241814,0.7855432033538818,0.029350049793720245
33,7,0.7100001070648432,0.9359354376792908,0.9804298877716064,0.012079467996954918,0.27475666999816895,0.03989090397953987
33,8,0.7050163876265287,0.935882568359375,0.9797677993774414,0.0120030976831913,0.28027471899986267,0.02960849739611149
33,9,0.702736028470099,0.9358886480331421,0.9812101125717163,0.011670784093439579,0.2761371433734894,0.031508348882198334
33,10,0.6688570639118553,0.9358783960342407,0.9829546213150024,0.011543276719748974,0.2404571920633316,0.03308999165892601
33,11,0.668719987012446,0.9358783960342407,0.9833897948265076,0.011332356370985508,0.23820741474628448,0.035326577723026276
33,12,0.6327317679300904,0.9358783960342407,0.9832729697227478,0.01086441334336996,0.20924071967601776,0.028796361759305
33,13,0.6148792862892152,0.9358959794044495,0.9837850332260132,0.011620935052633286,0.17306379973888397,0.0462583489716053
33,14,0.623751082457602,0.935926616191864,0.9850753545761108,0.010773920454084873,0.18204979598522186,0.04672697186470032
33,15,0.6190186059102416,0.9358803033828735,0.9838374853134155,0.010929754935204983,0.16493381559848785,0.059211477637290955
33,16,0.6791140438988805,0.9358955025672913,0.9852396249771118,0.01233066339045763,0.1545606106519699,0.12799574434757233
33,17,0.6403033677488565,0.9358795881271362,0.9844685196876526,0.011310407891869545,0.1340228021144867,0.11090053617954254
33,18,0.6107610128819942,0.9359035491943359,0.9844898581504822,0.010297048836946487,0.13331656157970428,0.08306872099637985
33,19,0.6661081656813622,0.9359332323074341,0.9842617511749268,0.009475640952587128,0.13031688332557678,0.14227664470672607
33,20,0.6461155004799366,0.9358806610107422,0.98431396484375,0.009107287973165512,0.13468505442142487,0.11828423291444778
33,21,0.6197283450514078,0.9358828067779541,0.984207034111023,0.01016044057905674,0.15234288573265076,0.07320705056190491
33,22,0.5734306128695608,0.9359917044639587,0.984359622001648,0.010125589556992054,0.11097389459609985,0.06826086342334747
33,23,0.5942649982869626,0.9359815716743469,0.9844147562980652,0.009523894637823105,0.144077330827713,0.05658450722694397
33,24,0.564421702362597,0.9359426498413086,0.9833801984786987,0.00976331252604723,0.12889313697814941,0.04190068319439888
34,0,30.224863839149474,0.936153769493103,4.596340179443359,20.657651901245117,6.137892723083496,2.3228204250335693
34,1,29.676347649097444,0.935878574848175,3.757922410964966,23.38678550720215,4.51924467086792,0.8315572738647461
34,2,1.8165396161377432,0.9358795285224915,3.1754891872406006,0.05551271513104439,0.5709134340286255,0.3678397238254547
34,3,2.362335670180619,0.9361597895622253,2.6881234645843506,0.011946630664169788,1.0423853397369385,0.5831470489501953
34,4,2.007302345149219,0.9361767172813416,1.859322428703308,0.011864210478961468,1.0145546197891235,0.4217836856842041
34,5,1.0926198691129685,0.9363688826560974,1.5841684341430664,0.010752424597740173,0.2470727264881134,0.3306872546672821
34,6,1.0312097860500216,0.9363625645637512,1.4088046550750732,0.01072430144995451,0.2231447696685791,0.32830727100372314
34,7,0.793548335134983,0.936487078666687,1.15817129611969,0.012515373528003693,0.21369874477386475,0.14840254187583923
34,8,0.7532910717651249,0.9365008473396301,1.0828516483306885,0.009624878875911236,0.19424539804458618,0.14555029571056366
34,9,0.645789990760386,0.936360776424408,1.0337263345718384,0.012767189182341099,0.10342361778020859,0.13558176159858704
34,10,0.6136523207649589,0.9362706542015076,0.9855135679244995,0.012367247603833675,0.08534316718578339,0.13158506155014038
34,11,0.5785986587405205,0.93626868724823,0.9776676893234253,0.01279757171869278,0.07592777907848358,0.10708603262901306
34,12,0.5425018606707454,0.9368491172790527,0.9749873280525208,0.011113985441625118,0.05875302478671074,0.09026756137609482
34,13,0.5376956010237337,0.9370158314704895,0.9763277173042297,0.009905130602419376,0.05304725468158722,0.09207450598478317
34,14,0.5344672236591578,0.9370101690292358,0.9782913327217102,0.01089089922606945,0.05423463508486748,0.08628138899803162
34,15,0.5192230110988021,0.9366496205329895,0.9798504114151001,0.011190048418939114,0.04446939378976822,0.08026356250047684
34,16,0.5232267536222934,0.9368265271186829,0.982261598110199,0.010449759662151337,0.03882044181227684,0.09013892710208893
34,17,0.5073435874655843,0.9368423819541931,0.9838177561759949,0.012176965363323689,0.03308549523353577,0.07794909924268723
34,18,0.5069000432267785,0.9369433522224426,0.9842478632926941,0.013128736056387424,0.03456267714500427,0.07497038692235947
34,19,0.5001372518017888,0.9367914199829102,0.9832655191421509,0.011644390411674976,0.028931036591529846,0.07555043697357178
34,20,0.49932615906000144,0.9368748664855957,0.9820955395698547,0.01285230740904808,0.03170881047844887,0.07097095996141434
35,0,30.477729153633117,0.936153769493103,4.596340179443359,21.577547073364258,6.233136177062988,1.560547113418579
35,1,26.784450221061707,0.936153769493103,3.757890462875366,18.360824584960938,5.612289905548096,1.8725268840789795
35,2,6.274366569519043,0.936153769493103,3.0826170444488525,0.2618798017501831,3.0201609134674072,2.1885716915130615
35,3,3.1949730217456818,0.9534614086151123,2.5347812175750732,0.3023747503757477,1.6142793893814087,0.5806703567504883
35,4,1.4879379095509648,0.9444488883018494,1.7979319095611572,0.01137977559119463,0.8120629787445068,0.11601899564266205
35,5,1.0023234641179442,0.9413790702819824,1.5329022407531738,0.009734771214425564,0.41116949915885925,0.08656293153762817
35,6,0.9360034508630634,0.9433007836341858,1.3646475076675415,0.01011548563838005,0.45086339116096497,0.01343491580337286
35,7,0.73781494256109,0.9397199153900146,1.111404299736023,0.010638370178639889,0.30404210090637207,0.012909628450870514
35,8,0.7887295911088587,0.9378032088279724,1.049279808998108,0.010516643524169922,0.3688045144081116,0.011991829611361027
35,9,0.6713026994839311,0.9372528195381165,1.0126299858093262,0.011420030146837234,0.2561071515083313,0.013798956759274006
35,10,0.5999983286485077,0.9368858933448792,0.9792038202285767,0.010064816102385521,0.19377200305461884,0.012943566776812077
35,11,0.6312629839405418,0.9368912577629089,0.9754520058631897,0.010408150032162666,0.22540096938610077,0.012985211797058582
35,12,0.5288839360699058,0.9367353320121765,0.975064218044281,0.011573337949812412,0.1222858652472496,0.012664822861552238
35,13,0.504281579144299,0.9366906881332397,0.9795141220092773,0.012469259090721607,0.09553196281194687,0.013039395213127136
35,14,0.4820309760048985,0.9366187453269958,0.9808512330055237,0.010511397384107113,0.07607998698949814,0.01194559596478939
36,0,29.66239787340164,0.936254620552063,0.978710949420929,21.282102584838867,6.199342727661133,1.7979594469070435
36,1,26.13384739160538,0.936254620552063,0.9767098426818848,19.73288345336914,5.660842418670654,0.3575286269187927
36,2,22.965525770187377,0.9358837008476257,0.9751152396202087,19.393383026123047,2.5404112339019775,0.6495317220687866
36,3,20.728786051273346,0.9359095692634583,0.9760611057281494,18.49083137512207,0.9952749609947205,0.8602855801582336
36,4,1.680285914428532,0.9361090064048767,0.9802817702293396,0.015152175910770893,0.25808703899383545,1.0237685441970825
36,5,0.8801583068445324,0.9362605810165405,0.9802758693695068,0.014217008836567402,0.22034353017807007,0.26229047775268555
36,6,0.7452154165133834,0.9367547631263733,0.9798499941825867,0.015330231748521328,0.17140325903892517,0.1751609742641449
36,7,0.5764413710683585,0.9374456405639648,0.9815312027931213,0.01753796450793743,0.050153397023677826,0.12495464086532593
36,8,0.5626516450196505,0.9381512403488159,0.9813750386238098,0.024661468341946602,0.04769207537174225,0.10639284551143646
36,9,0.5503730196505785,0.9365622997283936,0.9832907915115356,0.023424724116921425,0.036166176199913025,0.10681150108575821
36,10,0.6183105669915676,0.936254620552063,0.9800525903701782,0.03138960525393486,0.032166630029678345,0.17149288952350616
36,11,0.5004200087860227,0.9360888004302979,0.9801144003868103,0.010483908466994762,0.024412715807557106,0.08228274434804916
36,12,0.4667010180652142,0.9360890984535217,0.9816794991493225,0.009688299149274826,0.03378923982381821,0.03966975957155228
37,0,32.52035648822785,0.936153769493103,4.596340179443359,23.04871368408203,6.702197551727295,1.6629464626312256
37,1,28.531829679012297,0.936153769493103,3.7589125633239746,20.81108283996582,5.909788131713867,0.8719454407691956
37,2,13.239129024744035,0.936153769493103,3.0606091022491455,6.882028102874756,5.256163120269775,0.30158522725105286
37,3,13.574870055913925,0.936153769493103,2.4936225414276123,7.332483291625977,5.201786041259766,0.3546454608440399
37,4,2.770895020663738,0.9400977492332458,1.7144896984100342,0.0330076739192009,0.8749740123748779,1.3319958448410034
37,5,1.2303701298311354,0.9358829855918884,1.5011550188064575,0.01180319208651781,0.6404260993003845,0.09073323756456375
37,6,1.2777252109721302,0.9358848929405212,1.3101383447647095,0.012138192541897297,0.7423357963562012,0.07404657453298569
37,7,1.124205259233713,0.935880184173584,1.088107705116272,0.012498725205659866,0.6265156269073486,0.08039332926273346
37,8,1.2396618194878102,0.9361659288406372,1.0290578603744507,0.010927725583314896,0.7786844372749329,0.0570048987865448
37,9,1.4228992609307172,0.9361743330955505,0.9962154626846313,0.01212888490408659,0.9489538073539734,0.07533860951662064
37,10,0.639461250975728,0.936087965965271,0.9753760695457458,0.011567587032914162,0.1937101036310196,0.05189075320959091
37,11,0.8636486638337374,0.9360751509666443,0.9751580357551575,0.009591156616806984,0.40095770359039307,0.07085316628217697
37,12,0.755321249179542,0.9360750317573547,0.9770755767822266,0.0095665967091918,0.30570876598358154,0.05741576477885246
37,13,0.9043583557009697,0.935926616191864,0.9820812940597534,0.00998939573764801,0.44220080971717834,0.06856656819581985
37,14,0.7104343445971608,0.9359419941902161,0.9846624135971069,0.00935074407607317,0.2571077048778534,0.05985501408576965
37,15,0.7977505592629314,0.9359028339385986,0.9864025115966797,0.00985145103186369,0.3315671980381012,0.0718708410859108
37,16,0.8145733343437315,0.9359790086746216,0.9912663102149963,0.009989668615162373,0.34218382835388184,0.07695077359676361
38,0,33.32275242805481,0.936153769493103,4.596340179443359,24.442869186401367,6.165640354156494,1.6077440977096558
38,1,26.149208468198776,0.936153769493103,3.759495735168457,18.91351318359375,5.823145866394043,0.47341951727867126
38,2,6.435128396749496,0.936153769493103,3.073113203048706,0.1858130395412445,4.370776176452637,1.0766857862472534
38,3,2.5508368968963624,0.9368727207183838,2.5121779441833496,0.18842639029026031,1.6463496685028076,0.026250705122947693
38,4,1.25834798514843,0.9360122084617615,1.7393405437469482,0.021851688623428345,0.5609345436096191,0.14049120247364044
38,5,0.9226758347824215,0.9358961582183838,1.4876099824905396,0.015309368260204792,0.3714926838874817,0.05117255449295044
38,6,1.0409119680523873,0.9358786344528198,1.3127467632293701,0.012395776808261871,0.31429770588874817,0.2644934058189392
38,7,1.334390214085579,0.9359936118125916,1.0899618864059448,0.010548725724220276,0.39813607931137085,0.5205143094062805
38,8,1.01281535923481,0.9358876943588257,1.0363640785217285,0.011358574032783508,0.306086927652359,0.3009195029735565
38,9,1.0034214027225972,0.9362637996673584,1.0084089040756226,0.010960567742586136,0.31274595856666565,0.29078033566474915
38,10,0.9167166821658612,0.9364814162254333,0.9803111553192139,0.010474588721990585,0.2740586996078491,0.24882487952709198
38,11,0.966280722245574,0.9361339807510376,0.9759516716003418,0.01086411438882351,0.31160596013069153,0.2613935172557831
38,12,0.905224577523768,0.9361470341682434,0.9748279452323914,0.010195107199251652,0.29264530539512634,0.220189169049263
38,13,0.9168953143060208,0.936374306678772,0.9764444828033447,0.01050589606165886,0.2789136469364166,0.2449120134115219
38,14,0.8987610604614019,0.9361018538475037,0.9769934415817261,0.010748913511633873,0.2391217052936554,0.2662713825702667
38,15,0.7960199715569616,0.9361183643341064,0.97813481092453,0.00969956535845995,0.18455366790294647,0.21891610324382782
38,16,0.7308400953188539,0.9359268546104431,0.9803112149238586,0.00924783293157816,0.18024399876594543,0.1581006497144699
38,17,0.6896863663569093,0.935912013053894,0.9800712466239929,0.011806019581854343,0.14329849183559418,0.15138520300388336
38,18,0.660316021181643,0.9359440207481384,0.9801766276359558,0.009625987149775028,0.1312761902809143,0.13618971407413483
38,19,0.6447513984516263,0.9358929395675659,0.9811692833900452,0.01036845613270998,0.12280140817165375,0.12816908955574036
38,20,0.6480664771050215,0.935878336429596,0.98058021068573,0.008379122242331505,0.11425621062517166,0.14213943481445312
38,21,0.5940879493951797,0.935878336429596,0.9817972779273987,0.009815163910388947,0.08425945043563843,0.11647821217775345
38,22,0.6171869836747647,0.9358786344528198,0.9823691248893738,0.009904470294713974,0.09009966254234314,0.1335332989692688
38,23,0.6210204875096679,0.9358813762664795,0.9819210171699524,0.010161294601857662,0.09790163487195969,0.12939707934856415
38,24,0.6090452317148447,0.935878574848175,0.9817202687263489,0.010995717719197273,0.07892332226037979,0.13560642302036285
39,0,30.317277252674103,0.935897946357727,0.9814943671226501,20.883054733276367,6.607235431671143,2.4435086250305176
39,1,32.81667119264603,0.9368413686752319,0.9748035669326782,24.005123138427734,7.515690326690674,0.9135287404060364
39,2,29.065898606181143,0.9368601441383362,0.9792490005493164,23.493059158325195,5.1312456130981445,0.05837200582027435
39,3,25.917223881185055,0.9373376965522766,0.9890027046203613,22.306476593017578,3.180987596511841,0.044491611421108246
39,4,2.2718238972127436,0.9385021924972534,0.9800177812576294,0.017506755888462067,1.8294111490249634,0.04120199754834175
39,5,0.8493144787847996,0.9380661249160767,0.9808247685432434,0.015716824680566788,0.40900394320487976,0.040815532207489014
39,6,0.80307503528893,0.9380605816841125,0.9812685251235962,0.013894455507397652,0.3612162470817566,0.04409851133823395
39,7,0.6661487467586995,0.9365169405937195,0.9820637702941895,0.010371718555688858,0.23141604661941528,0.04064483940601349
39,8,0.6984803561121226,0.9364371299743652,0.9812357425689697,0.010063095018267632,0.2656143009662628,0.039268385618925095
39,9,0.4984777750447392,0.9363347291946411,0.9811981320381165,0.010363628156483173,0.06466012448072433,0.039947450160980225
