dpo_loss,reward,cov_bonus,score,target,value,episode,step
0.6931471824645996,0.1,21.003402208922143,21.103402208922144,X2,-4.7499,0,0
0.6904346942901611,0.1,29.135397927685663,29.235397927685664,X1,2.3647,0,1
0.6997368931770325,0.1,4.605757104135362,4.705757104135362,X2,-4.1306,0,2
0.6876773238182068,0.1,18.126979456770247,18.22697945677025,X1,-2.8136,0,3
0.697101354598999,0.1,11.980545878726389,12.080545878726388,X1,-3.0116,0,4
0.6699379086494446,0.1,24.17124453070094,24.27124453070094,X2,-2.7956,0,5
0.6763696074485779,0.1,22.81820986423956,22.91820986423956,X2,-4.935,0,6
0.6634354591369629,0.1,23.25312506859294,23.35312506859294,X2,-1.5975,0,7
0.6732858419418335,0.1,8.68074113654257,8.78074113654257,X4,-1.6341,0,8
0.6689518690109253,0.1,14.073821407202157,14.173821407202157,X1,3.4749,0,9
0.6446881890296936,0.1,19.239688945515717,19.339688945515718,X2,2.2973,0,10
0.6716232895851135,0.1,3.559795120323811,3.6597951203238113,X4,-1.2147,0,11
0.6513239741325378,0.1,3.9673006265596142,4.067300626559614,X4,1.1852,0,12
0.635919988155365,0.1,5.004585867111114,5.104585867111114,X2,2.0457,0,13
0.6483996510505676,0.1,2.898984144394215,2.998984144394215,X1,-2.1061,0,14
0.6536040306091309,0.1,2.9368085734989418,3.036808573498942,X1,-3.99,0,15
0.6379139423370361,0.1,4.558759707996333,4.6587597079963325,X2,-1.3517,0,16
0.638798177242279,0.1,2.5180633636377485,2.6180633636377486,X1,-2.3302,0,17
0.6122136116027832,0.1,4.906307100888595,5.006307100888595,X2,1.0913,0,18
0.6737515926361084,0.1,3.572759426359703,3.672759426359703,X4,-3.366,0,19
0.6452367305755615,0.1,0.2682472531475981,0.3682472531475981,X4,1.4,0,20
0.6013164520263672,0.1,3.019984911643611,3.119984911643611,X2,3.4285,0,21
0.6474099159240723,0.1,28.7565616559235,28.856561655923503,X1,-4.679,1,0
0.6198210716247559,0.1,21.587680183142226,21.687680183142227,X1,-2.8902,1,1
0.6321632266044617,0.1,26.69279361375228,26.79279361375228,X2,-1.8532,1,2
0.5910687446594238,0.1,14.709864877396615,14.809864877396615,X1,4.1455,1,3
0.6167815923690796,0.1,6.431564896433603,6.531564896433602,X1,-2.5337,1,4
0.6777707934379578,0.1,6.405378176597994,6.5053781765979934,X1,0.8459,1,5
0.5763457417488098,0.1,22.760540993242117,22.860540993242118,X2,-2.8068,1,6
0.6146124005317688,0.1,11.525494876950068,11.625494876950068,X2,-4.0909,1,7
0.5872094631195068,0.1,4.0838524219266565,4.183852421926656,X1,1.2745,1,8
0.5976367592811584,0.1,6.269980581621737,6.3699805816217365,X2,-4.3647,1,9
0.617534339427948,0.1,9.97377267312523,10.07377267312523,X4,0.2911,1,10
0.6430495381355286,0.1,7.319943966517194,7.419943966517193,X4,-4.8852,1,11
0.5341715216636658,0.1,4.858042771232485,4.958042771232485,X2,0.3697,1,12
0.5733429193496704,0.1,3.144279302529464,3.2442793025294643,X2,-3.8845,1,13
0.5450317859649658,0.1,3.157885578582674,3.257885578582674,X2,4.5382,1,14
0.5882142782211304,0.1,2.924098068409017,3.024098068409017,X2,0.0059,1,15
0.5539515018463135,0.1,1.8958772401028878,1.995877240102888,X4,3.7052,1,16
0.5642256140708923,0.1,1.7954137359798201,1.8954137359798202,X2,1.0897,1,17
0.6005839705467224,0.1,1.4742010925093978,1.5742010925093979,X4,0.3938,1,18
0.5128848552703857,0.1,0.957042842465344,1.057042842465344,X2,-4.9943,1,19
0.5461661219596863,0.1,0.5511274821310045,0.6511274821310045,X1,4.291,1,20
0.5673377513885498,0.1,1.1459398858312722,1.2459398858312722,X4,-1.9249,1,21
0.5341956615447998,0.1,21.132245527366543,21.232245527366544,X2,4.4695,2,0
0.5617199540138245,0.1,31.34351811022855,31.443518110228553,X1,-4.3079,2,1
0.5713821649551392,0.1,7.651765060310914,7.751765060310913,X2,-3.7161,2,2
0.5717857480049133,0.1,19.40491797408557,19.504917974085572,X1,-2.3494,2,3
0.5366793870925903,0.1,19.999759371360753,20.099759371360754,X2,-2.882,2,4
0.5099515914916992,0.1,12.881832821235408,12.981832821235407,X2,-2.9885,2,5
0.6090171337127686,0.1,6.349834344280339,6.4498343442803385,X4,1.4988,2,6
0.48536217212677,0.1,12.18260681825877,12.28260681825877,X2,-3.79,2,7
0.5021184682846069,0.1,11.378580959876608,11.478580959876608,X2,0.8831,2,8
0.5417661666870117,0.1,4.370036904732406,4.470036904732406,X1,-4.2901,2,9
0.5465764403343201,0.1,4.222823947491702,4.322823947491702,X1,4.0542,2,10
0.5566324591636658,0.1,3.6049355800131844,3.7049355800131845,X1,-2.62,2,11
0.5589473843574524,0.1,2.8414578740025656,2.9414578740025656,X1,-3.6769,2,12
0.551098644733429,0.1,3.852740222672195,3.9527402226721953,X2,-0.2733,2,13
0.47122442722320557,0.1,2.5845024819690186,2.6845024819690186,X2,-3.0959,2,14
0.49770304560661316,0.1,2.590717129249147,2.690717129249147,X2,-0.7642,2,15
0.46154865622520447,0.1,1.2925924907071464,1.3925924907071465,X2,1.7336,2,16
0.519890546798706,0.1,0.8365772311796027,0.9365772311796027,X1,-0.9738,2,17
0.6126539707183838,0.1,1.239334678090991,1.3393346780909912,X4,-2.5134,2,18
0.5711568593978882,0.1,28.757106573379374,28.857106573379376,X1,-0.7812,3,0
0.5241951942443848,0.1,21.31494964410262,21.41494964410262,X1,4.2327,3,1
0.47775501012802124,0.1,47.283477567983034,47.383477567983036,X2,0.5033,3,2
0.5860278010368347,0.1,0.9739254145779166,1.0739254145779167,X4,3.3603,3,3
0.5969288945198059,0.1,2.1430962312503117,2.2430962312503118,X4,3.487,3,4
0.5196645259857178,0.1,17.267825822933588,17.36782582293359,X2,-2.8625,3,5
0.5460812449455261,0.1,5.413462510979494,5.513462510979494,X1,-1.2103,3,6
0.48278379440307617,0.1,6.044867841456025,6.1448678414560245,X1,2.8407,3,7
0.5247758030891418,0.1,12.818176510777805,12.918176510777805,X2,4.5732,3,8
0.44787609577178955,0.1,8.987716011064963,9.087716011064963,X2,2.1841,3,9
0.5475919246673584,0.1,2.549731280734566,2.649731280734566,X2,4.6871,3,10
0.4049820005893707,0.1,2.924566824687815,3.024566824687815,X2,2.4798,3,11
0.6793001890182495,-0.26563691073954016,1.7803908143236153,16.99199959798101,X2,-2.0,3,12
0.5093097686767578,0.1,1.6580320911627084,1.7580320911627085,X2,3.5272,3,13
0.5335391759872437,0.1,1.6905258909896075,1.7905258909896076,X4,-4.1989,3,14
0.4559856057167053,0.1,1.4309666848931575,1.5309666848931576,X2,1.7521,3,15
0.5003549456596375,0.1,0.6674148876825354,0.7674148876825354,X1,3.9029,3,16
0.6528959274291992,0.1,1.3002458792081517,1.4002458792081518,X2,1.1938,3,17
0.46779707074165344,0.1,1.286766331698419,1.3867663316984191,X2,0.2278,3,18
0.5587599277496338,0.1,0.6676304688228067,0.7676304688228067,X1,2.1619,3,19
0.4717034697532654,0.1,1.0483196304755404,1.1483196304755405,X2,1.7169,3,20
0.4884631335735321,0.1,28.909775968973996,29.009775968973997,X1,2.5186,4,0
0.49503129720687866,0.1,34.55597356797166,34.655973567971664,X2,4.9845,4,1
0.5063349604606628,0.1,22.39102481423066,22.491024814230663,X1,-2.8685,4,2
0.5490454435348511,0.1,6.087832003045737,6.187832003045736,X4,3.8086,4,3
0.4899126887321472,0.1,27.320392285134314,27.420392285134316,X2,-3.4225,4,4
0.5374765396118164,0.1,11.480809030540005,11.580809030540005,X2,1.1168,4,5
0.4538135528564453,0.1,8.85955317630486,8.95955317630486,X2,-4.9218,4,6
0.46159490942955017,0.0,7.334702899463173,21.099112322337625,X2,4.6947,4,7
0.4313344955444336,0.1,4.381141694179549,4.4811416941795486,X1,-3.9296,4,8
0.5149485468864441,0.1,6.7366321954594905,6.83663219545949,X1,1.0483,4,9
0.46325284242630005,0.1,4.033883915991655,4.133883915991655,X1,1.3424,4,10
0.4828386604785919,0.1,7.241857276051892,7.341857276051892,X2,4.0534,4,11
0.5095948576927185,0.1,3.3696661655848708,3.469666165584871,X1,-0.7642,4,12
0.49543458223342896,0.1,2.42838995883553,2.5283899588355303,X1,2.7112,4,13
0.4554104208946228,0.1,27.917973546452195,28.017973546452197,X1,2.4123,5,0
0.5193721652030945,0.1,21.765814466549596,21.865814466549597,X1,-4.9033,5,1
0.42848336696624756,0.1,58.514822678730795,58.614822678730796,X2,4.0393,5,2
0.47136926651000977,0.1,28.506802685328488,28.60680268532849,X2,0.8251,5,3
0.4540737271308899,0.1,8.25258418936792,8.352584189367919,X1,-1.9174,5,4
0.3795396089553833,0.1,16.11666955915539,16.21666955915539,X2,3.607,5,5
0.5046696662902832,0.1,7.331787268883771,7.43178726888377,X1,-2.5047,5,6
0.43893179297447205,0.1,16.87882240082448,16.97882240082448,X2,3.8413,5,7
0.42356985807418823,0.1,13.638009809665869,13.738009809665868,X2,-3.4545,5,8
0.3988052010536194,0.1,10.519033087158373,10.619033087158373,X2,4.7621,5,9
0.5561495423316956,0.1,7.852123289416097,7.952123289416097,X2,-4.7521,5,10
0.4748988151550293,0.0,8.374341176641588,23.1946620808965,X2,4.0112,5,11
0.45690643787384033,0.0,6.796761324694878,20.806659331610923,X2,-1.0631,5,12
0.3937187194824219,0.0,1.9942706352660966,13.081955564636976,X2,1.1122,5,13
0.4037935137748718,0.0,1.6634770521220106,12.608832571774377,X2,-1.0233,5,14
0.44470855593681335,0.1,28.61996516238238,28.71996516238238,X1,-3.0687,6,0
0.4224877953529358,0.0,25.55745295308246,99.98527220509662,X2,1.3956,6,1
0.4430544376373291,0.1,18.31711844111107,18.41711844111107,X1,4.8115,6,2
0.4114798605442047,0.0,25.65238033395477,52.65588556390472,X2,-0.148,6,3
0.7876827716827393,0.1,3.3797461577294614,3.4797461577294615,X4,-2.3453,6,4
0.4440634846687317,0.0,10.041392903823096,24.444691997069555,X2,-3.4316,6,5
0.45978352427482605,0.0,8.948950880183846,23.095176928653387,X2,2.8829,6,6
0.45767754316329956,0.0,5.197287150714027,17.520125904175863,X2,4.6279,6,7
0.3557628393173218,0.0,4.653946476842589,16.8633194443242,X2,-1.6469,6,8
0.4545717239379883,0.1,1.7686889535984434,1.8686889535984434,X1,1.6424,6,9
0.4574321508407593,0.0,1.5316409479106072,12.239576266261398,X2,-1.4012,6,10
0.4311630427837372,0.0,1.2769641633046016,11.904289191485677,X2,-2.988,6,11
0.5421079397201538,0.1,0.877571002220656,0.977571002220656,X1,-0.7955,6,12
0.47934550046920776,0.1,2.0615081862693767,2.161508186269377,X4,4.0281,6,13
0.4291341304779053,0.0,0.9314019024018407,11.424225547874368,X2,0.002,6,14
0.5512340664863586,0.0,0.7005303467937528,11.08683129058562,X2,3.2735,6,15
0.3455585837364197,0.0,0.5729071756849393,10.905426885748874,X2,-2.6341,6,16
0.44874048233032227,0.0,16.321744637464867,76.20630712983547,X2,0.424,7,0
0.388175368309021,0.0,13.318561520599525,76.077755894684,X2,4.0921,7,1
0.46886879205703735,0.1,26.961450981755426,27.061450981755428,X1,-2.7536,7,2
0.40342977643013,0.1,18.811770506368276,18.911770506368278,X1,-2.5516,7,3
0.36992189288139343,0.0,13.98313318727406,30.979440560320935,X2,-2.9278,7,4
0.503130316734314,0.1,5.179088020153165,5.279088020153164,X1,1.9635,7,5
0.6942970752716064,0.1,3.6299882596333446,3.7299882596333447,X1,1.5606,7,6
0.36170217394828796,0.0,6.196692955854601,18.58238197601146,X2,-4.4671,7,7
0.3759170472621918,0.1,2.5727303077222423,2.6727303077222424,X1,4.5797,7,8
0.407725989818573,0.1,3.163957186901773,3.263957186901773,X1,-2.508,7,9
0.3744437098503113,0.0,4.45981196863643,16.220246923994935,X2,3.3379,7,10
0.360995888710022,0.0,3.087739109536203,14.393054455061945,X2,4.4571,7,11
0.3639177083969116,0.0,2.284990005246948,13.314847104303192,X2,-0.8472,7,12
0.3514558970928192,0.0,18.659487785987015,84.0664873739997,X2,-2.6266,8,0
0.42876821756362915,0.1,29.011118481108053,29.111118481108054,X1,1.3766,8,1
0.45685338973999023,0.1,18.231774262821624,18.331774262821625,X1,1.2675,8,2
0.5820379853248596,0.1,15.685306109862243,15.785306109862242,X1,-2.1427,8,3
0.5255140662193298,0.1,15.506169630322375,15.606169630322375,X1,0.4015,8,4
0.3968666195869446,0.1,13.66465202350973,13.76465202350973,X1,1.9395,8,5
0.5319803357124329,0.1,11.964927635626879,12.064927635626878,X1,-0.924,8,6
0.3460380733013153,0.0,37.13385444064698,63.81252508540711,X2,-2.8993,8,7
0.3931417763233185,0.0,28.68113620925452,53.53536470580603,X2,4.2837,8,8
0.4053748548030853,0.0,13.411279588125037,29.37253501930027,X2,-3.2412,8,9
0.3630104959011078,0.0,8.78847307026193,22.809399724600766,X2,2.0951,8,10
0.31970182061195374,0.0,3.4470478487660774,14.996850420301188,X2,-3.8973,8,11
0.49414312839508057,0.0,2.9923682030789513,14.428921055471148,X2,1.6806,8,12
0.3184867203235626,0.0,2.773146040317441,14.203231341716672,X2,2.337,8,13
0.43679460883140564,0.0,2.5696584178345576,14.011309553517616,X2,-3.0299,8,14
0.3938749432563782,0.1,1.3823086141347376,1.4823086141347377,X1,1.4275,8,15
0.3134744465351105,0.0,2.0220211244612947,13.209665278294684,X2,1.8955,8,16
0.4480268359184265,0.0,1.7892092051736253,12.913518506549968,X2,1.8956,8,17
0.40277034044265747,0.1,20.028049669800822,20.128049669800824,X2,-2.4773,9,0
0.4249916970729828,0.1,28.548270860531154,28.648270860531156,X1,4.9991,9,1
0.352862149477005,0.1,16.0056696218169,16.1056696218169,X1,2.8123,9,2
0.3449268937110901,0.1,4.0889649544109155,4.188964954410915,X2,4.4961,9,3
0.37218230962753296,0.1,6.63325519642482,6.733255196424819,X1,-3.7378,9,4
0.3287217915058136,0.0,13.816488404172482,32.175793666738095,X2,-1.5027,9,5
0.4269675612449646,0.1,7.3018786630346515,7.401878663034651,X1,1.0725,9,6
0.3719908595085144,0.1,6.611513677080239,6.711513677080239,X1,3.193,9,7
0.5746051073074341,0.1,6.067424742668192,6.167424742668191,X1,-4.7432,9,8
0.3394329845905304,0.0,15.428125950220872,33.30241272104149,X2,-3.0167,9,9
0.5142651200294495,0.1,7.081942150929499,7.1819421509294985,X1,1.9061,9,10
0.43146470189094543,0.1,6.033918699786694,6.133918699786694,X1,2.7248,9,11
0.38757795095443726,0.0,19.048189089544262,41.18614809299275,X2,4.9192,9,12
0.3763468563556671,0.0,17.38748382673675,39.32524990187103,X2,-3.1471,9,13
0.3633073568344116,0.0,17.388788110207308,40.925789720009554,X2,-0.8883,9,14
0.39497894048690796,0.1,2.8746532412020325,2.9746532412020326,X4,1.3559,10,0
0.3158971667289734,0.0,46.0359574097022,98.64724643405523,X2,-1.331,10,1
0.33746036887168884,0.0,15.90086142433161,39.04256264579767,X2,2.6909,10,2
0.4737248718738556,0.0,4.8156018133939575,18.18598787744654,X2,-3.658,10,3
0.6921994090080261,0.1,5.465711882276578,5.565711882276577,X4,-4.1334,10,4
0.30993378162384033,0.1,2.3320115207328196,2.4320115207328197,X1,-0.3529,10,5
0.4049329161643982,0.0,2.8463162730143226,14.12114905814387,X2,4.2548,10,6
0.5365256071090698,0.1,2.324081365434624,2.424081365434624,X1,2.9783,10,7
0.37784597277641296,0.1,4.721189934796302,4.821189934796301,X2,2.0118,10,8
0.3711712956428528,0.1,0.9284207086692228,1.0284207086692227,X4,-4.1439,10,9
0.3346470892429352,0.0,3.5058248316778413,15.04821154232161,X2,-1.547,10,10
0.52318274974823,0.0,2.6203518918397126,13.830100875222891,X2,-4.5347,10,11
0.34945088624954224,0.0,2.506537186415112,13.736274885446942,X2,2.9078,10,12
0.32552996277809143,0.0,2.4571778757860177,13.738053230791282,X2,-1.2703,10,13
0.3092755675315857,0.0,2.2656090128784254,13.50751500014115,X2,1.257,10,14
0.5599044561386108,0.1,28.10746693003216,28.20746693003216,X1,-3.8045,11,0
0.480892539024353,0.0,22.660760006341974,90.28764637413983,X2,-3.9181,11,1
0.376248836517334,0.0,16.031059934688628,80.78449220855337,X2,2.6232,11,2
0.5205183625221252,0.1,18.66985905986195,18.76985905986195,X1,-3.0588,11,3
0.4113824665546417,0.1,7.899069494754267,7.999069494754266,X1,-4.8585,11,4
0.5085705518722534,0.1,7.336909637898042,7.436909637898042,X1,4.7429,11,5
0.41763836145401,0.0,16.62351671192923,33.99197164509573,X2,4.3423,11,6
0.3904109001159668,0.0,17.015185555292824,35.393390854670265,X2,-2.653,11,7
0.38329052925109863,0.1,3.0329811235701856,3.1329811235701857,X1,-4.4862,11,8
0.45232877135276794,0.1,6.170843286929449,6.270843286929448,X2,3.2212,11,9
0.3719308078289032,0.0,5.322255547918989,17.732021566309644,X2,-4.254,11,10
0.614051342010498,0.1,3.5339341636239934,3.6339341636239935,X1,4.9392,11,11
0.3350445032119751,0.0,4.861922136921074,17.232715956348564,X2,-1.0463,11,12
0.34798941016197205,0.0,1.8091848190248812,12.683854370874247,X2,2.2136,11,13
0.440165638923645,0.1,1.4976935163999119,1.597693516399912,X4,-1.9462,11,14
0.3756009042263031,0.0,1.442683780992358,12.20503538330826,X2,-0.262,11,15
0.4031767249107361,0.1,0.9009982013687677,1.0009982013687677,X1,1.6043,11,16
0.3719242215156555,0.1,0.7367971864591866,0.8367971864591865,X1,-4.2494,11,17
0.5125085115432739,0.0,1.222532510505817,11.899118691431186,X2,-3.5437,11,18
0.29793891310691833,0.0,22.55615887670478,95.15308556585273,X2,2.2702,12,0
0.30389922857284546,0.0,12.4087475974807,62.22496740415184,X2,3.1253,12,1
0.5017805695533752,0.0,7.355728638377759,43.64045907279548,X2,-2.2772,12,2
0.5266449451446533,0.0,1.4760874990599748,17.131217646993935,X2,-4.643,12,3
0.3430156111717224,0.1,2.808346287971505,2.908346287971505,X1,2.4896,12,4
0.5002783536911011,0.1,2.862874602664102,2.962874602664102,X1,-3.7565,12,5
0.36364439129829407,0.0,5.047457974040061,17.443178306901007,X2,2.5024,12,6
0.420450896024704,0.1,2.989113818421454,3.089113818421454,X1,-4.6014,12,7
0.3866730332374573,0.0,3.858589835221896,15.824177570397982,X2,0.4566,12,8
0.37770530581474304,0.1,8.100448200610641,8.20044820061064,X4,0.752,12,9
0.6204401850700378,0.1,12.28231319249831,12.38231319249831,X4,1.7228,12,10
0.3641587793827057,0.1,27.826701490923405,27.926701490923406,X1,2.5627,13,0
0.5168541669845581,0.0,32.107834282559196,91.02419799868468,X2,0.9074,13,1
0.3334040641784668,0.0,13.678335446354783,45.303735035893354,X2,-4.5438,13,2
0.34286224842071533,0.1,16.1451410941382,16.2451410941382,X1,1.7013,13,3
0.40623581409454346,0.0,16.345219272220245,36.165781873309726,X2,1.4411,13,4
0.3619222640991211,0.1,12.516840881391664,12.616840881391663,X4,0.501,13,5
0.3423123061656952,0.0,12.723772275117708,31.246828186181858,X2,4.8509,13,6
0.2934891879558563,0.0,7.324784931270977,22.326092657177348,X2,-1.7117,13,7
0.3217127323150635,0.0,4.464795280760714,16.825942088431308,X2,-3.1911,13,8
0.3410385251045227,0.0,3.7307235612613483,15.761162193034343,X2,1.0178,13,9
0.49192607402801514,0.1,5.446690067844218,5.546690067844217,X4,-0.6188,13,10
0.37476852536201477,0.1,2.6468332845204112,2.7468332845204113,X1,4.7315,13,11
0.34631645679473877,0.0,2.5354996456267953,13.987552685892833,X2,2.7542,13,12
0.2818657159805298,0.1,1.4878723215894876,1.5878723215894877,X1,4.9226,13,13
0.5072765946388245,0.1,5.109693106210225,5.209693106210224,X4,-3.8253,13,14
0.30020466446876526,0.0,1.4033384218871547,12.144914378231759,X2,-2.4556,13,15
0.7510567903518677,0.1,1.3889484929645084,1.4889484929645085,X4,4.8024,13,16
0.28360313177108765,0.0,1.3642352034671323,12.112350161872627,X2,4.6093,13,17
0.37446460127830505,0.1,1.1766764556044274,1.2766764556044274,X4,3.6403,13,18
0.6772942543029785,0.1,0.8854748004678674,0.9854748004678674,X4,-0.8506,13,19
0.502514660358429,0.0,1.1217436867002801,11.758490421081003,X2,-3.5858,13,20
0.3056396245956421,0.0,1.3447588092503324,12.143851310652234,X2,2.4482,13,21
0.3611477017402649,0.0,1.0375251850757785,11.672976039973278,X2,-2.2404,13,22
0.2684261202812195,0.0,1.0052596543679646,11.648537865723174,X2,0.9433,13,23
0.38035354018211365,0.1,21.519233280731793,21.619233280731795,X2,-2.6644,14,0
0.3082428574562073,0.0,11.017263258574205,60.63594373571654,X2,4.057,14,1
0.3285885453224182,0.1,26.393908387209933,26.493908387209935,X1,3.2075,14,2
0.3784857392311096,0.1,17.606153863417422,17.706153863417423,X1,-4.6298,14,3
0.28131261467933655,0.0,10.80160896972499,26.127168943441724,X2,-0.629,14,4
0.21900339424610138,0.0,8.794602073341371,23.1810393106041,X2,-1.3878,14,5
0.2881282866001129,0.0,8.404486599293366,22.74236244234146,X2,2.3475,14,6
0.3534263074398041,0.0,5.37712527843659,18.129184380495,X2,-1.7508,14,7
0.29462331533432007,0.0,5.205863331089841,17.96098015142523,X2,-3.1,14,8
0.32130613923072815,0.1,4.111726657386754,4.211726657386754,X2,2.594,14,9
0.5134790539741516,0.1,3.3360050487586808,3.436005048758681,X1,1.3116,14,10
0.6033445596694946,0.1,5.198319954603626,5.298319954603626,X4,2.4677,14,11
0.5685293078422546,0.1,2.596827755394238,2.696827755394238,X1,1.3375,14,12
0.46442532539367676,0.1,3.7856698559086714,3.8856698559086715,X2,1.94,14,13
0.5484221577644348,0.1,5.2630310443972235,5.363031044397223,X4,-2.0663,14,14
0.3672328293323517,0.1,1.628655108683253,1.7286551086832531,X1,0.3117,14,15
0.605391800403595,0.1,2.635790293672948,2.735790293672948,X4,-3.3002,14,16
0.28788819909095764,0.0,1.8392600774236312,12.839577114529192,X2,-3.7959,14,17
0.4001538157463074,0.1,1.1565217937209138,1.2565217937209139,X1,-0.3885,14,18
0.35197076201438904,0.1,1.3311328831164664,1.4311328831164665,X1,-4.906,14,19
0.31877270340919495,0.0,2.180683054918765,13.428766765589236,X2,0.7899,14,20
0.21071697771549225,0.0,1.6311402206211585,12.592675272086193,X2,3.1947,14,21
0.35335657000541687,0.1,28.65407200139158,28.75407200139158,X1,3.453,15,0
0.2839365601539612,0.1,22.188650431447897,22.2886504314479,X1,-0.1679,15,1
0.4501563310623169,0.0,34.983925355863164,93.83909179110486,X2,-0.0365,15,2
0.21120266616344452,0.0,25.751371231117073,79.02791007999403,X2,-3.6276,15,3
0.5070698857307434,0.0,20.55055625425448,42.17292673574557,X2,0.2452,15,4
0.2947441339492798,0.0,21.62913766163197,45.761577751811416,X2,1.431,15,5
0.26396632194519043,0.0,15.491896307770128,34.884883201423996,X2,3.1831,15,6
0.2893171012401581,0.0,5.594914958758986,18.327688978000317,X2,-1.7041,15,7
0.277553915977478,0.0,2.8557374577320895,14.221872935751804,X2,-1.7683,15,8
0.4294959604740143,0.1,1.9814062265549395,2.0814062265549396,X2,0.7957,15,9
0.23570765554904938,0.1,29.488901279002825,29.588901279002826,X1,2.4748,16,0
0.4934273958206177,0.1,21.293588196831116,21.393588196831118,X1,0.3941,16,1
0.4454168975353241,0.0,36.66485368644238,96.07623159324169,X2,-0.8476,16,2
0.19869910180568695,0.0,18.959133775539,60.315392167872986,X2,4.0324,16,3
0.331868976354599,0.0,8.937027480985174,23.026544776345737,X2,-0.1855,16,4
0.42652419209480286,0.1,2.1066346193127345,2.2066346193127346,X4,3.6014,16,5
0.2752385437488556,0.1,1.5811845300208567,1.6811845300208568,X4,4.6727,16,6
0.45691946148872375,0.0,7.775389597025011,21.04329560717592,X2,-4.9304,16,7
0.28635966777801514,0.0,4.928298007186143,17.016840587790696,X2,3.3617,16,8
0.2904403507709503,0.0,3.726098867239824,15.399472149195542,X2,-4.4583,16,9
0.38682374358177185,0.1,2.9013663859585552,3.0013663859585553,X1,3.8423,16,10
0.5005607604980469,0.1,4.5634945935403435,4.663494593540343,X4,-2.7863,16,11
0.2482152283191681,0.0,3.306598914070407,14.8441193525031,X2,1.511,16,12
0.46304556727409363,0.1,1.6098927126864357,1.7098927126864358,X1,4.4626,16,13
0.3439370095729828,0.0,1.7647483480175261,12.612921400090052,X2,4.4363,16,14
0.47654837369918823,0.1,28.694188826419484,28.794188826419486,X1,1.7049,17,0
0.28190121054649353,0.0,28.494393746208807,81.54124967272247,X2,-1.2887,17,1
0.23917043209075928,0.1,18.113346815750344,18.213346815750345,X1,-4.0098,17,2
0.20058169960975647,0.0,21.192873345985237,43.142954932823,X2,-4.8364,17,3
0.1701594889163971,0.1,30.127246592136835,30.227246592136837,X2,4.5056,17,4
0.20591950416564941,0.0,19.082213381473938,40.637259224598324,X2,-0.1108,17,5
0.19889886677265167,0.0,11.139727770708623,27.1900301569925,X2,-4.3892,17,6
0.2723541855812073,0.0,9.05617208698386,23.75139208057517,X2,3.2085,17,7
0.3294266164302826,0.1,5.390255256135868,5.4902552561358675,X1,2.8679,17,8
0.184257373213768,0.1,5.829506076565979,5.929506076565978,X1,0.6458,17,9
0.1540355086326599,0.0,5.677169104245496,18.486652513173414,X2,-3.9202,17,10
0.24284912645816803,0.1,5.246044304278548,5.346044304278547,X2,-3.5245,17,11
0.34254252910614014,0.0,4.755898904810462,17.403534841547522,X2,0.65,17,12
0.3296067714691162,0.1,2.1656194498420196,2.2656194498420197,X1,1.6106,17,13
0.6374745965003967,0.1,1.6707500868710636,1.7707500868710637,X1,2.8998,17,14
0.4153708219528198,0.0,2.5316159690613587,13.944212224602207,X2,0.262,17,15
0.5002436637878418,0.0,1.700495997585707,12.682315478243284,X2,2.3812,17,16
0.4197743535041809,0.0,1.491838848101826,12.38506332586977,X2,2.5192,17,17
0.3683048486709595,0.1,1.1114012306126237,1.2114012306126238,X1,2.8323,17,18
0.3083694279193878,0.1,1.1599715728675255,1.2599715728675256,X2,-0.4196,17,19
0.31529587507247925,0.0,1.1134732135769745,11.833395249509515,X2,3.4305,17,20
0.3931543827056885,0.1,1.6154714557173813,1.7154714557173814,X4,-4.2651,17,21
0.13712303340435028,0.0,1.0271462333136574,11.713087363236525,X2,-3.6249,17,22
0.3862917423248291,0.0,1.10654324446557,11.8701346233928,X2,4.9731,17,23
0.4506646394729614,0.1,28.994906438101637,29.09490643810164,X1,1.0543,18,0
0.35263365507125854,0.0,44.51650725757661,138.85442840015475,X2,-1.7454,18,1
0.45723849534988403,0.0,12.375467541029847,47.09471059065143,X2,-2.7422,18,2
0.15639382600784302,0.1,17.31878551140343,17.41878551140343,X1,-0.465,18,3
0.5484004616737366,0.1,10.528760710082944,10.628760710082943,X1,-0.7324,18,4
0.13328143954277039,0.1,13.102873075816358,13.202873075816358,X2,-3.4736,18,5
0.3709620535373688,0.0,13.54124487551618,30.31460167082715,X2,0.4828,18,6
0.7352373600006104,0.1,5.66521105558806,5.765211055588059,X4,0.5637,18,7
0.5513256788253784,0.0,3.1947704475731635,14.587569169363476,X2,0.6112,18,8
0.9513425827026367,0.1,4.084270001546374,4.184270001546373,X4,2.5028,18,9
0.3813597559928894,0.1,3.461575531651073,3.561575531651073,X4,4.684,18,10
0.13055895268917084,0.0,3.9417880006593964,15.773332936362674,X2,1.0637,18,11
0.44268354773521423,0.1,2.9227239631063875,3.0227239631063876,X1,-3.9178,18,12
0.39278316497802734,0.0,4.623167251901601,17.019045090036368,X2,2.8705,18,13
0.43360647559165955,0.1,2.950288339448668,3.050288339448668,X4,4.7455,18,14
0.4253513216972351,0.1,2.7450126176351093,2.8450126176351094,X4,1.427,18,15
0.5634208917617798,0.1,2.316102346907178,2.416102346907178,X4,3.2946,18,16
0.31369438767433167,0.0,1.3317420545940357,12.019900402796742,X2,-4.0979,18,17
0.26227304339408875,0.0,1.2587903603922173,11.964583562315587,X2,0.0305,18,18
0.5147699117660522,0.1,2.762057430791693,2.862057430791693,X4,-0.9922,18,19
0.5201791524887085,0.1,1.6216719357686789,1.721671935768679,X4,-4.6934,18,20
0.1584927886724472,0.0,0.9332761446532079,11.448261206835157,X2,1.7045,18,21
0.392541766166687,0.1,0.9573845846406595,1.0573845846406595,X4,2.7684,18,22
0.2884460985660553,0.1,0.8275377552911991,0.9275377552911991,X1,-4.4739,18,23
0.17777206003665924,0.1,1.2315416045996332,1.3315416045996333,X4,1.7397,18,24
0.3873499035835266,0.0,22.43552823026002,96.80535454709351,X2,2.2102,19,0
0.5497188568115234,0.0,9.426266386294262,50.155038072848214,X2,-2.8504,19,1
0.15214179456233978,0.1,25.228285339107284,25.328285339107286,X1,-0.1337,19,2
0.15021781623363495,0.1,18.084722447944895,18.184722447944896,X1,-1.0474,19,3
0.4978761076927185,0.1,2.3647345967689177,2.464734596768918,X1,-1.9858,19,4
0.2033548802137375,0.1,3.974924417810832,4.0749244178108315,X2,-2.4448,19,5
0.41004425287246704,0.1,11.11157665025011,11.211576650250109,X4,-3.2431,19,6
0.2761854827404022,0.0,4.796608278369712,16.60310123286228,X2,4.1668,19,7
0.32915180921554565,0.1,2.240481871919656,2.340481871919656,X1,3.6176,19,8
0.5264180898666382,0.1,2.672146906469522,2.772146906469522,X1,4.2116,19,9
0.3905007839202881,0.0,3.47980027797033,14.828564727328317,X2,3.5475,19,10
0.2274903953075409,0.1,1.5789350551724108,1.678935055172411,X1,-4.7914,19,11
0.1596895009279251,0.0,6.51897350403558,19.508683477370845,X2,-0.8399,19,12
0.4415423572063446,0.1,2.376409613373772,2.476409613373772,X1,3.4448,19,13
0.2165948450565338,0.0,4.887398867437779,17.24405714733356,X2,-3.0212,19,14
0.43019700050354004,0.0,3.8792787938362348,15.84741075327456,X2,0.8407,19,15
0.1843252032995224,0.1,1.391195744952132,1.491195744952132,X1,0.0995,19,16
0.42542532086372375,0.1,29.090557530827454,29.190557530827455,X1,2.2738,20,0
0.270467072725296,0.0,32.407494089857195,99.24273540760622,X2,0.7322,20,1
0.7881772518157959,0.1,17.25001338176209,17.350013381762093,X1,2.6022,20,2
0.4584071934223175,0.1,14.018230864976127,14.118230864976127,X1,2.7285,20,3
0.28921180963516235,0.0,17.09692031598074,34.50065702652914,X2,-2.7555,20,4
0.23242975771427155,0.0,16.878665344914477,35.23903872271447,X2,3.1226,20,5
0.20588019490242004,0.0,8.789920303730748,22.844649944214602,X2,-4.6586,20,6
0.11436037719249725,0.0,6.0346739498864785,18.787075778652348,X2,-4.7191,20,7
0.4075091779232025,0.0,4.428513596512168,16.516541192985862,X2,-4.7155,20,8
0.3163280785083771,0.1,2.8991740040115053,2.9991740040115054,X1,3.6425,20,9
0.20722787082195282,0.0,2.7228497940963194,14.027351536220877,X2,2.3136,20,10
0.49322590231895447,0.1,5.800930814935179,5.900930814935179,X4,3.9588,20,11
0.14505529403686523,0.1,4.443107843220408,4.543107843220407,X4,1.5184,20,12
0.30996665358543396,0.0,1.957564200206976,13.001374448581915,X2,-4.6906,20,13
0.14321349561214447,0.1,3.253312885031558,3.353312885031558,X4,-1.5656,20,14
0.41267603635787964,0.0,1.9877015427329487,13.054024316427942,X2,-3.7613,20,15
0.12614408135414124,0.0,1.8864783643955008,12.961160689520241,X2,0.7937,20,16
0.408172070980072,0.0,1.3721586695967676,12.1801759234725,X2,1.6918,20,17
0.40677282214164734,0.1,1.5791313639944444,1.6791313639944445,X4,1.4731,20,18
0.3602692782878876,0.1,1.3715930873971343,1.4715930873971343,X1,1.7838,20,19
0.412821888923645,0.1,1.452299019318022,1.5522990193180222,X4,1.5656,20,20
0.13541847467422485,0.1,1.2283771565930788,1.3283771565930789,X4,-1.6664,20,21
0.40206894278526306,0.1,1.007830813772172,1.1078308137721722,X1,-1.5018,20,22
0.44244304299354553,0.1,1.0632686653076233,1.1632686653076234,X4,-1.0804,20,23
0.2763884365558624,0.1,0.9091394077537752,1.0091394077537752,X4,-1.9042,20,24
0.12126686424016953,0.0,21.319071793518766,99.92613985534737,X2,3.3506,21,0
0.28427842259407043,0.0,13.925015207038369,78.57007193158671,X2,-2.368,21,1
0.13312901556491852,0.1,25.90168561725646,26.001685617256463,X1,-1.3817,21,2
0.18665437400341034,0.1,18.426838222102795,18.526838222102796,X1,-2.8581,21,3
0.24581533670425415,0.1,7.236453890524188,7.336453890524187,X2,-2.7346,21,4
0.12453606724739075,0.1,13.835474982302266,13.935474982302265,X4,-3.9886,21,5
0.3464106619358063,0.0,6.458195360046934,19.434257359844757,X2,0.1887,21,6
0.385297566652298,0.0,4.882997131862572,17.029050893106394,X2,1.8836,21,7
0.194883793592453,0.0,3.9915922838870057,15.83118071739111,X2,-0.9548,21,8
0.09681162238121033,0.0,2.9072174266803352,14.300429357670554,X2,-1.6182,21,9
0.3581753671169281,0.0,2.299442057254379,13.450054068806235,X2,-1.2573,21,10
0.41723236441612244,0.0,2.1241527723077986,13.239594392657683,X2,-0.9569,21,11
0.5375826954841614,0.1,1.357307582478803,1.457307582478803,X4,-1.3216,21,12
0.7421191930770874,0.1,3.988932826196221,4.088932826196221,X4,-0.3832,22,0
0.36554262042045593,0.0,36.24437725284144,78.41802274920985,X2,-0.1687,22,1
0.17282411456108093,0.0,18.272964669469356,43.2232770454917,X2,-3.75,22,2
0.2990095913410187,0.0,16.699922924211027,39.718633537461756,X2,0.5129,22,3
0.24937675893306732,0.1,5.142092768618628,5.242092768618628,X4,-2.1494,22,4
0.19320842623710632,0.1,16.45942103335041,16.55942103335041,X1,4.0531,22,5
0.3007103502750397,0.0,16.977129922347103,37.299601779418026,X2,-3.8898,22,6
0.42987295985221863,0.0,15.099314280794728,34.14853496198522,X2,0.2663,22,7
0.21478131413459778,0.1,13.717737327887011,13.817737327887011,X1,4.9453,22,8
0.5353569984436035,0.1,9.019612285186525,9.119612285186525,X1,4.3083,22,9
0.25016772747039795,0.0,14.208717319866171,32.516934845348345,X2,0.688,22,10
0.4417581558227539,0.0,12.696383673729082,30.563323576034684,X2,-4.306,22,11
0.35986825823783875,0.0,9.940385721699252,26.14178349830295,X2,0.3961,22,12
0.42134925723075867,0.0,9.135635453536658,25.147033888175635,X2,-1.3638,22,13
0.3868313431739807,0.1,7.1703788319330934,7.270378831933093,X1,-2.119,22,14
0.10094773024320602,0.1,6.144082415148032,6.244082415148032,X1,-0.8017,22,15
0.27569112181663513,0.0,8.088571552848187,23.548463110541668,X2,-0.4743,22,16
0.35301661491394043,0.1,5.34545104588318,5.445451045883179,X1,0.1538,22,17
0.28693369030952454,0.1,5.671441332596629,5.771441332596629,X1,-0.7076,22,18
0.4615798592567444,0.1,5.184998445657546,5.284998445657545,X1,-0.8343,22,19
0.47718778252601624,0.1,5.522380752396899,5.622380752396898,X1,4.7465,22,20
0.4236493408679962,0.0,7.807935681365811,23.375349845908964,X2,-0.0583,22,21
0.112139493227005,0.1,27.9356349378276,28.035634937827602,X1,-0.2986,23,0
0.5012027025222778,0.1,1.2458427499121536,1.3458427499121537,X4,-2.4635,23,1
0.5304363965988159,0.0,62.623293666072804,119.2450788299522,X2,-1.3353,23,2
0.252005010843277,0.1,26.238467619687682,26.338467619687684,X2,2.3519,23,3
0.26247987151145935,0.0,9.451100849621762,23.97255363416003,X2,-4.1246,23,4
0.23812063038349152,0.0,2.422088685079777,13.509269582673275,X2,3.1587,23,5
0.17270348966121674,0.1,1.5189383478803435,1.6189383478803436,X1,2.7619,23,6
0.25487270951271057,0.1,2.4907765164751474,2.5907765164751475,X2,-4.5619,23,7
0.3435228168964386,0.1,1.5224828018275884,1.6224828018275885,X4,0.1538,23,8
0.2879498302936554,0.0,2.087256349993534,12.986925281954594,X2,3.7665,23,9
0.3812500536441803,0.0,1.5438420887873976,12.24798088928922,X2,4.329,23,10
0.30106380581855774,0.1,1.278626417206508,1.3786264172065081,X1,-1.3198,23,11
0.1334436535835266,0.1,1.2131678179670142,1.3131678179670143,X4,3.9464,23,12
0.4452969431877136,0.1,1.3550287491448456,1.4550287491448457,X4,-0.038,23,13
0.2879456579685211,0.1,0.8056483423941051,0.9056483423941051,X4,0.1928,23,14
0.40411219000816345,0.0,1.3636074609363418,12.028733605822358,X2,3.0123,23,15
0.3513137102127075,0.0,1.207467365620779,11.832701313851523,X2,0.4003,23,16
0.3526952266693115,0.0,1.0947975160048073,11.689308101074463,X2,-2.8694,23,17
0.21952950954437256,0.0,0.78141862909356,11.22471398125449,X2,4.3502,23,18
0.544706404209137,0.1,4.635019263545464,4.735019263545464,X4,-2.2544,24,0
0.11752713471651077,0.1,4.387773908336376,4.487773908336376,X4,-4.2496,24,1
0.27216580510139465,0.0,37.89144092592089,78.51595455201952,X2,3.3971,24,2
0.0973651111125946,0.1,6.932752514036215,7.032752514036215,X1,1.0757,24,3
0.20690999925136566,0.1,5.55401509334049,5.654015093340489,X1,-4.3277,24,4
0.22082006931304932,0.0,21.416105097438464,41.72467715134776,X2,2.8362,24,5
0.2378435730934143,0.0,15.852105089053623,33.92489201627683,X2,-3.1399,24,6
0.5760223865509033,0.0,9.071958230825775,23.12756405958783,X2,1.9902,24,7
0.09475984424352646,0.1,4.852489249776829,4.9524892497768285,X1,-3.8655,24,8
0.08613463491201401,0.0,6.180664026553535,18.858186328227426,X2,2.8084,24,9
0.47331321239471436,0.1,3.8733836612706622,3.9733836612706623,X1,-0.5373,24,10
0.39474818110466003,0.1,3.3549695046457617,3.454969504645762,X1,4.1648,24,11
0.4640660285949707,0.1,2.9118641340026032,3.0118641340026033,X1,3.5283,24,12
0.3058883249759674,0.0,5.3748774686593555,17.764998541190103,X2,-4.561,24,13
0.2396577149629593,0.1,7.437633817690185,7.5376338176901845,X2,-1.8041,24,14
0.08489002287387848,0.0,3.730437187114811,15.603369650999165,X2,4.2568,24,15
0.10440491139888763,0.0,3.8506309213582997,15.921250385278892,X2,3.9685,24,16
0.25622624158859253,0.1,2.6740210287763575,2.7740210287763576,X1,-2.9902,24,17
0.20795689523220062,0.0,4.278326352529196,16.750579198293355,X2,2.7701,24,18
0.08376871794462204,0.1,3.4230912973131624,3.5230912973131625,X2,0.5165,24,19
0.6931471824645996,0.1,28.70806869324593,28.808068693245932,X1,4.996,25,0
0.6912614107131958,0.1,33.12303067794966,33.22303067794966,X2,2.6916,25,1
0.6890276670455933,0.1,4.622016496023917,4.722016496023917,X4,1.4234,25,2
0.6935402750968933,0.1,11.856000698663019,11.956000698663019,X4,-1.5549,25,3
0.6920467019081116,0.1,4.617249700601708,4.717249700601708,X4,1.3979,25,4
0.6883730888366699,0.1,2.7774565157529603,2.8774565157529604,X4,-0.6738,25,5
0.681010901927948,0.1,5.446734940114569,5.546734940114568,X1,-3.7584,25,6
0.6922635436058044,0.1,3.6023568054945794,3.7023568054945795,X1,-1.7734,25,7
0.6729133129119873,0.0,9.544305914557453,22.525576764262198,X2,4.4746,25,8
0.6779810190200806,0.0,7.5988256479668665,20.547612860338692,X2,2.7542,25,9
0.7097688317298889,0.0,5.955104532449786,18.514736595361775,X2,-2.4871,25,10
0.6824000477790833,0.1,3.635788753631263,3.735788753631263,X4,-3.4581,25,11
0.6994187235832214,0.0,6.44729870688484,19.09360546004341,X2,4.2127,25,12
0.6603904962539673,0.0,5.342151787947817,17.71907251782338,X2,-4.7727,25,13
0.6816561222076416,0.0,3.5013578559409178,15.128173502827742,X2,3.8348,25,14
0.691480815410614,0.0,3.8155147165843166,15.739731761891477,X2,3.1358,25,15
0.6788005232810974,0.0,5.238223376689168,18.173858526168083,X2,-0.9766,25,16
0.7111097574234009,0.1,1.4733611768858552,1.5733611768858553,X1,-4.2703,25,17
0.7118348479270935,0.0,1.9044184673684348,12.934341429557156,X2,-3.9799,25,18
0.7096209526062012,0.1,29.35868082663182,29.45868082663182,X1,2.1836,26,0
0.6984767913818359,0.0,39.484906792572616,126.72331392758238,X2,0.6538,26,1
0.6817591190338135,0.1,17.196543084861794,17.296543084861796,X1,-1.8088,26,2
0.6448448896408081,0.1,6.258256663810132,6.358256663810131,X1,-2.5208,26,3
0.6768918037414551,0.0,10.978421983373053,25.867329654347785,X2,3.0769,26,4
0.6647056937217712,0.1,9.222505593161245,9.322505593161244,X4,-3.403,26,5
0.7058449983596802,0.0,8.239434715055088,21.446072216771704,X2,-1.1844,26,6
0.6869394779205322,0.1,7.754348267932547,7.854348267932546,X2,-0.0124,26,7
0.6847391128540039,0.0,7.452669935148238,20.77329237930107,X2,4.8334,26,8
0.6879520416259766,0.0,6.20989322842234,19.14470970810526,X2,-2.5255,26,9
0.6799960732460022,0.0,1.6008406024263175,12.325540323166635,X2,2.6835,26,10
0.692556619644165,0.0,1.397037341789829,12.075334474043476,X2,-1.3625,26,11
0.6771917939186096,0.0,1.3443939866643912,12.030798021159745,X2,-2.1486,26,12
0.6758350133895874,0.0,1.5485482991624304,12.391487467377228,X2,2.5213,26,13
0.6558725237846375,0.1,1.324243122011672,1.424243122011672,X1,4.8909,26,14
0.6541653275489807,0.1,0.968053495615532,1.068053495615532,X1,4.7508,26,15
0.6795068383216858,0.0,1.2359704522339032,11.937360808059328,X2,-0.3053,26,16
0.6922808885574341,0.1,0.9009017912179513,1.0009017912179514,X1,0.0912,26,17
0.652507483959198,0.1,29.098474991563183,29.198474991563184,X1,-3.6296,27,0
0.6623721122741699,0.1,21.588268014784813,21.688268014784814,X1,-0.4301,27,1
0.648742139339447,0.1,15.301971297346917,15.401971297346917,X1,-1.7203,27,2
0.6937092542648315,0.1,13.427254468365074,13.527254468365074,X1,4.9062,27,3
0.6694244146347046,0.0,32.98564685953237,60.1880003370104,X2,-0.8586,27,4
0.6783424019813538,0.1,14.653468966087235,14.753468966087235,X4,-2.0021,27,5
0.6530837416648865,0.0,16.86383256761009,33.10205290166313,X2,4.8995,27,6
0.6739375591278076,0.1,19.189539803518475,19.289539803518476,X2,2.2532,27,7
0.6492292284965515,0.0,12.859691201087879,28.814962921974107,X2,-1.0855,27,8
0.6531635522842407,0.0,10.488938342937487,25.719502817996997,X2,-2.0824,27,9
0.6784728169441223,0.0,5.566854411669221,18.30088281065985,X2,-0.7942,27,10
0.6610663533210754,0.0,5.235461214296005,18.011169651261948,X2,-0.259,27,11
0.670475423336029,0.1,3.096887055654447,3.196887055654447,X1,-1.8631,27,12
0.7102928757667542,0.0,4.819755485284902,17.485862007368183,X2,-1.1251,27,13
0.6288567185401917,0.1,3.1655399964931648,3.265539996493165,X4,2.3584,27,14
0.6306262612342834,0.1,2.770269219990206,2.870269219990206,X1,-2.9266,27,15
0.6290175914764404,0.0,3.6804950324783947,15.815108874250473,X2,-3.4312,27,16
0.6597871780395508,0.1,2.9386707027427894,3.0386707027427895,X4,-1.5767,27,17
0.617790162563324,0.1,2.632115981224548,2.732115981224548,X4,2.2092,27,18
0.7195525169372559,0.1,2.3045268464130615,2.4045268464130616,X4,1.1008,27,19
0.6047818064689636,0.0,1.3119835295038933,12.080294255192827,X2,1.1243,27,20
0.6336422562599182,0.0,1.0195206651481301,11.632262969950071,X2,-3.9636,27,21
0.5987944602966309,0.0,0.7365353956321319,11.195322479257925,X2,4.6685,27,22
0.645567774772644,0.0,0.6824379151320015,11.130969125554518,X2,-1.6169,27,23
0.5901353359222412,0.1,1.7190700761918434,1.8190700761918435,X4,3.1838,27,24
0.5752320289611816,0.0,19.325698323219193,91.53842300888815,X2,-3.5618,28,0
0.6635993123054504,0.1,29.836841257089866,29.936841257089867,X1,-0.5762,28,1
0.6749985814094543,0.1,18.75259144033822,18.852591440338223,X1,-2.9793,28,2
0.6325889229774475,0.0,10.426543560832153,38.84677013477624,X2,0.6864,28,3
0.5604379177093506,0.1,21.527951542671666,21.627951542671667,X4,-2.5754,28,4
0.6522786021232605,0.0,9.937375181357357,24.128119342963192,X2,0.2625,28,5
0.6527531147003174,0.1,9.679265700167807,9.779265700167807,X2,-3.9946,28,6
0.6039350032806396,0.0,9.575262440916505,24.078117384191955,X2,2.0345,28,7
0.6686779260635376,0.0,6.846043340739307,20.116593412932453,X2,0.9973,28,8
0.5739847421646118,0.1,4.687007170643357,4.787007170643356,X1,1.459,28,9
0.6357036828994751,0.1,4.088549331626645,4.1885493316266444,X1,0.7413,28,10
0.5567454099655151,0.0,5.842435156851632,18.726771568804605,X2,4.5661,28,11
0.5649232268333435,0.0,4.1661100860824405,16.292854177593213,X2,4.5982,28,12
0.6461428999900818,0.0,3.724111511320765,15.73482294282406,X2,-0.317,28,13
0.6940994262695312,0.0,3.0857585154930343,14.82491580475962,X2,-4.9537,28,14
0.6050918102264404,0.1,2.278555823310895,2.378555823310895,X1,4.8299,28,15
0.6139949560165405,0.1,0.5572951227716799,0.6572951227716799,X4,0.433,28,16
0.7259754538536072,0.0,2.433355889189055,13.848545393812469,X2,2.3401,28,17
0.7594656944274902,0.1,1.6689494737973944,1.7689494737973945,X1,-3.3751,28,18
0.5556909441947937,0.1,1.5560721480146014,1.6560721480146015,X1,-3.138,28,19
0.5507171750068665,0.0,3.108141258341329,15.042815342527883,X2,-1.2136,28,20
0.6640501022338867,0.0,1.5587777451743192,12.520991172002704,X2,-0.8651,28,21
0.7476090788841248,0.1,1.0966191680731516,1.1966191680731517,X1,1.6926,28,22
0.5462920069694519,0.1,1.0423737217199271,1.1423737217199272,X1,-1.764,28,23
0.5407459139823914,0.1,28.507635482630295,28.607635482630297,X1,-2.6448,29,0
0.6690484285354614,0.1,28.977454712199265,29.077454712199266,X2,-1.9805,29,1
0.6736834049224854,0.1,19.100386145743787,19.20038614574379,X1,1.9277,29,2
0.680386483669281,0.1,6.976672519904162,7.076672519904162,X1,-1.9319,29,3
0.6500305533409119,0.0,21.413110867317677,42.45830811577654,X2,-1.4822,29,4
0.6914970874786377,0.1,9.346612840513558,9.446612840513557,X1,4.1613,29,5
0.5809264183044434,0.0,19.603930594831727,41.227080705076474,X2,0.6678,29,6
0.6280473470687866,0.0,10.78245292315238,26.45326922545188,X2,2.0792,29,7
0.6763720512390137,0.0,7.485771281693315,21.57449702737126,X2,3.3205,29,8
0.5581639409065247,0.1,4.002370314589661,4.102370314589661,X1,2.5474,29,9
0.529496431350708,0.1,3.1212151436384836,3.2212151436384837,X1,-0.5325,29,10
0.6068207621574402,0.1,2.5122786078338146,2.6122786078338147,X1,0.6417,29,11
0.5764468908309937,0.0,5.611253099775928,18.408023732042928,X2,-2.1365,29,12
0.666282594203949,0.0,3.544977433457513,15.4410412678863,X2,-4.4188,29,13
0.6205724477767944,0.1,8.689423099794327,8.789423099794327,X4,-4.0906,29,14
0.5065616369247437,0.1,2.0771401159501557,2.1771401159501558,X4,-0.4657,29,15
0.622951865196228,0.0,1.1808004016563909,11.76258025416589,X2,2.3119,29,16
0.5957846641540527,0.1,1.5161450602240778,1.616145060224078,X4,-1.0405,29,17
0.6573139429092407,0.0,17.070934207695284,79.06907263542966,X2,0.2264,30,0
0.656982421875,0.1,28.084406019182094,28.184406019182095,X1,4.9412,30,1
0.7191346883773804,0.1,17.668791825263092,17.768791825263094,X1,4.3378,30,2
0.49856677651405334,0.1,13.951186834005963,14.051186834005962,X1,2.6897,30,3
0.6165188550949097,0.1,12.716490475845967,12.816490475845967,X4,1.4588,30,4
0.5040633678436279,0.1,10.073020932791039,10.173020932791038,X4,-1.1752,30,5
0.5450416803359985,0.1,9.285920070985354,9.385920070985353,X4,-1.2435,30,6
0.6245853900909424,0.0,14.185299675977165,29.240626495397024,X2,-1.7323,30,7
0.5437502861022949,0.1,6.574963529290014,6.674963529290014,X1,0.3726,30,8
0.49723052978515625,0.1,14.23296009210784,14.33296009210784,X2,-2.7731,30,9
0.4947839677333832,0.0,10.950206187355782,25.77416565715101,X2,2.7222,30,10
0.7394354343414307,0.1,3.455220151633706,3.5552201516337063,X4,-2.5249,30,11
0.6707257628440857,0.0,2.80943567124741,13.91661489573853,X2,3.6251,30,12
0.48263898491859436,0.1,0.8648423066163954,0.9648423066163954,X4,-0.8076,30,13
0.4618184566497803,0.1,0.8913648478937864,0.9913648478937864,X4,-4.8435,30,14
0.6464729309082031,0.1,28.95391608343624,29.053916083436242,X1,-4.6642,31,0
0.6619418263435364,0.0,33.36417912862489,121.37262105367373,X2,3.7027,31,1
0.5283624529838562,0.1,20.491544910699787,20.59154491069979,X1,-2.8273,31,2
0.6686393022537231,0.1,16.218114427384148,16.31811442738415,X1,0.039,31,3
0.5250537395477295,0.0,48.205026263515634,100.82267152718751,X2,-3.4055,31,4
0.5092864036560059,0.0,18.923973309819928,39.587513673131696,X2,-3.4912,31,5
0.661075234413147,0.1,15.396126254340599,15.496126254340599,X2,-2.7896,31,6
0.5975350141525269,0.0,16.764084085950696,36.66883169127449,X2,4.5579,31,7
0.6204656958580017,0.0,14.465434705407676,33.45670417466884,X2,-0.1385,31,8
0.7783393263816833,0.0,9.99517435447915,25.870531743929224,X2,-3.4063,31,9
0.49330639839172363,0.1,5.862244076548298,5.962244076548298,X1,-1.2354,31,10
0.7028576135635376,0.0,9.25919241975874,24.96604628633589,X2,1.5037,31,11
0.46151432394981384,0.1,4.254683848392252,4.354683848392252,X4,4.1474,31,12
0.5605486631393433,0.1,4.2200589191680375,4.320058919168037,X4,0.5729,31,13
0.6692487001419067,0.0,2.683059992087464,14.225032301438432,X2,3.2335,31,14
0.5920321345329285,0.1,2.9682782595525525,3.0682782595525526,X4,-4.0754,31,15
0.5361544489860535,0.1,1.765880893874232,1.8658808938742322,X1,-2.3154,31,16
0.5759252309799194,0.0,2.2665542010802637,13.55715837521738,X2,-4.0592,31,17
0.7148312330245972,0.0,2.2755166760177525,13.628481762716284,X2,2.397,31,18
0.6692062616348267,0.0,1.5943348110164743,12.554270222827348,X2,-4.9233,31,19
0.7696332931518555,0.1,0.8126541140615547,0.9126541140615547,X4,-3.8268,31,20
0.4942760467529297,0.0,1.2211094035236103,11.976379974040196,X2,3.022,31,21
0.6218984723091125,0.1,0.4965784608125122,0.5965784608125122,X4,0.5208,31,22
0.5669368505477905,0.0,1.4848176589835596,12.441001777969689,X2,-3.2037,31,23
0.4877098500728607,0.0,1.2604556322719667,12.096030721130571,X2,0.493,31,24
0.6979253888130188,0.1,29.04915239943626,29.14915239943626,X1,3.3973,32,0
0.4855627417564392,0.1,22.230554980623857,22.33055498062386,X1,-0.8607,32,1
0.4875392019748688,0.1,18.963621970769783,19.063621970769784,X1,-3.5408,32,2
0.642401933670044,0.0,52.41796012772343,89.72210880173466,X2,2.0879,32,3
0.5203063488006592,0.1,12.498842959242708,12.598842959242708,X1,-1.2016,32,4
0.619834840297699,0.0,39.54399664602868,71.43692810736292,X2,3.4242,32,5
0.6649749279022217,0.0,33.8364351729943,65.88734278484122,X2,-1.7915,32,6
0.4814260005950928,0.1,5.626079318812657,5.726079318812657,X1,2.9498,32,7
0.591084897518158,0.0,12.209794111972274,27.414648719554364,X2,-0.4155,32,8
0.7702536582946777,0.0,9.148919257844486,23.258121881211796,X2,0.1691,32,9
0.6004071235656738,0.0,10.052283814097766,25.172250082637195,X2,-1.1783,32,10
0.4782283306121826,0.1,11.91353854917058,12.01353854917058,X2,-2.6857,32,11
0.5023174285888672,0.0,5.47452973329787,18.395561148760365,X2,3.0892,32,12
0.6633731722831726,0.1,3.3270878971011504,3.4270878971011505,X2,-0.168,32,13
0.4930212199687958,0.0,3.778332526588004,15.951948518657248,X2,2.6471,32,14
0.7588739395141602,0.1,1.3338981721293917,1.4338981721293917,X4,-4.8286,32,15
0.5990459322929382,0.0,2.29814717039846,13.750912933204399,X2,4.5489,32,16
0.6537213325500488,0.1,1.5433489073110782,1.6433489073110783,X1,-3.511,32,17
0.5174111723899841,0.0,1.4808943859842174,12.41204611878661,X2,-3.6634,32,18
0.7477291822433472,0.0,0.8702413864280474,11.426945117845703,X2,2.825,32,19
0.564525306224823,0.0,0.685366324034569,11.131779706922408,X2,-0.7607,32,20
0.606315016746521,0.1,2.8202566487171294,2.9202566487171295,X4,2.5959,32,21
0.6471662521362305,0.1,0.5985753978678501,0.6985753978678501,X2,0.527,32,22
0.5963639616966248,0.1,0.47478544679734896,0.574785446797349,X1,-0.0014,32,23
0.6333525776863098,0.1,1.8779864826366024,1.9779864826366025,X4,0.6586,32,24
0.5561081767082214,0.1,28.368337704525146,28.468337704525148,X1,0.2816,33,0
0.45232293009757996,0.1,20.108831449169386,20.208831449169388,X1,3.6812,33,1
0.6899729371070862,0.1,16.773572270787163,16.873572270787164,X1,-4.5344,33,2
0.6077369451522827,0.1,57.75182072046947,57.85182072046947,X2,3.9931,33,3
0.5065269470214844,0.0,35.36405825512887,65.0655879964161,X2,-0.1927,33,4
0.47817546129226685,0.1,16.38853481530282,16.48853481530282,X2,2.1271,33,5
0.6564120650291443,0.1,4.804855476271945,4.904855476271945,X1,-2.5953,33,6
0.5964838862419128,0.0,7.821111758470508,21.00371338915822,X2,-3.3414,33,7
0.6474336385726929,0.1,4.001706416920574,4.101706416920574,X1,4.8848,33,8
0.49557703733444214,0.0,5.873037230974319,18.366185826069,X2,-4.7315,33,9
0.47593504190444946,0.0,4.339887868631944,16.299453150499925,X2,-1.155,33,10
0.5137009620666504,0.0,3.4131251395873394,15.084567678087172,X2,-4.8519,33,11
0.40905529260635376,0.1,2.8866974741104583,2.9866974741104584,X4,-0.094,33,12
0.7449201941490173,0.1,2.3178372728569436,2.4178372728569437,X4,-0.6815,33,13
0.5925959944725037,0.0,2.510186868305236,13.790773289794952,X2,3.0931,33,14
0.4727465510368347,0.0,2.247542201920411,13.460834457918068,X2,0.7711,33,15
0.43934959173202515,0.0,2.0255306809044074,13.197509616503734,X2,-3.4166,33,16
0.4386855363845825,0.1,1.274684360570804,1.3746843605708041,X1,-1.9173,33,17
0.5548213124275208,0.0,1.3295275987048505,12.111911204542672,X2,0.937,33,18
0.5851425528526306,0.0,1.5056782636881498,12.431759503865305,X2,0.1313,33,19
0.46324944496154785,0.1,0.855424170560181,0.955424170560181,X1,0.9804,33,20
0.4864986538887024,0.1,1.1721336272602112,1.2721336272602113,X2,-2.0815,33,21
0.39831075072288513,0.1,1.975025147607121,2.075025147607121,X4,4.0521,33,22
0.6208540201187134,0.1,2.1396484649272884,2.2396484649272885,X4,-3.3042,33,23
0.42268049716949463,0.1,0.8290601205238439,0.9290601205238439,X1,-1.9887,33,24
0.47705090045928955,0.1,28.98652167930519,29.086521679305193,X1,-0.6532,34,0
0.6613847017288208,0.1,21.457209740831797,21.557209740831798,X1,-4.2308,34,1
0.47776633501052856,0.1,15.855552435025878,15.955552435025878,X1,1.2503,34,2
0.43131348490715027,0.1,12.067083612612093,12.167083612612092,X1,-3.9303,34,3
0.557296633720398,0.1,9.380052278794127,9.480052278794126,X4,-1.6778,34,4
0.617229700088501,0.0,68.44688603435749,116.09308907543415,X2,1.6737,34,5
0.6019615530967712,0.0,21.256427556852383,40.31786778626828,X2,0.6806,34,6
0.5383071899414062,0.1,3.7033508233120815,3.8033508233120816,X4,-2.9915,34,7
0.6505640149116516,0.0,32.31652771964016,60.37192976012173,X2,1.4572,34,8
0.6763964891433716,0.0,30.75516403193801,61.555656795457296,X2,1.2121,34,9
0.45484641194343567,0.0,28.218419670659024,59.80501902063461,X2,0.5694,34,10
0.4577111005783081,0.0,22.84365885594749,49.815154007467264,X2,3.4086,34,11
0.6208941340446472,0.0,23.020117676158833,104.05408183326333,X2,-1.4582,35,0
0.44411909580230713,0.1,28.041333338182255,28.141333338182257,X1,1.9284,35,1
0.47553497552871704,0.0,9.474525142135223,37.523312259139615,X2,-2.5035,35,2
0.6163491010665894,0.1,17.756953249554247,17.85695324955425,X1,1.5866,35,3
0.6195964813232422,0.0,18.717121183888388,39.20272737743087,X2,-0.0465,35,4
0.45420950651168823,0.0,8.76966739161325,23.092801813915496,X2,-0.398,35,5
0.6336387395858765,0.0,7.843485923431685,23.40185269894438,X2,1.7976,35,6
0.5091506242752075,0.1,16.46843969443657,16.56843969443657,X4,1.3818,35,7
0.5919150114059448,0.1,9.719142900807125,9.819142900807124,X4,1.576,35,8
0.5182771682739258,0.1,9.309987413162311,9.40998741316231,X4,-4.557,35,9
0.5129363536834717,0.0,8.789384274198893,23.305052427961712,X2,3.7634,35,10
0.5782648921012878,0.0,3.9380175526171244,15.858969306471876,X2,-3.7063,35,11
0.45134449005126953,0.0,2.608874573479823,13.930819763909511,X2,2.8762,35,12
0.6301456093788147,0.0,1.6056078408767596,12.446166474085034,X2,-2.0571,35,13
0.679438054561615,0.0,1.4237995029055455,12.20703038876885,X2,-4.4773,35,14
0.4095665514469147,0.1,1.1011863688526933,1.2011863688526934,X4,-3.8393,35,15
0.4055968225002289,0.1,1.8692621808091547,1.9692621808091548,X1,-1.8811,35,16
0.4868837594985962,0.1,29.328115392646207,29.42811539264621,X1,-0.1707,36,0
0.6302131414413452,0.1,21.592099764087504,21.692099764087505,X1,1.9676,36,1
0.6647676229476929,0.1,20.24824257786751,20.348242577867513,X1,3.1019,36,2
0.4563608169555664,0.0,49.93098096198659,151.1457617694817,X2,3.3857,36,3
0.36801016330718994,0.1,6.207444302625255,6.307444302625255,X4,-2.5609,36,4
0.6925272345542908,0.1,4.7718442694733305,4.87184426947333,X1,0.5985,36,5
0.5554662346839905,0.1,4.942341350011999,5.0423413500119985,X1,-0.9495,36,6
0.4463874101638794,0.0,17.81605048694938,33.39244289913505,X2,-4.854,36,7
0.6532173156738281,0.1,4.169916280093007,4.269916280093007,X1,0.922,36,8
0.6377093195915222,0.0,13.411937664987082,28.239116977693076,X2,-1.2384,36,9
0.6986922025680542,0.1,4.269257559555353,4.369257559555352,X1,-3.9825,36,10
0.4372991621494293,0.1,4.283162859865098,4.383162859865098,X1,-1.7402,36,11
0.4365544021129608,0.1,4.888481050109734,4.988481050109733,X1,3.6264,36,12
0.670483410358429,0.0,14.656693427425472,31.009991853099912,X2,-1.9435,36,13
0.5021008849143982,0.1,29.01940042673816,29.11940042673816,X1,3.4552,37,0
0.40086689591407776,0.0,32.460556802533674,94.47959977128367,X2,1.4872,37,1
0.5439726114273071,0.1,15.911999512918998,16.011999512918997,X1,-3.6605,37,2
0.44648534059524536,0.0,17.891946506296033,41.20083756426418,X2,3.4672,37,3
0.5408245921134949,0.0,17.834766494799855,41.02504192547917,X2,1.9185,37,4
0.4406101107597351,0.0,16.912736376303087,40.167022427099596,X2,-1.7737,37,5
0.44042131304740906,0.0,9.614685297103295,26.369522929282553,X2,0.7015,37,6
0.6609334945678711,0.1,8.91231321601804,9.01231321601804,X2,-4.4639,37,7
0.6336228847503662,0.1,2.9765164658387895,3.0765164658387896,X1,3.1522,37,8
0.35797783732414246,0.1,20.418330425116537,20.518330425116538,X4,-0.0503,37,9
0.4109380543231964,0.1,13.396628184387023,13.496628184387022,X4,3.3989,37,10
0.39437320828437805,0.1,1.4861498802729847,1.5861498802729848,X1,-4.6914,37,11
0.4652944803237915,0.0,2.3448865695119623,13.92215704752214,X2,2.688,37,12
0.5987851023674011,0.1,7.464347296513651,7.564347296513651,X4,2.4252,37,13
0.47784632444381714,0.1,7.277770102159337,7.377770102159337,X4,-3.8679,37,14
0.40506741404533386,0.0,2.556492489422636,13.856020968998747,X2,1.8343,37,15
0.813165545463562,0.1,1.4991885088527388,1.5991885088527389,X1,2.1898,37,16
0.592077374458313,0.1,1.0799730741269322,1.1799730741269323,X4,-3.9758,37,17
0.650375247001648,0.0,1.933171977983335,12.955345889316419,X2,-0.0034,37,18
0.5768789649009705,0.0,1.8766488259926486,12.896735978712146,X2,-2.8047,37,19
0.4261559844017029,0.0,1.7204652621717165,12.712583307859392,X2,-0.9465,37,20
0.5219682455062866,0.1,28.673258284160376,28.773258284160377,X1,2.1075,38,0
0.5497989654541016,0.1,21.476985113099037,21.576985113099038,X1,-3.6077,38,1
0.6203604936599731,0.1,17.4346678977147,17.5346678977147,X1,-4.4064,38,2
0.5522164106369019,0.1,16.607014654490403,16.707014654490404,X1,0.3877,38,3
0.6444440484046936,0.0,76.9976196629508,144.08555606431798,X2,1.3367,38,4
0.4321964681148529,0.1,8.424133796176722,8.524133796176722,X4,1.793,38,5
0.6001821756362915,0.1,5.119905746846282,5.2199057468462815,X4,2.8569,38,6
0.3494713604450226,0.1,1.9294490272025395,2.0294490272025394,X4,3.6705,38,7
0.43293094635009766,0.0,37.21971791876999,64.54371493949142,X2,3.557,38,8
0.47143125534057617,0.0,25.4219742772964,48.30677947978053,X2,2.4473,38,9
0.38489603996276855,0.1,11.026481626277967,11.126481626277966,X1,-0.8577,38,10
0.5246632099151611,0.0,20.31068639305533,42.557531161579504,X2,-4.5345,38,11
0.550365149974823,0.1,9.775639243031266,9.875639243031266,X1,4.3634,38,12
0.38060081005096436,0.1,2.7709040263896902,2.8709040263896903,X4,-1.7271,38,13
0.667296826839447,0.0,14.364488743249442,32.02265086025383,X2,-1.3453,38,14
0.431781142950058,0.0,5.793772899267803,18.609186970350873,X2,0.3167,38,15
0.5234707593917847,0.1,1.3293941199666308,1.429394119966631,X1,-0.7036,38,16
0.4309873878955841,0.0,2.5247925786472485,13.777776089141481,X2,1.6888,38,17
0.5677880048751831,0.0,2.6894222596530692,14.11730755361364,X2,-3.2813,38,18
0.6172193884849548,0.1,1.0256660634683719,1.125666063468372,X1,-4.0043,38,19
0.5509003400802612,0.0,1.628490474114016,12.525834526905612,X2,-0.7117,38,20
0.39216020703315735,0.1,0.9038682840374268,1.003868284037427,X1,4.5803,38,21
0.3776184320449829,0.1,1.8859870837703148,1.9859870837703149,X4,-3.6809,38,22
0.7652661800384521,0.1,29.209920784114757,29.30992078411476,X1,4.3273,39,0
0.6264213919639587,0.0,30.084997300182156,93.25311291602688,X2,1.8592,39,1
0.4148918390274048,0.1,18.58108486845859,18.68108486845859,X1,-1.0366,39,2
0.5814015865325928,0.0,23.590113445404715,59.74736384976262,X2,3.2774,39,3
0.7508804202079773,0.1,3.714561196352488,3.814561196352488,X1,-0.2319,39,4
0.3847971558570862,0.0,6.682232480695995,20.924947124174388,X2,0.0464,39,5
0.618281900882721,0.1,21.7971364319732,21.897136431973202,X4,4.8815,39,6
0.5127925872802734,0.1,2.6083748863797265,2.7083748863797266,X1,-4.2917,39,7
0.8081608414649963,0.0,12.171198492987726,27.70603812311468,X2,-3.4332,39,8
0.4504392743110657,0.1,5.011612812712375,5.111612812712375,X1,2.7346,39,9
0.5522575974464417,0.1,3.0402542092659486,3.1402542092659487,X1,4.9294,39,10
0.42376020550727844,0.0,5.357064802204019,17.554964918647652,X2,3.2501,39,11
0.6233841180801392,0.0,4.355184670072193,16.292842264752977,X2,0.7569,39,12
0.5757649540901184,0.0,3.9234312522778048,15.80859160903783,X2,-4.5666,39,13
0.6634685397148132,0.0,4.136850517300378,16.25593675306202,X2,1.9202,39,14
0.618076503276825,0.1,1.6857652817861979,1.785765281786198,X1,-3.6017,39,15
0.4799630641937256,0.1,1.7306767830300092,1.8306767830300092,X1,0.534,39,16
0.5496120452880859,0.0,3.026299618490628,14.636022590406826,X2,-1.5476,39,17
0.6733006238937378,0.0,1.591939333984975,12.45683640630019,X2,-2.4113,39,18
0.547423779964447,0.0,1.330694813372798,12.08877693498344,X2,-4.7272,39,19
0.37924179434776306,0.1,6.726365708951014,6.8263657089510135,X4,-0.0511,39,20
0.612467885017395,0.1,4.922967333797466,5.022967333797466,X4,0.9393,39,21
0.3665018081665039,0.1,4.857272130637413,4.957272130637413,X4,4.8688,39,22
0.6662205457687378,0.1,0.5981596446721982,0.6981596446721982,X1,3.6081,39,23
0.6253182888031006,0.0,0.8196280311387675,11.347528563026776,X2,-1.1864,39,24
0.4611614942550659,0.0,19.015758186023124,85.11804833952654,X2,-4.6623,40,0
0.37371399998664856,0.1,31.079245121993985,31.179245121993986,X1,-4.3953,40,1
0.5366334915161133,0.1,21.959047713709527,22.05904771370953,X1,1.2857,40,2
0.4146367907524109,0.0,31.15207910581153,63.95227909131568,X2,-4.5879,40,3
0.38146552443504333,0.0,25.13511273435436,50.6582817750343,X2,1.5495,40,4
0.4117748439311981,0.1,10.54586842378927,10.64586842378927,X1,3.0806,40,5
0.44880396127700806,0.0,22.78482645913056,46.67392701073578,X2,4.1726,40,6
0.61432945728302,0.1,7.202001041739449,7.302001041739449,X1,1.9868,40,7
0.5561299324035645,0.0,14.543901496971205,32.23771970852668,X2,0.4311,40,8
0.6264092922210693,0.0,11.752062563274036,28.2086629909016,X2,-3.4535,40,9
0.6335537433624268,0.0,8.29554500057906,22.82347174360961,X2,-1.4605,40,10
0.409871369600296,0.1,2.6921890651041798,2.79218906510418,X1,4.5302,40,11
0.46113187074661255,0.0,2.5372772304768647,13.810570725655086,X2,0.8348,40,12
0.3777531385421753,0.1,2.1254510413418184,2.2254510413418185,X4,-2.3124,40,13
0.3982905149459839,0.1,1.7643503347292926,1.8643503347292927,X4,-4.7064,40,14
0.5729371309280396,0.1,29.341596536342813,29.441596536342814,X1,-4.3613,41,0
0.42003193497657776,0.1,21.283157319764864,21.383157319764866,X1,-4.2293,41,1
0.6534523367881775,0.1,17.633430926001484,17.733430926001486,X1,-0.0039,41,2
0.6607576012611389,0.1,13.752041173303923,13.852041173303922,X1,-2.4488,41,3
0.4143178164958954,0.0,57.16423226461904,94.86800385580557,X2,1.142,41,4
0.40698108077049255,0.1,6.982162223756837,7.0821622237568365,X1,3.6293,41,5
0.41437453031539917,0.0,25.040315808411673,45.05849522506817,X2,0.7504,41,6
0.6176748275756836,0.0,23.894388522025714,45.45597657096065,X2,-0.4303,41,7
0.5026026964187622,0.0,17.39421388534682,36.27515992550032,X2,-2.9187,41,8
0.40523409843444824,0.1,4.545354941229672,4.645354941229671,X1,-4.2211,41,9
0.3647918403148651,0.0,9.35883842354938,23.953562601863588,X2,-4.1033,41,10
0.37258777022361755,0.1,3.988522914616939,4.088522914616939,X4,4.5408,41,11
0.38171595335006714,0.0,9.497615136495961,24.540922083250415,X2,4.2242,41,12
0.4233475923538208,0.0,4.741080593605539,17.172412764568826,X2,-3.9966,41,13
0.37716004252433777,0.0,5.13146472169593,17.978851916329415,X2,-2.6804,41,14
0.6437731385231018,0.0,3.265564088024761,15.121094677843715,X2,-4.0229,41,15
0.5644857883453369,0.1,3.1906419404702646,3.2906419404702647,X4,-2.5487,41,16
0.3801398277282715,0.0,3.042951277110491,14.79016934952489,X2,1.7321,41,17
0.5281704068183899,0.0,2.986634907143229,14.786960122006052,X2,0.0073,41,18
0.4942127764225006,0.1,1.2690665457120207,1.3690665457120208,X4,2.2722,41,19
0.43308067321777344,0.1,3.171789913908966,3.271789913908966,X2,-2.6183,41,20
0.51033616065979,0.1,0.8458793297996716,0.9458793297996716,X4,2.1165,41,21
0.43945035338401794,0.1,0.8086885192070012,0.9086885192070012,X4,3.9729,41,22
0.36743077635765076,0.1,2.34100458134496,2.44100458134496,X2,-1.2751,41,23
0.40673887729644775,0.1,1.298403124842847,1.398403124842847,X1,-3.6649,41,24
0.6000391244888306,0.1,29.065726336206847,29.16572633620685,X1,0.6782,42,0
0.3666399419307709,0.0,27.75954615647721,98.24081313188005,X2,1.305,42,1
0.5948837399482727,0.0,7.818644076554356,37.46752384301859,X2,-1.3232,42,2
0.7269084453582764,0.1,19.658015666321663,19.758015666321665,X1,-4.2531,42,3
0.37669968605041504,0.0,16.504341300981558,36.93633907701305,X2,-4.2229,42,4
0.47825178503990173,0.0,7.91599946095166,22.766482103602264,X2,2.6796,42,5
0.36335161328315735,0.0,1.9842146117905848,13.177430235288547,X2,1.325,42,6
0.3776165843009949,0.0,2.3868327996064753,13.755579259090576,X2,-0.8681,42,7
0.4679003953933716,0.1,1.4125144539444123,1.5125144539444124,X1,3.3592,42,8
0.6528326272964478,0.1,3.1327068897009083,3.2327068897009084,X1,-2.5178,42,9
0.46842265129089355,0.1,13.752399552850514,13.852399552850514,X4,1.7718,42,10
0.35717397928237915,0.1,9.04692390745683,9.146923907456829,X4,-4.6892,42,11
0.5909097194671631,0.0,2.9800792657246378,14.580527903925397,X2,1.2493,42,12
0.46517783403396606,0.1,2.9690048370410156,3.0690048370410157,X4,-3.6021,42,13
0.4544335603713989,0.1,1.212660941452689,1.312660941452689,X4,4.8257,42,14
0.40255415439605713,0.0,2.5500288657055736,13.810818647514427,X2,-1.8485,42,15
0.4401286840438843,0.1,2.3089839228750555,2.4089839228750556,X2,-2.4118,42,16
0.5088375806808472,0.1,1.6325265952380528,1.7325265952380529,X1,4.025,42,17
0.6060887575149536,0.1,1.284883958084071,1.384883958084071,X1,4.0508,42,18
0.39247360825538635,0.1,29.1762416298396,29.2762416298396,X1,-4.573,43,0
0.397737979888916,0.1,22.481780284253524,22.581780284253526,X1,0.7388,43,1
0.5776390433311462,0.0,56.06298407918655,106.96747741109573,X2,3.4161,43,2
0.6339521408081055,0.1,12.153292180862213,12.253292180862212,X1,-3.1285,43,3
0.6439899802207947,0.0,38.99327573573389,73.85460910594263,X2,3.0959,43,4
0.511402428150177,0.1,13.619474023105798,13.719474023105798,X1,-0.8801,43,5
0.6051506996154785,0.1,12.607905387489616,12.707905387489616,X1,-2.2022,43,6
0.35086169838905334,0.1,11.924309643941797,12.024309643941796,X1,3.8465,43,7
0.5148085355758667,0.0,30.272199086852726,56.646408014007264,X2,3.9742,43,8
0.3463919758796692,0.0,30.153231924665644,61.11944228996106,X2,-2.2774,43,9
0.3571869432926178,0.0,12.11452111799792,28.071081491304195,X2,1.9419,43,10
0.49389541149139404,0.1,3.706766350711978,3.806766350711978,X1,-2.8098,43,11
0.4942658245563507,0.0,6.922702297782398,20.179332599257922,X2,4.9577,43,12
0.379334419965744,0.0,6.851276151314287,20.381071857586413,X2,4.8699,43,13
0.4000822603702545,0.0,6.307993939541331,19.787251761578073,X2,-0.9186,43,14
0.39139509201049805,0.1,3.270608101277964,3.370608101277964,X1,4.9639,43,15
0.5940691232681274,0.0,5.379202385649116,18.448902388319404,X2,-3.226,43,16
0.48416203260421753,0.0,2.8647311518123333,14.481961030714768,X2,2.9626,43,17
0.643872082233429,0.0,2.2594149289804606,13.57960535866796,X2,-4.859,43,18
0.30018892884254456,0.1,1.9390929119692417,2.0390929119692416,X4,0.6361,43,19
0.6110483407974243,0.1,0.921749618688563,1.021749618688563,X1,4.8801,43,20
0.3986949324607849,0.1,1.1848452099014046,1.2848452099014047,X2,-1.9095,43,21
0.35086724162101746,0.1,0.6489413189197696,0.7489413189197696,X1,-2.8119,43,22
0.40236687660217285,0.1,0.6840792724610063,0.7840792724610063,X1,4.179,43,23
0.3894803524017334,0.1,0.5422446035667705,0.6422446035667705,X1,2.1694,43,24
0.5766557455062866,0.0,20.561302738312502,91.60887582791212,X2,0.1096,44,0
0.46194708347320557,0.0,9.931123696106885,58.35180088116548,X2,4.2324,44,1
0.47104382514953613,0.0,3.326405493038387,26.6895713484461,X2,4.7096,44,2
0.8536802530288696,0.1,27.7847200888022,27.8847200888022,X1,-1.9823,44,3
0.3866177499294281,0.1,5.921446418595753,6.021446418595753,X1,4.4869,44,4
0.5502297878265381,0.1,4.150971653753825,4.250971653753824,X4,1.4918,44,5
0.31346067786216736,0.1,4.129061042423328,4.229061042423328,X4,1.9356,44,6
0.3455842137336731,0.1,6.505422648637808,6.605422648637807,X4,-2.7676,44,7
0.5747711658477783,0.1,5.187742607743709,5.287742607743708,X1,-1.9318,44,8
0.5991535186767578,0.1,4.450703948942525,4.550703948942525,X1,2.2883,44,9
0.632371187210083,0.0,9.432848732713152,23.17863975072234,X2,4.9714,44,10
0.38469022512435913,0.1,4.307327425582717,4.407327425582717,X1,1.0239,44,11
0.3425120413303375,0.1,0.5747600424945872,0.6747600424945872,X4,-2.791,44,12
0.5747233629226685,0.0,7.588196372521849,20.83814946366641,X2,3.7267,44,13
0.49515995383262634,0.1,0.40624803769679824,0.5062480376967983,X4,-3.3211,44,14
0.3678663372993469,0.1,3.5886716600885205,3.6886716600885205,X1,2.0897,44,15
0.46693089604377747,0.0,7.78308458616305,21.482643261452203,X2,1.3261,44,16
0.826553225517273,0.1,1.6773159689738033,1.7773159689738034,X1,-2.4334,44,17
0.5986152291297913,0.1,1.5193627589547005,1.6193627589547006,X1,-1.1406,44,18
0.5270371437072754,0.1,0.1480167954850449,0.2480167954850449,X4,3.8455,44,19
0.5817928314208984,0.1,2.821568603562035,2.921568603562035,X2,0.4602,44,20
0.623080849647522,0.0,3.3024656223111455,14.947842900639088,X2,3.2548,44,21
0.3382962644100189,0.1,1.2624167239539779,1.362416723953978,X1,-4.2629,44,22
0.36510950326919556,0.1,2.7008864865287756,2.8008864865287757,X1,-1.8128,44,23
0.33831843733787537,0.1,3.425677782263961,3.525677782263961,X1,-3.2989,44,24
0.48804259300231934,0.1,18.672379945431732,18.772379945431734,X2,0.4705,45,0
0.347574919462204,0.1,30.168283408121333,30.268283408121334,X1,0.9403,45,1
0.38246244192123413,0.1,16.97696887792433,17.076968877924333,X1,-4.6901,45,2
0.38045910000801086,0.1,5.606177826799211,5.706177826799211,X1,3.8975,45,3
0.4807612895965576,0.1,6.1577452068031775,6.257745206803177,X1,-2.9445,45,4
0.3976878225803375,0.1,17.031447228278395,17.131447228278397,X2,2.2204,45,5
0.34400132298469543,0.1,4.924541252380715,5.024541252380715,X1,-2.1848,45,6
0.3410263657569885,0.1,5.625747110292938,5.725747110292938,X1,0.7177,45,7
0.38369983434677124,0.1,5.53948821794248,5.639488217942479,X1,-1.3917,45,8
0.33327093720436096,0.1,4.542057093632344,4.642057093632344,X1,1.6202,45,9
0.3333057463169098,0.1,4.861571250854862,4.9615712508548615,X1,-4.7426,45,10
0.49407684803009033,0.1,4.129235586845483,4.2292355868454825,X1,-4.1806,45,11
0.3209971487522125,0.1,28.823118154595047,28.92311815459505,X1,-1.0253,46,0
0.3403312861919403,0.1,16.711786282939524,16.811786282939526,X2,-4.0886,46,1
0.4618576169013977,0.1,19.96413225957643,20.064132259576432,X1,3.8549,46,2
0.5801221132278442,0.1,7.427893215619765,7.527893215619764,X2,-2.367,46,3
0.3288628160953522,0.1,12.214191228685594,12.314191228685594,X1,-2.3144,46,4
0.3982716202735901,0.1,22.737498556117547,22.83749855611755,X2,1.6747,46,5
0.41157716512680054,0.1,11.25743886595356,11.35743886595356,X2,0.4145,46,6
0.614140510559082,0.1,8.155538484101378,8.255538484101377,X2,0.536,46,7
0.530303955078125,0.1,10.573862422765284,10.673862422765284,X4,-0.8137,46,8
0.3529437184333801,0.1,6.729261945893683,6.829261945893682,X4,-0.2518,46,9
0.3656643033027649,0.1,5.810320208040775,5.910320208040774,X2,-4.2104,46,10
0.4939112663269043,0.1,6.582587132443574,6.682587132443573,X2,0.021,46,11
0.30171069502830505,0.1,4.449279765289145,4.549279765289144,X4,1.7753,46,12
0.49190235137939453,0.1,4.179551279667191,4.27955127966719,X1,2.5719,46,13
0.516525149345398,0.1,3.594727860938807,3.6947278609388072,X4,4.7216,46,14
0.36886969208717346,0.1,3.922416180786651,4.022416180786651,X1,-0.7663,46,15
0.5078333616256714,0.1,6.1978341562015205,6.29783415620152,X2,4.9727,46,16
0.26356279850006104,0.1,3.1384655657179628,3.238465565717963,X4,-2.4211,46,17
0.32673847675323486,0.1,0.9707413001815127,1.0707413001815127,X4,-4.3299,46,18
0.3614181578159332,0.1,29.67979007953047,29.77979007953047,X1,-1.7387,47,0
0.32217395305633545,0.1,21.13733628638067,21.23733628638067,X1,3.7347,47,1
0.3803551197052002,0.1,50.86424437815656,50.964244378156565,X2,0.2256,47,2
0.6749638319015503,0.1,15.131627213803295,15.231627213803295,X2,-3.518,47,3
0.5717589259147644,0.1,14.961900942453203,15.061900942453203,X2,4.3965,47,4
0.5779157876968384,0.1,11.928419386690482,12.028419386690482,X2,-3.9901,47,5
0.4748252034187317,0.1,8.45252973380923,8.55252973380923,X2,-1.5613,47,6
0.4626201391220093,0.1,4.12628231464085,4.22628231464085,X2,-0.1442,47,7
0.5590706467628479,0.1,3.25813665941114,3.35813665941114,X1,-2.2459,47,8
0.33167919516563416,0.1,5.083030826386068,5.183030826386068,X2,1.9366,47,9
0.3236979842185974,0.1,2.3387996624136216,2.4387996624136217,X4,-1.6851,47,10
0.46977347135543823,0.1,2.863051235034229,2.963051235034229,X2,4.2083,47,11
0.36711549758911133,0.1,2.2380578775720954,2.3380578775720955,X1,3.1739,47,12
0.3560924828052521,0.1,1.9035159920600602,2.00351599206006,X1,-0.0838,47,13
0.4586058259010315,0.1,2.0736747489935676,2.1736747489935677,X1,3.689,47,14
0.5102876424789429,0.1,1.9318965687354157,2.031896568735416,X4,-0.5689,47,15
0.46953368186950684,0.1,1.5885847277297473,1.6885847277297474,X1,-0.8323,47,16
0.5022146701812744,0.1,2.038735703711808,2.138735703711808,X1,-2.8861,47,17
0.3792150914669037,0.1,3.1769717281787035,3.2769717281787036,X2,2.5949,47,18
0.6106966733932495,0.1,2.1360093963479985,2.2360093963479986,X2,0.1527,47,19
0.3780491054058075,0.1,2.112998013888257,2.212998013888257,X2,0.068,47,20
0.5248293876647949,0.1,1.3203917641877412,1.4203917641877413,X4,3.7933,47,21
0.36564236879348755,0.1,1.248259429312297,1.3482594293122971,X1,3.3293,47,22
0.3627778887748718,0.1,1.1452518642193312,1.2452518642193313,X1,-0.4355,47,23
0.5607776641845703,0.1,1.9460012383866172,2.046001238386617,X2,-2.2602,47,24
0.33470553159713745,0.1,28.42859751295677,28.52859751295677,X1,1.3541,48,0
0.4341996908187866,0.1,21.750822965547155,21.850822965547156,X1,-1.2753,48,1
0.3555415868759155,0.1,15.433268050919418,15.533268050919418,X1,3.7048,48,2
0.40169450640678406,0.1,45.390436423296556,45.49043642329656,X2,-3.3649,48,3
0.3294191360473633,0.1,30.961265233818214,31.061265233818215,X2,1.8885,48,4
0.3678708076477051,0.1,12.640859996286412,12.740859996286412,X2,-3.3709,48,5
0.3738683760166168,0.1,10.358089063031816,10.458089063031816,X4,3.5711,48,6
0.5046897530555725,0.1,13.917756153238676,14.017756153238675,X2,-2.3092,48,7
0.33421123027801514,0.1,5.074678287741447,5.174678287741447,X1,2.803,48,8
0.3628707826137543,0.1,4.102318271532975,4.202318271532975,X1,4.1152,48,9
0.36722198128700256,0.1,6.485200637158119,6.585200637158119,X2,-4.9154,48,10
0.44934946298599243,0.1,8.404260821129784,8.504260821129783,X2,-1.9454,48,11
0.3742128014564514,0.1,6.273631362538752,6.3736313625387515,X2,-0.7619,48,12
0.3269287645816803,0.1,6.063508963568044,6.163508963568043,X2,-2.48,48,13
0.33468809723854065,0.1,6.055787591324515,6.155787591324515,X2,3.2431,48,14
0.36568325757980347,0.1,2.6806762618449094,2.7806762618449095,X1,0.1151,48,15
0.5668303966522217,0.1,2.953593366961515,3.053593366961515,X2,-1.2577,48,16
0.43044936656951904,0.1,3.102112392107361,3.202112392107361,X2,-2.0152,48,17
0.3148592412471771,0.1,1.6800585517026856,1.7800585517026857,X1,4.8836,48,18
0.6551885008811951,0.1,2.7114003583744593,2.8114003583744593,X2,-2.3885,48,19
0.40414077043533325,0.1,1.9847861927683097,2.0847861927683096,X2,-2.0121,48,20
0.3717346787452698,0.1,1.992291993449255,2.0922919934492548,X2,3.9969,48,21
0.434164434671402,0.1,2.0584753339962836,2.1584753339962837,X2,1.0003,48,22
0.615874171257019,0.1,20.029071421187048,20.12907142118705,X2,2.2128,49,0
0.5300013422966003,0.1,1.1579439982874267,1.2579439982874268,X4,-2.4057,49,1
0.5118170380592346,0.1,3.669187411294215,3.769187411294215,X2,-4.6468,49,2
0.517918050289154,0.1,4.271597906676256,4.371597906676255,X2,-3.1008,49,3
0.35965919494628906,0.1,4.530465640536578,4.630465640536578,X1,0.3464,49,4
0.5220435857772827,0.1,1.7367960336529742,1.8367960336529743,X4,1.7187,49,5
0.3226397931575775,0.1,1.5910793578651825,1.6910793578651826,X4,3.4064,49,6
0.31314802169799805,0.1,4.849781207805495,4.949781207805494,X1,-4.024,49,7
0.6931471824645996,0.1,5.016161607543566,5.116161607543566,X1,3.0834,49,8
0.5544837713241577,0.1,4.590701757356048,4.690701757356048,X1,1.7971,49,9
0.3706354796886444,0.1,4.147129563944174,4.247129563944173,X1,-1.4472,49,10
0.6179216504096985,0.1,4.211591483964148,4.311591483964148,X1,2.8809,49,11
0.6931471824645996,0.1,28.849050091086934,28.949050091086935,X1,-2.0595,50,0
0.6927488446235657,0.1,21.43834907046592,21.538349070465923,X1,3.6639,50,1
0.6931387782096863,0.1,5.756646819014784,5.856646819014784,X4,-4.2878,50,2
0.6933937668800354,0.1,40.19059896483754,40.29059896483754,X2,3.675,50,3
0.6912291049957275,0.1,7.317955774200663,7.417955774200663,X1,-4.4594,50,4
0.6930868029594421,0.1,7.500781384003999,7.600781384003999,X1,-2.997,50,5
0.6921663880348206,0.1,18.279013012813262,18.379013012813264,X2,4.0662,50,6
0.6845887303352356,0.1,6.168014537219126,6.268014537219126,X1,2.1567,50,7
0.6820123195648193,0.1,15.214125919070376,15.314125919070376,X2,1.3103,50,8
0.6873049139976501,0.1,12.28693099756599,12.38693099756599,X2,-4.9529,50,9
0.692028284072876,0.1,17.42269007353971,17.52269007353971,X2,-3.3139,50,10
0.6927585601806641,0.1,12.245943002693927,12.345943002693927,X2,2.6357,50,11
0.6943145394325256,0.1,7.216684499904787,7.316684499904786,X2,1.3349,50,12
0.6927626729011536,0.1,1.248628843228006,1.348628843228006,X4,-1.1668,50,13
0.6946816444396973,0.1,3.592616548186283,3.692616548186283,X1,-1.269,50,14
0.6874557733535767,0.1,5.604238899559589,5.704238899559589,X2,3.3323,50,15
0.6868641972541809,0.7378009232640275,1.1537534350090966,20.026532925481334,X4,-2.0,50,16
0.6918717622756958,0.1,5.859423070807034,5.959423070807033,X2,-2.5118,50,17
0.6683058142662048,0.1,3.374721848025059,3.4747218480250592,X2,-3.7107,50,18
0.6879765391349792,0.1,2.573423020215377,2.673423020215377,X2,-3.3298,50,19
0.6889076828956604,0.1,1.6274315274346398,1.72743152743464,X1,-2.0917,50,20
0.6889264583587646,0.1,2.1706730919381836,2.2706730919381837,X2,-1.6216,50,21
0.6792104244232178,0.1,2.882154626824039,2.982154626824039,X4,-1.5727,51,0
0.6831980347633362,0.1,34.56880607249572,34.66880607249572,X2,-3.1157,51,1
0.703319251537323,0.1,17.904855916444124,18.004855916444125,X2,-0.9661,51,2
0.6854017376899719,0.1,15.148284056678914,15.248284056678914,X2,-3.6879,51,3
0.6806808710098267,0.1,12.606965804595976,12.706965804595976,X2,-3.3102,51,4
0.6848636269569397,0.1,10.517609024058826,10.617609024058826,X2,-4.6264,51,5
0.6878879070281982,0.1,10.97516662202063,11.07516662202063,X1,0.3473,51,6
0.6816879510879517,0.1,1.8574365023906767,1.9574365023906768,X4,1.6197,51,7
0.6844667792320251,0.1,5.1236935974414255,5.223693597441425,X1,1.8975,51,8
0.681728184223175,0.1,6.6733890326012775,6.773389032601277,X2,0.4728,51,9
0.6865847706794739,0.1,4.117360084819046,4.217360084819045,X1,1.9519,51,10
0.6791367530822754,0.1,6.033046140357063,6.133046140357063,X2,1.6166,51,11
0.6867244243621826,0.1,2.615320937290437,2.715320937290437,X1,1.0563,51,12
0.6714205145835876,0.1,3.138178483084067,3.238178483084067,X4,-3.9509,51,13
0.6788485050201416,0.1,2.1785105986988698,2.27851059869887,X1,-3.8599,51,14
0.6745825409889221,0.1,3.2936625944246463,3.3936625944246464,X1,-3.0025,51,15
0.6745922565460205,0.1,4.549793172764639,4.649793172764639,X2,-2.9833,51,16
0.6880853176116943,0.1,2.4325041354740997,2.5325041354741,X1,-4.6059,51,17
0.6770604848861694,0.1,2.2014571735386363,2.3014571735386364,X1,4.3312,51,18
0.6820331811904907,0.1,1.4734072238607594,1.5734072238607595,X1,1.7163,51,19
0.6652725338935852,0.1,4.213229535389817,4.313229535389817,X2,1.6902,51,20
0.6730834245681763,0.1,1.5921302081330913,1.6921302081330913,X1,0.1171,51,21
0.6721824407577515,0.1,1.4087359297521633,1.5087359297521634,X1,-2.4411,51,22
0.6537603139877319,0.1,0.32250034603164895,0.422500346031649,X4,-2.0398,51,23
0.6703307628631592,0.1,1.2729132582898182,1.3729132582898183,X1,-3.253,51,24
0.6608441472053528,0.1,28.86254916061976,28.962549160619762,X1,3.016,52,0
0.6816988587379456,0.1,30.240023826991205,30.340023826991207,X2,-4.05,52,1
0.6826226115226746,0.1,19.45475635283579,19.554756352835792,X1,3.52,52,2
0.6839774250984192,0.1,15.905861125596687,16.005861125596688,X1,-1.4247,52,3
0.6782867908477783,0.1,41.871545636073506,41.97154563607351,X2,3.7848,52,4
0.6696924567222595,0.1,23.279848757447823,23.379848757447824,X2,-3.1713,52,5
0.6525571942329407,0.1,16.82587260945847,16.925872609458473,X2,-2.2817,52,6
0.6538272500038147,0.1,9.929614675762746,10.029614675762746,X2,2.999,52,7
0.6503121256828308,0.1,5.907786334451007,6.007786334451007,X2,-3.8694,52,8
0.6708820462226868,0.1,3.172628938786957,3.272628938786957,X1,4.4247,52,9
0.665141224861145,0.1,4.352157664659396,4.452157664659396,X2,0.9075,52,10
0.6963278651237488,0.1,2.216378049837888,2.3163780498378883,X2,-3.1874,52,11
0.6660305857658386,0.1,1.5207549289637758,1.620754928963776,X2,-4.7118,52,12
0.6951196193695068,-0.8109435132294889,0.9942663930718099,14.713630044393794,X1,-4.0,52,13
0.6833813786506653,0.1,2.9282030755433577,3.0282030755433578,X4,-3.6934,52,14
0.6932086944580078,0.1,1.572433513815013,1.672433513815013,X1,-0.8872,52,15
0.6708216667175293,0.1,1.0429505875277862,1.1429505875277863,X1,-1.8576,52,16
0.6579112410545349,0.1,1.6530312926951207,1.7530312926951208,X2,2.6753,52,17
0.6668282151222229,0.1,1.2999573453925528,1.399957345392553,X2,4.779,52,18
0.6834080815315247,0.1,29.511488602490637,29.61148860249064,X1,0.231,53,0
0.6808096170425415,0.1,20.237067162635174,20.337067162635176,X1,1.6171,53,1
0.6610962748527527,0.1,15.42466579445574,15.52466579445574,X1,1.763,53,2
0.7000607252120972,0.1,31.025078922957057,31.12507892295706,X2,0.5834,53,3
0.6612591743469238,0.1,8.286883423178462,8.386883423178462,X1,1.434,53,4
0.672142505645752,0.1,24.02943915280878,24.129439152808782,X2,3.5187,53,5
0.6693885326385498,0.1,4.853114078569571,4.953114078569571,X1,-0.0835,53,6
0.6454209089279175,0.1,6.113325987509911,6.2133259875099105,X4,-4.4965,53,7
0.650966227054596,0.1,8.15569202040491,8.25569202040491,X4,-0.9672,53,8
0.6540513038635254,0.1,10.106593299890802,10.206593299890802,X2,3.0126,53,9
0.642082154750824,0.1,10.527084464951132,10.627084464951132,X2,-0.5293,53,10
0.6556038856506348,0.1,10.127957630927567,10.227957630927566,X2,1.5337,53,11
0.6763160824775696,0.1,9.417767933529552,9.517767933529552,X2,0.5713,53,12
0.6588732600212097,0.1,4.9049087321480185,5.004908732148018,X1,1.042,53,13
0.6499052047729492,0.1,3.9018136392636356,4.001813639263635,X1,0.0834,53,14
0.645867109298706,0.1,20.26816932850537,20.36816932850537,X2,4.5036,54,0
0.6441448926925659,0.1,31.386293379076207,31.48629337907621,X1,-2.7708,54,1
0.6570351719856262,0.1,18.970620910554935,19.070620910554936,X1,1.1976,54,2
0.6695977449417114,0.1,23.503020774841065,23.603020774841067,X2,2.1591,54,3
0.6752702593803406,0.1,16.765883605689925,16.865883605689927,X2,-2.7825,54,4
0.6596046090126038,0.1,11.727579324716604,11.827579324716604,X2,4.6443,54,5
0.6297177672386169,0.1,7.6762977570008974,7.776297757000897,X2,2.021,54,6
0.648837685585022,0.1,3.3362446091117253,3.4362446091117254,X1,-3.5955,54,7
0.6588371396064758,0.1,5.546074078952927,5.6460740789529265,X2,-3.9304,54,8
0.6571884155273438,0.1,3.7829779636217644,3.8829779636217645,X1,4.3022,54,9
0.6437820792198181,0.1,5.273156275013863,5.373156275013863,X2,2.8142,54,10
0.6292186975479126,0.1,3.1710738055804857,3.2710738055804858,X1,-0.8553,54,11
0.658898115158081,0.1,4.355798043510048,4.455798043510048,X2,0.8881,54,12
0.6653069853782654,0.1,3.6740314564825196,3.7740314564825197,X2,1.5846,54,13
0.6679407954216003,0.1,2.231397720622924,2.331397720622924,X1,-0.0117,54,14
0.6489746570587158,0.1,1.9946076312232808,2.0946076312232806,X1,4.3531,54,15
0.6606279015541077,0.1,3.0797021313518798,3.17970213135188,X2,0.0833,54,16
0.6416215896606445,0.1,1.222209839258949,1.3222098392589492,X1,0.7855,54,17
0.6620100140571594,0.1,1.1524183619230899,1.25241836192309,X1,-1.1259,54,18
0.649508535861969,0.1,3.7152741676730594,3.8152741676730595,X4,0.0411,54,19
0.6485089063644409,0.1,2.759956737495725,2.859956737495725,X4,4.1591,54,20
0.6453401446342468,0.1,1.875679074659914,1.975679074659914,X2,4.6359,54,21
0.6299197673797607,0.1,1.8758666834406392,1.9758666834406393,X2,-3.6663,54,22
0.6532748937606812,0.1,21.238864933669753,21.338864933669754,X2,2.4843,55,0
0.6634575128555298,0.1,10.730718021123053,10.830718021123053,X2,3.6071,55,1
0.6621830463409424,0.1,6.11875882266285,6.21875882266285,X2,1.3258,55,2
0.658896267414093,0.1,28.516898509322754,28.616898509322755,X1,-2.0942,55,3
0.6419190168380737,0.1,8.707218798014726,8.807218798014725,X2,4.8134,55,4
0.6449132561683655,0.1,5.154801737923234,5.254801737923233,X4,0.0389,55,5
0.6565279960632324,0.1,3.153130821359264,3.2531308213592642,X2,-3.8459,55,6
0.6575205326080322,0.1,3.562716627208148,3.662716627208148,X2,0.7064,55,7
0.6475046873092651,0.1,3.7645778157221454,3.8645778157221455,X2,2.4787,55,8
0.6497884392738342,0.1,3.8598975512981024,3.9598975512981025,X2,3.473,55,9
0.6485151052474976,0.1,3.1382993720436994,3.2382993720436994,X2,-4.7473,55,10
0.6418501138687134,0.1,2.9252381171937913,3.0252381171937914,X2,-3.001,55,11
0.6306861639022827,0.1,2.3309726325564926,2.4309726325564927,X1,-2.1338,55,12
0.6279198527336121,0.1,3.41970330200299,3.51970330200299,X4,1.9059,55,13
0.6403799057006836,0.1,2.693887880598974,2.793887880598974,X4,-4.6769,55,14
0.6387078166007996,0.1,1.6795908385949316,1.7795908385949317,X1,3.6804,55,15
0.6345925331115723,0.1,1.9274202830252605,2.0274202830252603,X4,2.4241,55,16
0.6372134685516357,0.1,1.2244034879730168,1.3244034879730169,X2,2.8431,55,17
0.6405943036079407,0.1,1.2180199582298257,1.3180199582298258,X2,1.6449,55,18
0.6647096276283264,0.1,1.1781207681772996,1.2781207681772997,X2,4.567,55,19
0.633008599281311,0.1,1.1664439257645218,1.266443925764522,X2,0.5212,55,20
0.6416220664978027,0.1,1.0499076723284246,1.1499076723284247,X2,1.2056,55,21
0.6139646172523499,0.1,1.367181755588599,1.467181755588599,X4,3.2998,55,22
0.5954681038856506,0.1,1.425051961786868,1.525051961786868,X4,1.4763,55,23
0.6350277662277222,0.1,1.4360498837667002,1.5360498837667003,X2,1.0339,55,24
