episode,step,node,value,is_breaker
0,0,X1,-4.1281,0
0,1,X1,4.0120,0
0,2,X2,-1.6780,0
0,3,X1,-1.6278,0
0,4,X2,-4.9833,0
0,5,X1,0.9760,0
0,6,X2,-0.5168,0
0,7,X1,-3.5782,0
0,8,X1,4.1115,0
0,9,X1,3.3784,0
0,10,X2,3.0150,0
0,12,X2,-1.0176,0
0,13,X2,1.8484,0
0,14,X2,3.9010,0
0,15,X2,-1.2548,0
0,16,X2,-3.1854,0
0,18,X2,-1.0881,0
0,19,X2,0.7317,0
1,0,X1,-4.1184,0
1,1,X1,-1.4809,0
1,2,X1,2.2366,0
1,3,X2,4.9179,0
1,4,X2,-2.6663,0
1,5,X1,4.9196,0
1,6,X2,-4.5587,0
1,7,X1,-2.4364,0
1,8,X2,-0.6573,0
1,9,X1,-4.3739,0
1,10,X1,-0.6680,0
1,12,X2,4.8535,0
1,13,X2,2.5081,0
1,14,X2,1.3913,0
1,16,X2,-1.2789,0
1,17,X1,3.7891,0
1,18,X2,0.3754,0
1,19,X2,4.1582,0
2,0,X1,-3.7353,0
2,1,X1,1.2962,0
2,2,X2,-4.3794,0
2,3,X2,-1.5046,0
2,4,X2,4.8044,0
2,5,X1,2.9111,0
2,6,X2,3.7139,0
2,7,X1,0.0012,0
2,8,X2,3.9343,0
2,9,X1,0.0630,0
2,10,X2,-1.0183,0
2,11,X1,-3.0050,0
2,12,X2,-3.0584,0
2,13,X2,-2.3116,0
2,14,X2,-1.0696,0
2,15,X2,-3.7157,0
2,16,X2,-3.0209,0
3,0,X1,-3.7389,0
3,1,X2,3.0458,0
3,2,X1,-3.7768,0
3,3,X2,-1.6553,0
3,4,X2,1.7152,0
3,6,X1,-0.8527,0
3,7,X2,-2.2048,0
3,8,X2,1.3271,0
3,9,X2,0.2580,0
3,10,X1,0.7353,0
3,11,X1,1.4684,0
3,12,X2,1.2421,0
3,13,X2,-3.6249,0
3,14,X1,-4.8009,0
3,15,X2,0.2138,0
4,0,X1,3.7047,0
4,1,X1,3.6394,0
4,2,X2,3.8715,0
4,3,X2,-3.3969,0
4,4,X2,1.2668,0
4,5,X2,3.0353,0
4,6,X1,-4.5338,0
4,7,X2,-0.8018,0
4,8,X2,-0.3261,0
4,9,X2,-3.6035,0
4,11,X2,0.5547,0
4,12,X2,1.7823,0
4,13,X1,-2.8837,0
4,14,X1,4.1002,0
4,16,X2,4.7073,0
4,18,X1,-3.8728,0
5,0,X2,-4.8702,0
5,1,X1,-2.7507,0
5,2,X2,2.8024,0
5,4,X1,2.3122,0
5,5,X1,-0.3990,0
5,6,X2,-2.3956,0
5,7,X1,4.3662,0
5,9,X2,-1.6563,0
5,10,X1,-3.7385,0
5,12,X1,-4.6771,0
5,13,X2,4.3696,0
5,14,X1,-0.3867,0
5,15,X2,-0.2196,0
5,17,X2,-4.9523,0
5,18,X2,2.8689,0
5,19,X1,4.2478,0
5,20,X1,2.9262,0
5,21,X2,-0.7020,0
5,22,X1,-0.7913,0
5,23,X2,4.2325,0
5,24,X2,-1.5014,0
6,0,X1,2.5885,0
6,1,X1,2.1962,0
6,2,X1,-3.9538,0
6,3,X2,-3.0127,0
6,4,X1,-1.4173,0
6,5,X1,3.9032,0
6,6,X1,-4.7329,0
6,7,X2,3.3623,0
6,8,X2,-0.0004,0
6,9,X1,3.9276,0
6,10,X1,-2.4515,0
6,11,X2,-2.4029,0
6,12,X1,0.3493,0
6,13,X2,-1.8101,0
6,14,X2,-0.6049,0
6,15,X1,-3.9907,0
6,17,X2,4.1014,0
7,0,X1,-2.9034,0
7,1,X2,-0.7641,0
7,2,X1,-3.3185,0
7,3,X2,-4.8809,0
7,4,X2,3.1905,0
7,5,X1,-1.8967,0
7,7,X1,-2.1511,0
7,8,X2,2.1136,0
7,10,X2,-4.6863,0
7,11,X1,0.6934,0
7,12,X2,1.8256,0
7,13,X2,0.2137,0
7,14,X1,-4.6876,0
7,15,X1,1.4382,0
7,16,X2,3.9859,0
7,17,X2,-4.0878,0
8,0,X1,-3.4776,0
8,1,X1,2.0593,0
8,2,X2,-0.7920,0
8,3,X2,2.6457,0
8,4,X2,-0.3748,0
8,5,X2,-1.2055,0
8,6,X2,3.2762,0
8,7,X2,-3.1417,0
8,8,X2,1.4211,0
8,9,X2,-1.0695,0
8,10,X1,-1.2511,0
8,11,X2,2.1069,0
8,12,X1,1.5731,0
8,13,X2,-2.4676,0
8,14,X2,2.6284,0
8,15,X2,-3.3238,0
9,0,X2,4.5132,0
9,1,X2,-2.5956,0
9,2,X1,3.4063,0
9,3,X2,-0.3335,0
9,4,X2,-1.5705,0
9,5,X1,0.5816,0
9,7,X2,0.7788,0
9,8,X2,1.1240,0
9,9,X2,-3.4071,0
9,10,X2,4.9015,0
9,11,X1,-4.6199,0
9,12,X2,-0.1469,0
9,13,X2,-1.3525,0
9,14,X2,-4.8367,0
9,15,X2,4.1823,0
10,0,X2,-1.7549,0
10,1,X2,-1.4354,0
10,2,X1,-4.5309,0
10,4,X2,0.3206,0
10,5,X2,2.0735,0
10,6,X2,4.6912,0
10,7,X1,1.9242,0
10,8,X1,3.6553,0
10,9,X2,-0.3545,0
10,10,X2,-4.7423,0
10,12,X2,0.3155,0
10,13,X1,-0.5561,0
10,14,X1,-2.9538,0
10,15,X2,3.0248,0
10,16,X2,-1.9218,0
10,17,X1,-2.5928,0
10,18,X1,-1.8784,0
10,19,X1,-0.1769,0
10,20,X2,-0.4499,0
10,22,X2,4.3577,0
10,23,X2,-2.3480,0
10,24,X1,1.9616,0
11,0,X1,1.0951,0
11,1,X2,-2.3986,0
11,2,X1,2.3650,0
11,3,X1,-4.3682,0
11,4,X2,0.8412,0
11,5,X1,4.6466,0
11,6,X2,-3.6589,0
11,7,X2,-2.0330,0
11,8,X2,3.8395,0
11,9,X1,-3.4154,0
11,10,X2,0.1976,0
11,11,X2,4.5639,0
11,12,X1,0.5626,0
11,13,X2,-2.9277,0
12,0,X2,-1.1758,0
12,1,X2,3.0774,0
12,2,X1,1.0101,0
12,3,X1,-2.7117,0
12,6,X2,-0.5192,0
12,7,X2,-4.9184,0
12,8,X2,1.1565,0
12,9,X1,1.2041,0
12,11,X2,4.8268,0
12,13,X1,0.1294,0
12,14,X1,-0.3508,0
12,15,X2,-1.1967,0
12,16,X1,-1.6586,0
12,17,X2,-3.4880,0
12,18,X2,4.2557,0
12,19,X2,-3.7275,0
12,20,X1,-4.9081,0
12,21,X2,1.9370,0
12,22,X1,1.7521,0
12,23,X2,-1.1098,0
12,24,X2,1.8880,0
13,0,X2,-0.1387,0
13,1,X2,-4.9717,0
13,3,X1,0.9907,0
13,4,X2,3.5563,0
13,5,X2,4.8243,0
13,6,X1,-2.2914,0
13,7,X2,-4.2040,0
13,8,X1,-2.2349,0
13,9,X2,-2.9031,0
13,10,X2,0.6756,0
13,11,X2,4.9965,0
13,12,X2,-3.6112,0
13,13,X2,0.2014,0
13,14,X2,0.5147,0
13,15,X1,-5.0000,0
13,16,X2,-1.0739,0
13,17,X1,-3.0698,0
13,19,X2,1.4553,0
14,0,X1,-1.0772,0
14,1,X1,1.2220,0
14,2,X1,1.7764,0
14,3,X2,-0.6959,0
14,4,X2,0.6319,0
14,5,X2,-0.2148,0
14,6,X2,-1.2432,0
14,7,X2,3.2406,0
14,8,X2,-1.7214,0
14,9,X1,2.6836,0
14,10,X2,-2.7860,0
14,11,X2,4.6127,0
15,0,X1,0.8439,0
15,1,X1,-4.3507,0
15,2,X2,-1.6670,0
15,3,X2,-3.3573,0
15,4,X1,3.7253,0
15,5,X1,-3.6320,0
15,6,X2,2.4867,0
15,7,X2,3.5298,0
15,8,X2,-3.7656,0
15,9,X2,1.9582,0
15,10,X2,-3.4451,0
15,12,X2,1.7889,0
15,13,X2,3.7945,0
15,14,X2,4.8309,0
15,15,X1,4.3437,0
16,0,X1,2.1581,0
16,1,X1,-3.0961,0
16,2,X1,-2.5370,0
16,3,X1,-2.8263,0
16,4,X1,-3.3522,0
16,5,X2,-1.6486,0
16,6,X2,-1.6994,0
16,7,X2,-4.2866,0
16,8,X2,-4.3005,0
16,9,X1,3.7078,0
16,10,X2,1.1749,0
16,11,X2,4.3928,0
16,13,X2,-1.1395,0
16,14,X2,-3.7738,0
16,16,X2,-4.6128,0
16,17,X1,4.0023,0
16,18,X2,1.9939,0
16,19,X2,4.8099,0
16,20,X1,4.5357,0
16,21,X2,2.8956,0
16,23,X2,-3.6276,0
17,0,X1,1.6573,0
17,1,X2,2.3229,0
17,3,X2,-1.2976,0
17,5,X2,0.9923,0
17,6,X2,-4.5322,0
17,7,X2,3.4968,0
17,9,X2,2.9573,0
17,11,X1,3.8605,0
17,12,X2,-0.2147,0
17,13,X1,3.0183,0
17,14,X2,-0.3366,0
17,15,X2,-3.5217,0
18,1,X2,3.8614,0
18,2,X1,3.4438,0
18,3,X2,-4.6436,0
18,4,X2,3.4225,0
18,5,X1,-4.1908,0
18,6,X1,4.5103,0
18,7,X2,-4.9221,0
18,8,X2,0.8552,0
18,9,X1,4.5446,0
18,10,X2,4.4189,0
19,0,X2,-0.7894,0
19,3,X2,-0.9353,0
19,4,X1,4.6263,0
19,5,X2,0.3420,0
19,6,X1,-0.3512,0
19,8,X2,-2.8916,0
19,9,X1,1.9316,0
19,10,X1,3.9187,0
19,11,X2,2.8817,0
19,12,X1,4.0345,0
19,13,X2,-4.3038,0
19,15,X2,0.5605,0
19,18,X2,-0.1825,0
19,20,X2,-0.2244,0
19,21,X1,-1.1848,0
20,0,X2,-1.7311,0
20,1,X1,2.7891,0
20,2,X2,3.7168,0
20,3,X1,2.5441,0
20,4,X1,-3.9695,0
20,5,X1,1.6576,0
20,6,X2,-0.9011,0
20,7,X2,4.7814,0
20,9,X2,-0.4143,0
20,10,X2,-4.7311,0
20,11,X1,-0.9339,0
20,12,X2,-3.8913,0
20,13,X2,0.8111,0
20,14,X2,2.7456,0
20,15,X2,-4.7024,0
20,19,X2,2.5921,0
20,20,X2,-2.9229,0
20,21,X2,1.0749,0
21,0,X1,1.1782,0
21,1,X1,0.1955,0
21,2,X2,1.8281,0
21,3,X1,0.4995,0
21,4,X2,0.5793,0
21,6,X1,0.1231,0
21,7,X2,2.3624,0
21,8,X2,2.8582,0
21,9,X1,-0.0689,0
21,10,X2,1.7780,0
21,11,X2,-1.7769,0
21,12,X2,-3.5435,0
21,13,X2,0.5891,0
21,14,X2,3.3684,0
21,15,X1,2.9437,0
21,16,X2,4.8217,0
21,17,X2,4.7853,0
21,18,X2,-0.0448,0
21,19,X1,1.4521,0
22,1,X1,-4.6385,0
22,2,X2,-3.0942,0
22,3,X1,-0.7089,0
22,4,X2,3.1303,0
22,5,X2,-4.9114,0
22,6,X1,-3.4568,0
22,7,X2,3.1977,0
22,8,X1,1.2930,0
22,9,X2,-4.0532,0
22,10,X2,-4.1787,0
22,11,X2,2.2972,0
22,12,X1,-0.7918,0
22,13,X1,0.9890,0
23,0,X1,-1.1954,0
23,1,X1,1.4056,0
23,2,X2,-4.5863,0
23,3,X2,2.4513,0
23,4,X1,-1.5630,0
23,5,X2,-3.1213,0
23,6,X2,1.8579,0
23,7,X2,-2.6535,0
23,8,X1,-1.8508,0
23,9,X1,-2.8817,0
23,12,X2,0.3101,0
23,13,X2,0.6802,0
23,14,X2,3.2935,0
24,0,X2,-4.6454,0
24,1,X1,4.3040,0
24,2,X1,4.8169,0
24,3,X1,-4.1426,0
24,4,X1,2.7833,0
24,5,X2,0.2433,0
24,6,X2,0.2645,0
24,7,X1,1.5132,0
24,8,X1,3.0868,0
24,9,X1,-4.8833,0
24,10,X1,-1.5725,0
24,11,X1,-1.2689,0
24,12,X2,-0.3411,0
24,13,X2,3.3436,0
24,14,X1,-1.5744,0
24,15,X1,1.1709,0
24,18,X2,-0.6833,0
24,21,X2,-4.5616,0
24,22,X1,-2.7659,0
24,23,X1,4.2174,0
25,0,X1,-3.7009,0
25,1,X1,0.9184,0
25,2,X2,4.4712,0
25,3,X2,1.2050,0
25,4,X2,4.1451,0
25,5,X2,-4.9115,0
25,6,X2,-0.4011,0
25,7,X1,-0.2282,0
25,8,X2,3.6608,0
25,9,X1,-2.3968,0
25,10,X1,-0.9038,0
25,11,X1,3.6811,0
25,12,X2,2.5643,0
25,13,X1,1.3180,0
26,0,X2,-1.9244,0
26,1,X1,-1.3745,0
26,2,X2,-2.3623,0
26,3,X1,-2.2523,0
26,4,X2,-2.1826,0
26,5,X1,4.8336,0
26,6,X2,3.8901,0
26,7,X2,4.9018,0
26,8,X2,-1.9152,0
26,9,X2,-3.2085,0
26,11,X1,-0.9097,0
26,12,X1,3.9585,0
26,13,X1,1.2331,0
26,14,X1,-3.6555,0
26,15,X1,-4.1689,0
26,16,X1,-4.9749,0
26,17,X2,2.2322,0
26,18,X2,-4.6493,0
26,19,X2,-0.1358,0
26,21,X2,-0.1312,0
26,22,X2,3.4942,0
26,23,X1,-4.4362,0
26,24,X2,-1.2693,0
27,0,X1,-4.2636,0
27,1,X2,-4.6471,0
27,2,X2,2.9038,0
27,3,X1,-2.7956,0
27,4,X2,2.3908,0
27,5,X2,-1.4425,0
27,6,X2,-0.5409,0
27,7,X2,-0.9720,0
27,8,X2,-4.2944,0
27,9,X1,1.9047,0
27,10,X1,3.4402,0
27,12,X2,3.1639,0
27,14,X2,-4.6221,0
27,15,X1,-1.6198,0
27,16,X1,3.5677,0
27,17,X2,-2.0649,0
28,0,X1,1.0287,0
28,1,X1,1.1264,0
28,2,X1,-4.1786,0
28,3,X1,-2.7292,0
28,4,X2,1.8770,0
28,5,X2,2.1744,0
28,6,X2,3.8568,0
28,7,X2,-3.4283,0
28,8,X2,4.3859,0
28,9,X2,-2.4518,0
28,10,X1,-1.1225,0
28,12,X1,-1.5990,0
28,13,X1,2.7385,0
28,14,X2,3.7574,0
29,0,X1,3.3952,0
29,1,X2,-2.7363,0
29,2,X2,1.1497,0
29,3,X2,-4.9376,0
29,4,X2,1.6360,0
29,6,X2,3.5181,0
29,9,X1,-2.4572,0
29,10,X2,-2.3475,0
29,11,X2,2.8160,0
29,13,X1,1.4575,0
29,16,X2,-4.3432,0
30,0,X1,4.3519,0
30,1,X2,-1.7900,0
30,2,X1,-2.4678,0
30,3,X1,-4.1361,0
30,4,X2,4.1677,0
30,5,X2,1.8101,0
30,6,X2,4.0439,0
30,7,X1,3.2990,0
30,8,X2,-0.8590,0
30,10,X2,-1.1467,0
30,11,X2,-1.1684,0
30,12,X1,0.6695,0
30,15,X2,-1.7740,0
31,0,X2,-1.0969,0
31,1,X1,3.0487,0
31,2,X2,-3.7031,0
31,3,X1,2.3660,0
31,4,X2,-2.9504,0
31,5,X2,2.6253,0
31,6,X1,-4.5424,0
31,7,X1,2.2226,0
31,8,X2,0.6501,0
31,9,X2,3.1046,0
31,11,X1,-2.8399,0
31,14,X1,-2.7516,0
31,15,X2,2.4041,0
31,16,X1,-0.1798,0
31,18,X1,2.0451,0
31,19,X2,0.0375,0
32,0,X2,-3.7775,0
32,1,X1,2.9220,0
32,2,X2,0.6009,0
32,3,X1,3.9469,0
32,4,X2,4.7204,0
32,5,X2,-0.3437,0
32,6,X2,-2.7858,0
32,8,X1,-0.3654,0
32,10,X2,0.3413,0
32,11,X1,0.9079,0
32,12,X2,-1.7287,0
32,13,X1,4.9601,0
33,0,X1,-2.0303,0
33,1,X1,-3.2426,0
33,2,X1,-4.2321,0
33,3,X2,-2.9559,0
33,4,X1,0.3829,0
33,5,X2,0.1495,0
33,6,X2,0.6876,0
33,7,X2,0.2672,0
33,9,X2,3.8132,0
33,10,X2,-2.4101,0
33,11,X2,1.8920,0
33,12,X1,-1.5851,0
33,13,X1,1.9289,0
33,14,X2,3.9620,0
33,15,X1,-4.6644,0
33,17,X2,-4.5819,0
34,0,X2,-3.5408,0
34,1,X1,2.4728,0
34,2,X2,3.3652,0
34,3,X1,-4.3696,0
34,4,X1,0.6849,0
34,5,X2,0.4548,0
34,7,X1,2.6015,0
34,8,X2,-2.6354,0
34,10,X2,1.9050,0
34,11,X2,2.0128,0
34,12,X2,0.3106,0
34,13,X2,-1.1433,0
34,14,X2,1.9955,0
34,15,X2,-0.4677,0
35,0,X1,0.7058,0
35,1,X2,-0.8530,0
35,2,X1,-1.8852,0
35,3,X1,3.1577,0
35,4,X2,-1.0317,0
35,5,X2,1.3481,0
35,6,X2,-1.8672,0
35,7,X2,-4.5259,0
35,8,X1,-3.6015,0
35,9,X2,0.6261,0
35,10,X2,2.1889,0
35,11,X1,0.8787,0
35,12,X1,2.2804,0
35,13,X2,0.5364,0
35,14,X1,-4.1381,0
35,15,X1,-1.0206,0
35,16,X1,-0.7145,0
35,17,X2,4.3556,0
35,18,X2,-4.8924,0
36,0,X2,3.8076,0
36,1,X2,-4.8142,0
36,2,X2,1.0925,0
36,3,X1,0.4474,0
36,4,X2,0.8068,0
36,5,X2,4.3633,0
36,6,X2,-2.3137,0
36,7,X1,1.8790,0
36,8,X2,1.9364,0
36,9,X1,1.6311,0
36,10,X1,-3.1584,0
36,11,X2,-4.7241,0
36,12,X1,-2.3241,0
36,13,X1,-0.2607,0
37,0,X2,0.0763,0
37,1,X1,-4.0966,0
37,2,X2,1.6223,0
37,3,X1,2.8913,0
37,4,X2,3.5226,0
37,5,X2,-4.9315,0
37,6,X2,0.8250,0
37,7,X1,-3.8585,0
37,8,X2,-4.7899,0
37,9,X1,-0.9850,0
37,11,X2,2.6391,0
37,12,X2,3.2937,0
37,13,X2,-3.0577,0
37,14,X2,2.9080,0
37,16,X1,-2.9595,0
37,18,X2,-0.1412,0
37,21,X2,0.1893,0
38,0,X2,2.8240,0
38,1,X1,0.9877,0
38,2,X1,-0.0697,0
38,3,X2,1.4413,0
38,4,X2,-4.9266,0
38,6,X2,-0.0159,0
38,7,X1,2.5193,0
38,8,X1,4.4595,0
38,9,X2,-3.3863,0
38,10,X2,4.2021,0
38,11,X2,3.6821,0
38,12,X2,-4.1089,0
38,14,X2,-4.1095,0
38,15,X1,-0.9151,0
38,16,X2,-0.8544,0
39,0,X1,-4.1904,0
39,2,X2,3.4804,0
39,3,X2,3.8843,0
39,4,X1,1.9752,0
39,5,X1,-0.0016,0
39,6,X2,-2.0724,0
39,7,X2,-2.9970,0
39,8,X2,3.0005,0
39,9,X1,4.3299,0
39,10,X2,2.7016,0
39,11,X2,-1.7805,0
39,12,X1,-4.5632,0
39,14,X2,-1.4648,0
39,15,X2,4.5412,0
39,16,X2,-1.7540,0
39,17,X1,-4.6193,0
39,18,X2,4.4309,0
39,19,X2,-4.0156,0
39,20,X2,2.3015,0
39,21,X2,-3.2322,0
39,22,X2,3.4457,0
39,23,X1,0.8962,0
39,24,X2,-2.1318,0
40,0,X2,-2.1798,0
40,2,X1,-0.5103,0
40,3,X1,0.8941,0
40,4,X1,-4.8821,0
40,5,X1,-3.1098,0
40,6,X2,1.6912,0
40,7,X2,-3.8996,0
40,8,X1,-2.8882,0
40,9,X2,4.7564,0
40,10,X2,2.3632,0
40,11,X2,-3.2881,0
40,12,X1,-1.9300,0
40,13,X2,-1.2538,0
40,15,X1,2.1008,0
40,16,X2,-2.8564,0
40,17,X1,-2.1526,0
40,18,X2,-4.5717,0
40,19,X2,2.3980,0
40,20,X1,-1.0000,0
40,21,X2,1.8913,0
40,22,X2,-3.1551,0
40,23,X2,1.8197,0
40,24,X1,2.6635,0
41,0,X1,0.5854,0
41,1,X1,0.7058,0
41,2,X1,-4.7559,0
41,3,X1,4.8159,0
41,4,X2,0.5104,0
41,5,X2,2.4611,0
41,7,X1,4.3556,0
41,8,X2,3.4891,0
41,9,X1,-2.0727,0
41,10,X1,1.8212,0
41,11,X2,-4.4917,0
41,12,X1,0.4200,0
41,13,X2,-4.9235,0
41,14,X1,-0.5684,0
41,15,X2,2.6844,0
41,16,X2,1.4716,0
41,17,X1,2.5576,0
41,18,X1,4.6561,0
41,19,X2,-0.2687,0
41,20,X1,-0.0168,0
41,21,X1,3.9722,0
41,22,X2,-4.4983,0
41,23,X2,-2.7433,0
41,24,X1,-2.8304,0
42,0,X1,-3.4138,0
42,1,X1,2.6441,0
42,2,X2,3.9793,0
42,3,X2,0.6698,0
42,4,X1,1.3938,0
42,5,X1,2.4678,0
42,6,X2,-4.1803,0
42,7,X2,3.4275,0
42,8,X2,2.9705,0
42,10,X2,2.6919,0
42,11,X2,4.6234,0
42,12,X2,-1.2478,0
42,13,X2,-4.8469,0
42,14,X1,-1.7245,0
42,15,X2,3.4507,0
42,16,X2,1.5772,0
42,17,X2,2.7669,0
42,18,X2,2.2122,0
42,19,X1,3.1198,0
42,20,X2,-0.4634,0
42,21,X2,3.4672,0
43,0,X1,-1.5466,0
43,1,X1,-1.1031,0
43,2,X2,-1.5803,0
43,3,X2,-2.9961,0
43,4,X1,3.2027,0
43,5,X1,2.6758,0
43,6,X2,-2.6146,0
43,7,X2,0.4060,0
43,9,X1,-2.8235,0
43,10,X2,-1.7304,0
43,11,X2,-1.5677,0
43,12,X1,-0.9437,0
43,13,X2,-2.1154,0
43,14,X1,4.1729,0
43,16,X2,-3.7077,0
44,0,X1,-4.0000,0
44,1,X1,-3.3744,0
44,2,X2,-4.3611,0
44,3,X1,1.9888,0
44,4,X1,3.6764,0
44,5,X2,0.7601,0
44,6,X2,1.4220,0
44,10,X2,4.8862,0
44,11,X2,4.6209,0
44,12,X2,-4.2356,0
44,13,X1,2.2607,0
44,14,X2,-4.5105,0
44,15,X2,1.8731,0
44,16,X2,1.2670,0
44,17,X2,4.2954,0
44,18,X2,-2.0217,0
44,19,X2,-0.7692,0
44,20,X2,1.0280,0
45,0,X1,0.5672,0
45,2,X2,2.2843,0
45,3,X2,0.9962,0
45,4,X1,1.4604,0
45,5,X1,-0.6786,0
45,6,X1,1.9453,0
45,7,X1,4.8165,0
45,8,X2,-2.6245,0
45,9,X1,3.5900,0
45,10,X2,3.2537,0
45,11,X2,-4.0229,0
45,12,X2,2.8927,0
45,13,X2,3.7862,0
45,14,X2,-1.2672,0
45,15,X2,-1.5076,0
46,0,X1,-2.5424,0
46,1,X1,-4.2950,0
46,2,X2,-3.5796,0
46,3,X1,4.6199,0
46,4,X1,-1.0628,0
46,5,X2,2.2289,0
46,6,X2,4.2997,0
46,7,X2,-3.5355,0
46,8,X2,2.3092,0
46,9,X1,-0.1940,0
46,10,X2,-3.7288,0
46,12,X2,-1.6224,0
46,13,X2,2.1707,0
46,16,X2,3.9270,0
46,17,X1,3.8944,0
46,18,X1,-4.6148,0
46,19,X2,-1.7109,0
46,20,X1,2.0122,0
46,21,X2,-1.8026,0
46,22,X2,-0.5794,0
46,23,X1,-0.5421,0
47,0,X1,-1.6809,0
47,1,X2,3.3308,0
47,2,X2,-2.6063,0
47,3,X2,-0.9020,0
47,4,X1,0.3931,0
47,7,X2,-1.4728,0
47,8,X2,-4.3665,0
47,11,X2,1.8783,0
47,12,X2,-0.6830,0
47,13,X2,-2.1135,0
47,14,X2,-0.1730,0
47,15,X1,2.0323,0
47,17,X2,0.8166,0
47,18,X2,1.4052,0
47,19,X1,0.1909,0
48,0,X1,-4.3064,0
48,1,X1,-1.7183,0
48,2,X2,-0.3776,0
48,3,X2,3.7312,0
48,4,X2,-0.1927,0
48,7,X2,-3.4423,0
48,9,X1,4.5366,0
48,10,X1,-1.2985,0
48,11,X1,-0.4133,0
48,12,X1,1.9713,0
48,13,X2,3.6191,0
48,14,X2,0.3620,0
48,16,X1,2.0288,0
48,18,X1,-1.1052,0
48,19,X2,-2.7234,0
48,20,X2,-4.0303,0
48,21,X2,1.3505,0
48,23,X2,0.4967,0
48,24,X2,2.6755,0
49,0,X2,-4.5215,0
49,1,X1,4.5845,0
49,2,X1,4.0313,0
49,3,X2,4.3053,0
49,4,X2,1.3425,0
49,5,X1,4.0921,0
49,7,X1,3.6074,0
49,8,X2,0.1999,0
49,9,X2,1.1474,0
49,10,X1,-2.8235,0
49,12,X1,-2.6313,0
49,13,X2,1.7131,0
49,14,X1,-4.9907,0
49,15,X2,4.5361,0
49,16,X2,-1.6208,0
49,17,X2,1.8135,0
49,18,X2,-1.7837,0
49,19,X2,-4.0106,0
49,20,X2,-4.5417,0
49,21,X1,1.1386,0
49,22,X2,-4.6005,0
49,23,X2,2.6663,0
50,0,X2,1.8702,0
50,1,X2,0.0298,0
50,2,X1,-2.0695,0
50,3,X2,-2.6352,0
50,4,X1,2.0476,0
50,5,X1,3.7197,0
50,6,X2,0.7814,0
50,7,X2,-3.4778,0
50,8,X2,1.0768,0
50,9,X1,-2.2201,0
50,10,X2,0.1945,0
50,11,X2,1.2441,0
50,12,X1,-4.6371,0
50,14,X2,2.8928,0
51,0,X1,4.0169,0
51,1,X2,2.5295,0
51,2,X2,-2.6866,0
51,4,X2,-4.8812,0
51,5,X1,-4.3402,0
51,6,X1,2.3503,0
51,7,X2,1.8609,0
51,8,X1,-1.9591,0
51,9,X2,3.1173,0
51,10,X2,4.0059,0
51,11,X2,-2.7942,0
51,12,X1,-4.6835,0
51,14,X2,2.6923,0
51,15,X2,-0.3507,0
51,18,X2,-3.1142,0
51,21,X2,-4.7298,0
51,22,X2,1.4431,0
51,24,X2,4.8284,0
52,0,X1,2.0494,0
52,1,X1,-1.9174,0
52,2,X1,-4.4492,0
52,3,X2,-0.1407,0
52,4,X2,3.5504,0
52,5,X2,-2.2587,0
52,6,X2,0.9663,0
52,7,X2,-2.8357,0
52,8,X1,-2.4885,0
52,10,X1,4.5691,0
52,12,X2,4.2388,0
52,13,X1,1.1479,0
52,14,X2,-2.1594,0
52,15,X2,3.2520,0
52,17,X2,-4.6231,0
52,19,X1,3.6268,0
52,20,X2,-0.2627,0
52,21,X2,3.8062,0
52,23,X2,-2.0707,0
52,24,X2,-3.6959,0
53,0,X1,-1.8690,0
53,1,X1,3.1966,0
53,2,X1,-4.0641,0
53,3,X1,-1.8636,0
53,4,X1,-0.5932,0
53,5,X2,4.6608,0
53,6,X1,-3.5341,0
53,7,X1,2.5441,0
53,8,X2,-1.1835,0
53,9,X2,1.9235,0
53,10,X1,-3.2014,0
53,11,X2,-4.8028,0
53,12,X2,4.8112,0
53,14,X2,-4.7286,0
53,15,X2,4.1505,0
53,16,X2,-3.5574,0
53,17,X1,-3.7479,0
53,18,X2,0.4803,0
53,21,X1,-4.9895,0
53,22,X2,2.8909,0
53,23,X1,1.9420,0
54,1,X2,4.1461,0
54,2,X2,-0.2039,0
54,7,X2,-0.9565,0
54,8,X2,-2.7729,0
54,9,X1,-0.9771,0
54,10,X1,2.0015,0
54,11,X2,1.7164,0
54,13,X2,-0.9450,0
54,14,X2,-1.3020,0
54,16,X2,-3.5326,0
54,17,X1,-0.9433,0
54,18,X2,-0.5021,0
54,19,X1,-2.8371,0
54,21,X1,-1.5070,0
55,0,X1,3.6293,0
55,1,X1,-4.0274,0
55,2,X1,3.6857,0
55,3,X1,1.6839,0
55,4,X2,3.7977,0
55,6,X1,1.7855,0
55,7,X1,-2.0000,0
55,8,X1,-1.9210,0
55,9,X2,-4.1298,0
55,10,X2,4.3766,0
55,11,X2,-0.2262,0
55,12,X2,-1.2447,0
55,13,X2,3.5851,0
55,14,X1,0.1868,0
55,15,X1,-0.1965,0
55,16,X2,2.6547,0
55,17,X1,-0.3957,0
55,18,X2,0.5639,0
55,19,X2,-0.6630,0
55,20,X2,-2.5571,0
55,21,X1,-2.2614,0
55,22,X2,-2.3160,0
55,23,X2,1.6893,0
55,24,X2,-1.3165,0
56,1,X2,-3.5469,0
56,2,X1,-2.5818,0
56,3,X1,-0.3361,0
56,4,X1,2.7238,0
56,5,X2,-2.7263,0
56,6,X2,2.2555,0
56,7,X1,-1.5377,0
56,8,X1,2.0536,0
56,9,X2,0.9057,0
56,10,X2,1.2158,0
56,11,X2,-0.1583,0
56,13,X2,4.6771,0
56,14,X2,-3.0065,0
56,16,X2,-2.9805,0
56,17,X1,-4.1209,0
56,18,X2,-3.0539,0
56,19,X2,0.1073,0
56,21,X2,0.3645,0
56,22,X2,3.4550,0
57,0,X1,4.9671,0
57,1,X2,3.0937,0
57,2,X2,2.5444,0
57,3,X2,-3.1817,0
57,4,X1,-0.6851,0
57,8,X1,-3.1396,0
57,9,X2,0.9622,0
57,10,X2,3.3358,0
57,12,X1,0.6192,0
57,13,X1,2.3467,0
57,14,X2,-0.4461,0
57,16,X2,-2.9062,0
57,17,X1,-4.8347,0
57,18,X2,-2.5609,0
57,19,X2,-4.8933,0
57,20,X2,4.2464,0
57,22,X2,0.0737,0
57,24,X2,2.9532,0
58,0,X1,4.8397,0
58,1,X1,1.2059,0
58,2,X1,0.0638,0
58,3,X2,-3.1730,0
58,4,X1,0.2941,0
58,5,X2,-3.9793,0
58,6,X1,3.7524,0
58,9,X2,4.9626,0
58,11,X2,-1.8492,0
58,12,X2,-3.2442,0
58,14,X2,4.0944,0
58,15,X2,-4.7404,0
58,17,X2,3.7103,0
59,0,X2,1.5090,0
59,1,X1,1.9830,0
59,2,X1,-1.3933,0
59,3,X2,-1.6124,0
59,4,X2,-3.2713,0
59,5,X1,1.4506,0
59,9,X2,0.9009,0
59,10,X2,4.2122,0
59,11,X1,-2.7761,0
59,12,X1,-3.1676,0
59,13,X2,-0.6877,0
59,14,X1,2.0633,0
59,15,X1,-4.7414,0
59,16,X2,-1.0152,0
59,17,X1,-1.5667,0
59,18,X2,-1.2056,0
59,19,X2,-2.1597,0
59,20,X1,0.3003,0
59,21,X1,-3.6297,0
60,0,X1,2.0241,0
60,1,X2,3.1852,0
60,2,X1,2.1496,0
60,3,X2,-3.6911,0
60,4,X2,4.0109,0
60,5,X2,-2.4694,0
60,6,X2,2.4191,0
60,8,X2,4.0012,0
60,9,X2,4.8735,0
60,12,X2,-1.5256,0
60,13,X1,3.3041,0
60,14,X2,-4.2286,0
60,15,X2,1.2851,0
61,3,X2,0.4420,0
61,4,X2,-1.5494,0
61,5,X1,1.9811,0
61,6,X2,3.9739,0
61,7,X2,4.4199,0
61,8,X1,2.1218,0
61,9,X1,-2.6291,0
61,10,X2,3.5810,0
61,11,X2,-4.2505,0
61,12,X2,-4.9833,0
61,13,X2,4.3025,0
61,14,X2,-4.1443,0
61,15,X2,-4.7394,0
61,16,X1,0.1925,0
61,17,X1,4.2596,0
61,18,X2,1.2502,0
62,0,X2,-2.5936,0
62,1,X2,-3.6977,0
62,2,X1,-0.7514,0
62,3,X1,-4.3006,0
62,4,X1,4.7988,0
62,5,X2,-2.4514,0
62,6,X2,0.9233,0
62,7,X1,-0.6868,0
62,8,X2,2.5267,0
62,9,X2,2.9369,0
62,10,X2,0.1096,0
62,11,X2,-0.2890,0
62,12,X1,-1.2064,0
62,13,X2,-1.4922,0
62,14,X1,2.1195,0
62,15,X1,4.9108,0
62,16,X1,-2.5779,0
62,17,X1,2.7281,0
62,18,X1,4.0035,0
62,20,X1,2.5585,0
63,0,X1,-3.7274,0
63,1,X1,2.8510,0
63,2,X1,1.3036,0
63,3,X2,0.2749,0
63,4,X2,3.6310,0
63,5,X2,-2.3818,0
63,6,X2,3.7630,0
63,8,X2,-0.9469,0
63,9,X2,1.8267,0
63,10,X1,-0.9273,0
63,11,X2,4.8319,0
63,12,X1,2.9632,0
63,13,X2,-4.3806,0
63,14,X2,1.5842,0
63,15,X2,-0.5972,0
63,16,X2,-3.3144,0
63,17,X2,1.6789,0
64,0,X1,2.4728,0
64,1,X1,-3.3970,0
64,2,X1,1.9000,0
64,3,X2,3.4137,0
64,4,X2,-0.2813,0
64,5,X2,-3.7473,0
64,9,X1,3.9424,0
64,10,X2,4.4805,0
64,11,X2,1.6990,0
64,12,X2,-0.9538,0
64,13,X2,-2.5994,0
64,14,X2,-2.8878,0
64,15,X2,-4.6624,0
64,16,X1,-4.8581,0
64,17,X1,-2.3348,0
64,18,X2,2.0795,0
65,0,X2,1.9171,0
65,1,X1,-4.3986,0
65,2,X1,-0.1835,0
65,3,X2,2.7212,0
65,4,X2,-1.8307,0
65,5,X2,-0.5873,0
65,6,X2,4.8994,0
65,7,X1,0.2547,0
65,8,X2,-3.8207,0
65,10,X1,3.7086,0
65,11,X2,-0.2443,0
65,13,X2,-2.0588,0
65,14,X2,-4.5220,0
66,0,X2,1.3737,0
66,1,X1,3.8789,0
66,2,X2,1.9575,0
66,3,X2,-0.4279,0
66,6,X1,-4.2086,0
66,7,X2,-1.7486,0
66,8,X2,-4.8376,0
66,9,X2,0.9993,0
67,0,X1,-2.4287,0
67,1,X1,-2.1748,0
67,2,X1,1.0688,0
67,3,X2,1.1539,0
67,4,X1,0.6217,0
67,5,X2,4.6675,0
67,6,X2,1.3173,0
67,7,X2,-0.0887,0
67,8,X2,1.2626,0
67,9,X2,-4.3657,0
67,12,X1,1.2018,0
67,13,X2,1.9587,0
67,14,X2,-3.4380,0
67,15,X2,-2.1124,0
67,16,X2,2.0407,0
67,17,X1,4.8533,0
67,18,X1,-3.0430,0
67,19,X2,2.0427,0
67,20,X2,-4.4728,0
67,21,X1,-0.8795,0
68,1,X2,4.2925,0
68,2,X2,1.1548,0
68,3,X2,0.2737,0
68,4,X2,3.1676,0
68,5,X2,4.5033,0
68,7,X2,4.0445,0
68,8,X2,-1.6276,0
68,9,X2,-3.0362,0
68,10,X1,2.5755,0
69,0,X1,2.1541,0
69,1,X1,1.5092,0
69,2,X1,3.1536,0
69,3,X1,2.3952,0
69,4,X1,3.1103,0
69,5,X2,-0.6047,0
69,6,X2,-2.1540,0
69,9,X2,-2.2835,0
69,10,X1,0.6625,0
69,11,X1,4.4589,0
69,12,X2,-0.4709,0
69,13,X1,-3.5635,0
69,15,X1,3.0391,0
69,16,X2,-1.0219,0
70,0,X2,0.9290,0
70,1,X1,-3.3851,0
70,2,X2,-1.5727,0
70,3,X1,-2.7518,0
70,4,X2,-3.5457,0
70,5,X2,0.0356,0
70,6,X1,-1.2115,0
70,8,X1,-3.1509,0
70,9,X2,-1.0760,0
70,11,X2,-2.4149,0
70,12,X2,0.8705,0
70,13,X2,1.3805,0
70,14,X2,3.5967,0
70,15,X1,3.7084,0
70,17,X1,-1.3046,0
71,0,X1,-3.4101,0
71,1,X1,-2.3952,0
71,2,X1,-4.2594,0
71,3,X1,1.0496,0
71,4,X2,-3.0991,0
71,5,X2,2.6997,0
71,6,X1,0.0989,0
71,7,X1,-4.0602,0
71,8,X2,3.6030,0
71,9,X2,-0.1187,0
71,10,X2,-1.9061,0
71,11,X1,-4.8300,0
71,12,X2,0.1073,0
71,13,X1,4.3323,0
71,14,X2,-1.3970,0
71,15,X2,1.1459,0
71,16,X2,2.8656,0
71,17,X2,-2.6454,0
71,18,X1,-1.0203,0
71,19,X2,-0.9049,0
71,20,X2,-0.6321,0
71,21,X2,1.5523,0
71,22,X2,2.4435,0
71,23,X2,1.2157,0
71,24,X2,-1.7629,0
72,0,X1,4.8760,0
72,1,X2,0.2302,0
72,2,X1,-4.7191,0
72,3,X2,-1.2113,0
72,4,X2,3.0023,0
72,6,X1,-2.6610,0
72,7,X1,0.1307,0
72,8,X1,4.8242,0
72,10,X2,-4.3994,0
72,13,X2,4.5434,0
72,14,X1,-0.0337,0
72,18,X2,-3.2092,0
72,19,X1,0.7900,0
73,0,X1,-2.9345,0
73,1,X2,-4.5760,0
73,2,X2,1.7700,0
73,3,X2,1.7712,0
73,4,X1,3.9508,0
73,5,X2,-1.7956,0
73,6,X1,-4.8834,0
73,7,X2,4.8334,0
73,8,X2,-1.1515,0
73,9,X1,2.8900,0
73,10,X1,-2.0185,0
73,13,X2,2.9834,0
73,15,X2,4.2254,0
73,16,X2,-2.5987,0
73,17,X2,-0.9458,0
73,18,X1,4.9199,0
73,19,X2,-0.8953,0
73,20,X2,-4.7849,0
74,0,X2,4.2595,0
74,1,X1,3.1743,0
74,2,X1,-0.2723,0
74,3,X1,0.4826,0
74,4,X2,-0.2796,0
74,6,X1,4.1847,0
74,7,X2,4.1495,0
74,8,X1,-3.6728,0
74,9,X1,-4.9659,0
74,10,X2,-1.2220,0
74,12,X2,-4.7522,0
75,1,X2,1.6824,0
75,3,X2,-1.2726,0
75,4,X2,4.0377,0
75,5,X2,-4.6792,0
75,7,X1,-0.5694,0
75,9,X2,0.1328,0
75,10,X2,2.7212,0
75,11,X1,0.4080,0
75,12,X1,-2.1826,0
75,16,X2,4.5060,0
75,17,X1,2.6853,0
75,18,X2,4.9953,0
75,19,X1,-1.6200,0
76,0,X2,-0.9454,0
76,1,X1,1.1550,0
76,2,X1,4.7939,0
76,3,X1,3.6624,0
76,6,X2,0.3856,0
76,7,X2,1.3934,0
76,8,X2,4.2551,0
76,9,X2,-4.7829,0
76,10,X2,1.4444,0
76,11,X2,3.7859,0
76,12,X1,-0.9791,0
76,13,X2,4.7228,0
76,14,X2,-2.4534,0
76,16,X2,3.3123,0
76,18,X2,4.2858,0
76,19,X2,4.3226,0
77,0,X1,-0.3258,0
77,1,X1,4.2676,0
77,2,X1,-4.2267,0
77,3,X2,-3.5570,0
77,4,X2,0.8374,0
77,5,X1,-2.3901,0
77,6,X1,-1.8175,0
77,7,X2,3.7797,0
77,9,X2,1.0626,0
77,10,X2,-3.1572,0
77,11,X2,-0.3590,0
77,12,X2,-1.4994,0
77,13,X1,3.7526,0
77,14,X2,-2.8544,0
77,15,X1,2.9090,0
78,0,X1,-1.9266,0
78,1,X2,1.3030,0
78,2,X2,3.8260,0
78,3,X2,0.8833,0
78,4,X1,-4.0122,0
78,5,X2,4.4824,0
78,6,X2,-4.1552,0
78,7,X2,-2.3858,0
78,8,X2,1.6270,0
78,9,X2,-1.4837,0
78,10,X2,-1.9447,0
78,11,X2,-3.1823,0
78,12,X2,-2.6831,0
79,0,X2,-4.2585,0
79,1,X1,3.9361,0
79,2,X1,4.4131,0
79,3,X2,-3.5730,0
79,4,X1,-0.9513,0
79,5,X2,-2.4904,0
79,6,X2,3.6530,0
79,7,X1,-4.7222,0
79,8,X2,-0.2731,0
79,9,X1,-2.8231,0
79,10,X1,-4.0634,0
79,13,X2,-1.3613,0
79,14,X2,-4.2490,0
79,15,X2,-4.5004,0
79,16,X1,-2.0810,0
79,17,X1,-0.3660,0
79,18,X2,-1.1337,0
79,19,X1,4.7300,0
80,0,X1,3.4298,0
80,1,X2,-1.7944,0
80,2,X1,1.9050,0
80,4,X1,3.8345,0
80,5,X2,-3.6500,0
80,6,X2,-2.3458,0
80,7,X2,4.0489,0
80,8,X1,1.1674,0
80,9,X2,-0.2060,0
80,10,X2,-3.7373,0
80,11,X2,-4.4753,0
80,12,X2,2.7488,0
80,13,X2,3.8017,0
80,14,X2,-0.5218,0
80,15,X2,-0.8020,0
80,16,X1,-2.0127,0
80,17,X2,-3.9927,0
80,18,X2,0.6275,0
80,19,X2,0.0737,0
80,20,X2,-2.2365,0
81,0,X1,-1.9621,0
81,1,X2,2.0529,0
81,2,X1,0.9992,0
81,3,X1,2.2555,0
81,4,X1,-4.1158,0
81,5,X2,1.9833,0
81,7,X2,-0.9627,0
81,8,X1,2.4559,0
81,9,X2,3.4731,0
81,10,X1,3.4329,0
81,11,X2,0.6810,0
81,12,X1,0.6841,0
81,13,X2,2.6345,0
81,14,X2,-2.5208,0
81,15,X2,2.8601,0
81,16,X2,0.1353,0
81,17,X2,-4.5383,0
81,18,X1,1.6675,0
81,20,X1,1.4035,0
81,21,X1,2.0719,0
81,22,X2,0.8752,0
81,23,X1,4.6761,0
81,24,X1,-3.1729,0
82,0,X2,0.0726,0
82,1,X2,1.2088,0
82,2,X1,2.1233,0
82,3,X1,1.8460,0
82,4,X2,4.0270,0
82,5,X1,-0.8217,0
82,6,X1,2.1661,0
82,7,X2,-1.2494,0
82,8,X1,-2.6284,0
82,9,X2,-0.5578,0
82,10,X2,0.6766,0
82,11,X2,-0.9766,0
82,12,X2,-2.7630,0
82,13,X2,-1.5305,0
82,14,X2,-2.9815,0
82,15,X2,-0.4035,0
82,16,X1,0.2779,0
82,17,X2,-1.1511,0
82,18,X1,-0.1189,0
82,19,X1,-1.7455,0
82,20,X2,2.7868,0
82,21,X2,0.8353,0
82,22,X2,4.4353,0
83,1,X2,-1.9962,0
83,2,X2,-2.7008,0
83,3,X1,-0.6523,0
83,4,X2,4.6631,0
83,5,X1,2.7424,0
83,6,X1,-3.9250,0
83,7,X2,-3.7677,0
83,8,X1,-1.5450,0
83,9,X2,-2.9107,0
83,10,X2,0.6873,0
83,12,X2,0.5047,0
83,13,X2,2.2926,0
83,14,X2,1.5597,0
83,15,X2,1.8774,0
83,16,X2,1.7299,0
83,17,X1,-2.5610,0
83,18,X1,2.3656,0
84,0,X1,4.8859,0
84,1,X2,3.8279,0
84,2,X1,-2.9783,0
84,3,X2,-2.9054,0
84,4,X2,-2.3564,0
84,7,X1,1.5207,0
84,8,X2,3.3673,0
84,9,X2,2.2325,0
84,10,X2,-0.7119,0
84,11,X2,-0.5962,0
84,12,X2,2.5745,0
84,13,X2,-4.6899,0
84,14,X2,2.5790,0
84,15,X2,-0.8962,0
84,16,X2,-3.0343,0
84,17,X1,-2.6962,0
84,18,X2,-4.2799,0
84,19,X2,3.5404,0
84,20,X1,2.0043,0
85,0,X1,3.5600,0
85,1,X1,3.2916,0
85,2,X2,3.0109,0
85,3,X1,-1.3458,0
85,4,X1,1.2578,0
85,5,X2,-4.9378,0
85,6,X2,0.3801,0
85,8,X1,4.7459,0
85,9,X2,3.6282,0
85,10,X2,-4.3198,0
85,11,X2,2.3903,0
85,12,X2,-2.0208,0
85,13,X2,-4.8022,0
85,14,X2,0.9286,0
85,15,X2,0.0850,0
85,16,X2,4.9804,0
86,0,X2,-1.5418,0
86,1,X1,-4.7473,0
86,2,X1,-0.4007,0
86,3,X1,-1.0181,0
86,4,X2,-1.6953,0
86,5,X2,-2.1629,0
86,7,X2,-3.8968,0
86,8,X2,1.7632,0
86,9,X2,2.8928,0
86,10,X2,2.8118,0
86,11,X2,2.9942,0
86,12,X2,-0.1861,0
86,13,X2,-3.7999,0
86,14,X2,-3.5639,0
86,16,X2,-1.6657,0
86,17,X2,0.7012,0
87,0,X2,1.6297,0
87,1,X1,2.3282,0
87,2,X1,1.2820,0
87,3,X1,4.7078,0
87,4,X2,-2.6252,0
87,5,X1,0.8880,0
87,6,X2,4.3643,0
87,7,X1,-1.5819,0
87,8,X1,-1.4456,0
87,9,X2,0.6841,0
87,10,X1,-2.0042,0
87,11,X2,4.2566,0
87,12,X1,-4.9562,0
87,15,X1,-3.3021,0
88,0,X1,4.7400,0
88,1,X2,-3.9304,0
88,2,X1,-2.2679,0
88,3,X2,3.7038,0
88,5,X2,2.7436,0
88,6,X2,4.0096,0
88,7,X2,-4.2283,0
88,8,X2,4.2109,0
88,10,X1,1.3879,0
88,11,X2,-0.0638,0
88,12,X2,-2.8280,0
88,13,X2,-4.9415,0
88,14,X2,-2.3682,0
88,15,X1,0.7532,0
88,16,X1,2.5654,0
88,17,X2,2.0232,0
88,18,X2,-3.4190,0
88,19,X2,-2.0955,0
88,20,X2,-3.8642,0
88,22,X2,-3.7611,0
89,0,X2,1.7151,0
89,1,X2,0.8485,0
89,2,X2,2.9860,0
89,3,X2,2.7173,0
89,4,X1,-1.7021,0
89,5,X2,-4.6310,0
89,6,X2,3.2531,0
89,8,X2,3.7405,0
89,9,X1,-3.0850,0
89,10,X1,0.0584,0
89,14,X1,2.1490,0
89,15,X1,-4.9317,0
89,16,X1,-2.7603,0
89,17,X2,0.8910,0
89,18,X2,-1.4865,0
89,19,X2,1.9921,0
89,20,X2,-3.1707,0
89,21,X2,3.3589,0
90,0,X2,3.0308,0
90,1,X1,-4.2340,0
90,2,X1,2.0697,0
90,3,X2,-0.2215,0
90,4,X2,-3.8909,0
90,5,X2,-0.5537,0
90,6,X2,-4.0191,0
90,7,X2,-2.4756,0
90,8,X1,-0.9033,0
90,9,X2,0.8715,0
90,11,X2,1.9435,0
90,12,X1,4.8136,0
90,13,X2,3.2881,0
90,14,X2,3.1349,0
90,15,X2,2.9428,0
90,18,X2,-2.0218,0
90,19,X2,0.3286,0
91,0,X1,-4.6691,0
91,1,X2,-2.7112,0
91,2,X1,-4.0515,0
91,3,X1,4.5705,0
91,5,X2,-4.9263,0
91,6,X2,2.5676,0
91,7,X1,2.8605,0
91,8,X1,-1.8191,0
91,9,X1,1.7194,0
91,10,X2,-3.7198,0
91,11,X1,1.4826,0
91,12,X2,1.1560,0
91,13,X1,2.8711,0
91,14,X1,-1.8207,0
91,15,X1,3.2279,0
92,0,X1,3.9090,0
92,1,X2,4.3864,0
92,2,X2,1.5083,0
92,3,X1,-2.2809,0
92,6,X1,-4.0187,0
92,8,X1,1.7814,0
92,9,X2,4.4780,0
92,10,X2,-3.9750,0
92,12,X2,2.2338,0
92,13,X1,0.4368,0
92,14,X1,4.5231,0
92,15,X2,3.4287,0
92,16,X1,0.0937,0
92,18,X1,-0.0124,0
92,19,X2,-0.9538,0
92,20,X1,1.5484,0
92,21,X1,-1.7303,0
92,22,X2,4.3160,0
92,23,X2,-1.4218,0
92,24,X1,-3.2453,0
93,0,X1,-3.2010,0
93,1,X1,-0.7301,0
93,2,X1,1.5085,0
93,3,X2,-4.4398,0
93,4,X1,-4.9147,0
93,5,X2,1.2120,0
93,6,X2,1.8008,0
93,7,X2,-1.9560,0
93,8,X2,-2.1413,0
93,9,X1,-0.6135,0
93,10,X2,-3.2173,0
93,11,X2,0.1241,0
93,12,X2,1.9189,0
93,13,X1,3.7665,0
93,14,X2,2.3012,0
93,15,X1,4.7668,0
93,16,X1,0.3524,0
93,17,X1,3.7661,0
93,18,X2,-1.3501,0
93,19,X2,0.2145,0
93,20,X2,3.6456,0
93,21,X2,4.4931,0
93,22,X2,2.2793,0
93,23,X1,3.3414,0
93,24,X1,-0.5347,0
94,0,X1,2.1658,0
94,1,X1,1.2241,0
94,2,X2,2.9195,0
94,3,X1,-2.8912,0
94,4,X1,2.7403,0
94,5,X1,-0.6465,0
94,6,X1,3.9388,0
94,7,X1,-1.1058,0
94,8,X2,3.5861,0
94,9,X2,-1.2503,0
94,10,X2,-1.5530,0
94,11,X2,1.4076,0
94,12,X2,-2.3339,0
94,13,X2,1.8065,0
94,14,X2,3.2137,0
94,15,X2,1.1116,0
94,16,X2,4.9494,0
94,17,X2,2.1097,0
94,18,X2,0.1265,0
94,19,X2,3.6384,0
94,20,X2,2.9990,0
94,21,X2,-2.0374,0
94,23,X2,-2.8811,0
94,24,X2,-3.2987,0
95,0,X2,-4.0300,0
95,1,X1,-2.0593,0
95,2,X1,-4.4351,0
95,3,X2,3.2947,0
95,4,X2,3.1443,0
95,5,X2,0.1879,0
95,6,X2,4.7710,0
95,7,X2,-1.9017,0
95,8,X2,-3.1201,0
95,10,X2,4.5826,0
95,11,X2,-3.5566,0
95,12,X1,-0.8086,0
95,13,X1,-4.7618,0
95,15,X2,2.4231,0
95,16,X2,-0.4316,0
95,17,X2,-2.6071,0
96,0,X1,2.0301,0
96,1,X1,0.1769,0
96,2,X2,-3.0658,0
96,3,X1,-0.2473,0
96,4,X2,-3.6223,0
96,5,X2,-2.1399,0
96,6,X2,-0.3190,0
96,7,X2,-2.4288,0
96,8,X2,-0.5415,0
96,9,X1,3.3312,0
96,10,X2,-3.0097,0
96,11,X1,0.8404,0
96,12,X1,3.2267,0
96,13,X2,-0.7727,0
96,14,X1,1.8061,0
96,15,X2,-1.9465,0
96,16,X2,-0.5450,0
96,17,X2,-0.0507,0
96,18,X2,-2.4211,0
96,19,X2,-4.4415,0
96,20,X1,-4.7708,0
96,21,X2,-0.5544,0
96,22,X2,-4.4089,0
96,23,X2,-2.8408,0
97,0,X2,-0.6205,0
97,1,X2,1.0288,0
97,2,X1,2.9279,0
97,4,X2,2.3695,0
97,5,X2,-3.0407,0
97,7,X2,-4.8807,0
97,9,X2,3.0171,0
98,0,X1,1.5870,0
98,1,X2,3.9760,0
98,2,X2,-0.4094,0
98,3,X1,3.7434,0
98,5,X2,-2.6673,0
98,8,X2,3.2284,0
98,11,X2,-2.8061,0
98,13,X2,4.8623,0
98,16,X2,-3.9126,0
98,17,X2,3.0704,0
99,0,X2,-1.2570,0
99,1,X1,1.4042,0
99,2,X1,2.5723,0
99,3,X1,0.2900,0
99,4,X2,3.6010,0
99,5,X2,-4.8293,0
99,6,X1,-1.8221,0
99,7,X1,0.2335,0
99,8,X2,-2.3526,0
99,9,X1,2.3154,0
99,10,X2,4.5690,0
99,11,X2,-2.2993,0
99,12,X1,-1.4423,0
99,13,X2,3.1974,0
99,14,X2,0.8201,0
99,15,X2,2.3864,0
99,16,X2,-1.6774,0
99,17,X2,4.8397,0
99,19,X2,-2.7723,0
99,20,X1,3.0882,0
99,21,X1,0.2831,0
99,22,X1,-1.6356,0
99,23,X2,-3.7230,0
