episode,step,total_loss,loss_X1,loss_X2,loss_X3,loss_X4,loss_X5,loss_X10,loss_X11,loss_X12,loss_X13,loss_X14,loss_X15,loss_X16,loss_X17,loss_X18,loss_X19,loss_X20,loss_X21,loss_X22,loss_X23,loss_X24,loss_X25,loss_X26,loss_X27,loss_X28,loss_X29,loss_X30,loss_X6,loss_X7,loss_X8,loss_X9
0,0,55.11145824790001,0.9314996600151062,0.936153769493103,1.1102687120437622,0.9841923713684082,0.9871573448181152,3.3132684230804443,1.7910943031311035,2.9111015796661377,1.9330134391784668,2.4578452110290527,2.200324535369873,1.0873339176177979,0.8827014565467834,2.041701555252075,1.004258155822754,1.3855433464050293,1.539588212966919,3.6063485145568848,2.1975553035736084,4.39375638961792,4.404576778411865,2.2669036388397217,2.2569994926452637,1.1624631881713867,0.45598432421684265,2.397752046585083,1.306093692779541,3.856823205947876,1.8136177062988281,1.4549554586410522
0,1,10.96382448039949,0.9398005604743958,0.938575804233551,1.1145623922348022,0.9809514284133911,0.9874846339225769,0.04168349504470825,0.1953379362821579,0.04509308561682701,2.115068197250366,0.0697784423828125,0.0790756493806839,0.035646047443151474,0.1862814873456955,0.09784402698278427,0.052454471588134766,0.31928083300590515,0.4345219135284424,2.9726760387420654,0.4333457946777344,1.4349451065063477,0.4656776189804077,0.26638659834861755,0.040566664189100266,0.13795514404773712,0.18882684409618378,0.24251574277877808,0.03181421756744385,0.02799546904861927,0.02742314524948597,0.029355546459555626
0,2,4.639736896753311,0.9449306726455688,0.9440553188323975,1.1147445440292358,0.980427086353302,0.991109311580658,0.04255171865224838,0.24030965566635132,0.07044095546007156,0.04828231781721115,0.06394491344690323,0.07637017965316772,0.03701171651482582,0.34301578998565674,0.0749015361070633,0.038033489137887955,0.17874540388584137,0.305315762758255,0.05011870712041855,0.4026225805282593,0.20016755163669586,0.6086572408676147,0.030409488826990128,0.11713752895593643,0.029261445626616478,0.4683634340763092,0.117650605738163,0.024710306897759438,0.025835959240794182,0.025552334263920784,0.02527288720011711
0,3,4.838479182496667,0.9332410097122192,0.9376022815704346,1.1087868213653564,0.9877675175666809,0.9869309663772583,0.04107829928398132,0.3210201561450958,0.14901627600193024,0.032468587160110474,0.022734645754098892,0.07304752618074417,0.03720124065876007,0.5359757542610168,0.09502584487199783,0.031068066135048866,0.14276650547981262,0.9030026793479919,0.12584854662418365,0.13751338422298431,0.1277827024459839,0.6110237836837769,0.024945959448814392,0.029119370505213737,0.02439223602414131,0.1947811096906662,0.08057469129562378,0.024848954752087593,0.03194829076528549,0.0251228678971529,0.025305984541773796
0,4,4.820524489507079,0.9335941076278687,0.9369617700576782,1.1125825643539429,0.9881336688995361,0.9867292642593384,0.04029065743088722,0.1424909085035324,0.05838388949632645,0.030731864273548126,0.03648459538817406,0.09685580432415009,0.034146688878536224,0.48762261867523193,0.07473666220903397,0.13383446633815765,0.10075816512107849,0.13096675276756287,0.11900662630796432,0.9635447263717651,0.09029392898082733,0.5741196274757385,0.024398911744356155,0.09673525393009186,0.023502690717577934,0.3691074848175049,0.08742115646600723,0.03255409374833107,0.029261553660035133,0.021450195461511612,0.030224891379475594
0,5,4.844490664452314,0.9317248463630676,0.9369229674339294,1.11573326587677,0.9887680411338806,0.9869022369384766,0.03533124551177025,0.16600114107131958,0.051044244319200516,0.04475504532456398,0.042003560811281204,0.09546428173780441,0.027604231610894203,0.5376096963882446,0.07119791209697723,0.19846025109291077,0.07434432953596115,0.5108460783958435,0.1209370419383049,0.9058648347854614,0.08054199814796448,0.18810628354549408,0.02393377013504505,0.023190591484308243,0.02364507131278515,0.4148458242416382,0.10379988700151443,0.03469400852918625,0.02501041255891323,0.02323034591972828,0.030018305405974388
0,6,5.260350570455193,0.9285918474197388,0.9362332224845886,1.114600419998169,0.9848042726516724,0.9866389036178589,0.04436177760362625,0.0691617876291275,0.12450036406517029,0.03109421767294407,0.04842979088425636,0.11238562315702438,0.02565963752567768,0.6171349883079529,0.0642026886343956,0.20907311141490936,0.09248701483011246,0.6925480365753174,0.14483679831027985,0.9405409693717957,0.06553609669208527,0.1838008463382721,0.024493107572197914,0.021448366343975067,0.02480749599635601,0.538433849811554,0.0868149995803833,0.030783792957663536,0.02582480199635029,0.022709565237164497,0.02910710871219635
0,7,3.7074802812188863,0.9292033910751343,0.935958743095398,1.115524411201477,0.9897984266281128,0.9867228865623474,0.04042091220617294,0.0844656452536583,0.044680867344141006,0.034499771893024445,0.05826259031891823,0.04195648431777954,0.025491904467344284,0.03872095048427582,0.03164410591125488,0.12893196940422058,0.029640182852745056,0.6144901514053345,0.22882936894893646,0.18143321573734283,0.042580753564834595,0.1566804200410843,0.04445798322558403,0.025397486984729767,0.027114545926451683,0.6440236568450928,0.08880326896905899,0.029612822458148003,0.02459283359348774,0.02164296992123127,0.02766384743154049
0,8,3.909220426157117,0.9312872886657715,0.9362257719039917,1.1122384071350098,0.9922398924827576,0.9866642355918884,0.030908767133951187,0.07532099634408951,0.04662550240755081,0.028526287525892258,0.058562617748975754,0.04825016111135483,0.020474420860409737,0.045602042227983475,0.030338231474161148,0.1564835160970688,0.038044627755880356,0.7144051790237427,0.24935276806354523,0.20335757732391357,0.04910493269562721,0.1709466129541397,0.03434000536799431,0.03135992959141731,0.022091876715421677,0.6620804667472839,0.0942755937576294,0.029723910614848137,0.023812534287571907,0.024828853085637093,0.02867189608514309
0,9,3.32630081884563,0.9313594102859497,0.9362622499465942,1.11011803150177,0.9930714964866638,0.9865955114364624,0.036923397332429886,0.07717129588127136,0.048426758497953415,0.022375037893652916,0.06469178944826126,0.0597071573138237,0.02214621752500534,0.03216766566038132,0.03461277857422829,0.16595621407032013,0.02026563324034214,0.6847172975540161,0.11970740556716919,0.2533990144729614,0.04427317902445793,0.1655278354883194,0.03353409096598625,0.02724631316959858,0.023671522736549377,0.26193004846572876,0.03744090348482132,0.02492065355181694,0.025090407580137253,0.019497442990541458,0.029419418424367905
0,10,2.8446629233658314,0.9304773211479187,0.9362139701843262,1.1115691661834717,0.9913575649261475,0.9866342544555664,0.035359807312488556,0.08012071996927261,0.06503558903932571,0.025422489270567894,0.06297946721315384,0.05718782916665077,0.019375763833522797,0.024786606431007385,0.10434156656265259,0.024929087609052658,0.022693371400237083,0.5920396447181702,0.10203231871128082,0.11431647837162018,0.05083109810948372,0.17207661271095276,0.040816958993673325,0.023392822593450546,0.039583612233400345,0.06808368116617203,0.030625667423009872,0.022258467972278595,0.022745057940483093,0.022377008572220802,0.03000074066221714
0,11,2.8287825740873815,0.9302310347557068,0.9363683462142944,1.1121008396148682,0.9916637539863586,0.9866819977760315,0.035287316888570786,0.08631619811058044,0.0861421450972557,0.026349494233727455,0.057994283735752106,0.06584341824054718,0.02186775580048561,0.023211220279335976,0.20176735520362854,0.030085979029536247,0.022501928731799126,0.560507595539093,0.07089453190565109,0.09475147724151611,0.050203002989292145,0.07596460729837418,0.05253174155950546,0.02782714180648327,0.04212769865989685,0.07446339726448059,0.03211924433708191,0.02384652942419052,0.027242688462138176,0.020538311451673508,0.02698831632733345
0,12,2.882229056954384,0.9302780032157898,0.9362109899520874,1.110027551651001,0.9901416301727295,0.9867089986801147,0.030905649065971375,0.1075512021780014,0.11224637180566788,0.02626349963247776,0.0525701567530632,0.04027935862541199,0.024205628782510757,0.022578764706850052,0.21642090380191803,0.025350196287035942,0.023261234164237976,0.5699506402015686,0.07768643647432327,0.09832438081502914,0.05125262215733528,0.0788782387971878,0.058033838868141174,0.029045091941952705,0.04413439333438873,0.07477454096078873,0.032422859221696854,0.02181713469326496,0.021613746881484985,0.0238163024187088,0.028172429651021957
0,13,3.159166840463877,0.931260347366333,0.9360615015029907,1.1118347644805908,0.9880141615867615,0.9868550896644592,0.03422992303967476,0.05469239503145218,0.1340988576412201,0.030954178422689438,0.08258432149887085,0.04795828461647034,0.0231498833745718,0.11744990199804306,0.48502814769744873,0.12874528765678406,0.145576611161232,0.39274755120277405,0.053308822214603424,0.07569995522499084,0.05318141728639603,0.08549123257398605,0.023341281339526176,0.03432374447584152,0.021511415019631386,0.023214861750602722,0.025237804278731346,0.023695556446909904,0.021211136132478714,0.02331344038248062,0.027615657076239586
0,14,2.9479775458574293,0.9303610920906067,0.9361810088157654,1.1129380464553833,0.9890991449356079,0.9868488907814026,0.03678778558969498,0.060603778809309006,0.14540867507457733,0.023632820695638657,0.07080402970314026,0.04624634608626366,0.02389141172170639,0.20002131164073944,0.28414031863212585,0.08891596645116806,0.16146935522556305,0.35927844047546387,0.050191525369882584,0.05227050185203552,0.05149218067526817,0.08462196588516235,0.023702071979641914,0.02925558015704155,0.02489367313683033,0.022373029962182045,0.02498026378452778,0.02602056972682476,0.021877912804484367,0.02174980379641056,0.022262590005993843
0,15,2.923366463556886,0.9295970797538757,0.9361932277679443,1.111605167388916,0.9893415570259094,0.987317681312561,0.036002017557621,0.06625419110059738,0.1296810805797577,0.024430660530924797,0.06699363887310028,0.044043030589818954,0.02170935831964016,0.25080394744873047,0.22473302483558655,0.09208892285823822,0.14475882053375244,0.35819485783576965,0.052059341222047806,0.05984165146946907,0.06062113866209984,0.0762927457690239,0.021178245544433594,0.031999971717596054,0.023845121264457703,0.022853994742035866,0.025574535131454468,0.02443726174533367,0.02447747066617012,0.024117717519402504,0.025562774389982224
0,16,2.884465413913131,0.9299221038818359,0.9361506700515747,1.1128771305084229,0.9878519773483276,0.9869896769523621,0.03719302639365196,0.04349005967378616,0.18000385165214539,0.026352455839514732,0.06872067600488663,0.04469742625951767,0.025031281635165215,0.18666574358940125,0.17152591049671173,0.09268148243427277,0.19585631787776947,0.3661421537399292,0.0468825027346611,0.05351697653532028,0.05425214767456055,0.08223681896924973,0.02240767516195774,0.032871220260858536,0.025113502517342567,0.02225309982895851,0.024498438462615013,0.023706559091806412,0.02097129076719284,0.02218024805188179,0.024456236511468887
0,17,2.969570619612932,0.9308202266693115,0.9360969066619873,1.1147291660308838,0.9878877401351929,0.9869895577430725,0.032193757593631744,0.04329478368163109,0.19469787180423737,0.024651506915688515,0.07342728972434998,0.03773884102702141,0.023384712636470795,0.1662224978208542,0.18238921463489532,0.10214070975780487,0.19845516979694366,0.39501631259918213,0.056096166372299194,0.06592029333114624,0.05966733396053314,0.08989520370960236,0.022633740678429604,0.036002904176712036,0.0232869703322649,0.02696559578180313,0.026239560917019844,0.028934119269251823,0.02160920575261116,0.022724365815520287,0.02467777207493782
1,0,55.09484759569168,0.9314996600151062,0.936153769493103,1.1102687120437622,0.9841923713684082,0.9871573448181152,3.2095961570739746,1.4953001737594604,3.04437255859375,2.858153820037842,2.269486904144287,2.0120301246643066,1.162174105644226,1.3004080057144165,2.546222448348999,0.6763317584991455,1.7634910345077515,1.5096663236618042,4.278387546539307,2.1766433715820312,3.4327757358551025,4.250332355499268,3.0488905906677246,1.8256174325942993,0.877200186252594,0.9775347113609314,2.129990339279175,0.5505869388580322,4.010356903076172,1.4133108854293823,1.2861328125
1,1,10.727001305669546,0.9816780686378479,0.9435409903526306,1.1022320985794067,0.9754799604415894,0.9868079423904419,0.04904402047395706,0.03026418387889862,0.30553144216537476,0.044946830719709396,0.03306923434138298,2.228062391281128,0.024223487824201584,0.04053925722837448,0.05119775980710983,0.20618467032909393,0.02816872112452984,0.08745522797107697,0.5309550762176514,0.47731128334999084,0.20950466394424438,3.5919198989868164,0.05484510213136673,0.8684956431388855,0.1879095435142517,0.4782690405845642,0.07979182153940201,0.027082398533821106,0.041262153536081314,0.0239910539239645,0.02902858704328537
1,2,5.055771063640714,0.9481689929962158,0.9369829297065735,1.101962685585022,0.9748021364212036,0.9868075847625732,0.0561729297041893,0.027516575530171394,0.2644404172897339,0.023143615573644638,0.055334001779556274,0.14421740174293518,0.023096106946468353,0.09268643707036972,0.21534565091133118,0.1368912011384964,0.024180710315704346,0.32767453789711,0.5043097138404846,0.7398873567581177,0.23076991736888885,0.11869621276855469,0.14574383199214935,0.03323564678430557,0.02673705667257309,0.7090246081352234,0.02507338672876358,0.03593624010682106,0.04000426083803177,0.03194906562566757,0.03395931422710419
1,3,8.14491366185248,0.9341490268707275,0.9369769096374512,1.1012173891067505,0.9754176735877991,0.9879176616668701,0.07720528542995453,0.026964910328388214,0.3308480381965637,0.036781035363674164,0.12187211215496063,0.0758034959435463,0.025141257792711258,0.14495810866355896,0.14589981734752655,0.3278138339519501,0.027443094179034233,1.2285561561584473,0.7719684839248657,1.9364479780197144,0.10597750544548035,0.18441854417324066,0.32224220037460327,0.023995082825422287,0.030796516686677933,1.0595688819885254,0.025366434827446938,0.034039825201034546,0.04334995895624161,0.024275969713926315,0.026043402031064034
1,4,9.001966589316726,0.935624897480011,0.9363844394683838,1.1025545597076416,0.9772861003875732,0.9898637533187866,0.05662873014807701,0.03812223672866821,0.2557513117790222,0.023326097056269646,0.1688063144683838,0.11404132843017578,0.02738957107067108,0.058338139206171036,0.1307278275489807,0.341621994972229,0.08397660404443741,1.9111714363098145,1.5911537408828735,1.1166162490844727,0.34619730710983276,0.4207810163497925,0.5372956991195679,0.2804144024848938,0.04529058560729027,0.3124352991580963,0.03026338294148445,0.02549249678850174,0.0447363406419754,0.026179589331150055,0.026866137981414795
1,5,11.378647998720407,0.9296827912330627,0.9363846182823181,1.1036062240600586,0.9771218299865723,0.9880772829055786,0.048851482570171356,0.04542088136076927,0.35215166211128235,0.027834320440888405,0.2393186241388321,0.118365578353405,0.026429126039147377,0.0622081384062767,0.17837658524513245,0.3240215480327606,0.07618128508329391,2.6622915267944336,2.5199100971221924,1.55403733253479,0.3038337230682373,0.4844636619091034,0.5494316816329956,0.3104015290737152,0.06347143650054932,0.30014750361442566,0.031869400292634964,0.02491467446088791,0.031037036329507828,0.02904992550611496,0.02765468880534172
1,6,13.469100446626545,0.9297484159469604,0.9363846182823181,1.1037815809249878,0.9779868125915527,0.9886314868927002,0.05674022436141968,0.05131758004426956,0.29001009464263916,0.02468934655189514,0.21350696682929993,0.12622366845607758,0.028014548122882843,0.07252801209688187,0.15598039329051971,0.41309621930122375,0.14183180034160614,3.972644805908203,2.287762403488159,1.9874796867370605,0.34358957409858704,0.5290425419807434,0.6198723316192627,0.48580220341682434,0.21641698479652405,0.32845643162727356,0.028165260329842567,0.022266842424869537,0.031741321086883545,0.026138827204704285,0.028475794941186905
1,7,15.286597703769804,0.9293718934059143,0.9361051321029663,1.105940580368042,0.9804996252059937,0.986831784248352,0.0670875757932663,0.06202228367328644,0.2846277356147766,0.021831125020980835,0.35019102692604065,0.21999967098236084,0.02729247882962227,0.07886657863855362,0.13452546298503876,0.35524266958236694,0.028652291744947433,4.041078090667725,3.921804428100586,2.1587183475494385,0.32663530111312866,0.12243963778018951,0.7423837184906006,0.6318109631538391,0.12381003051996231,0.4642225205898285,0.022579988464713097,0.026283854618668556,0.032346341758966446,0.026736058294773102,0.027659719809889793
1,8,17.215388683974744,0.9301590919494629,0.9361021518707275,1.1055141687393188,0.980227530002594,0.9869579076766968,0.051773104816675186,0.05059625953435898,0.14504705369472504,0.024119671434164047,0.3092905282974243,0.19495806097984314,0.024515926837921143,0.08383838087320328,0.17713266611099243,0.34476226568222046,0.02698340453207493,5.425963401794434,4.611732006072998,1.9608076810836792,0.32431718707084656,0.15789951384067535,0.8445972800254822,0.6726875901222229,0.18111979961395264,0.4766906499862671,0.028278818354010582,0.0269235260784626,0.03590087965130806,0.02105586603283882,0.026604991406202316
2,0,55.6121631026268,0.9314996600151062,0.936153769493103,1.1102687120437622,0.9841923713684082,0.9871573448181152,3.3840677738189697,1.5884032249450684,2.0488033294677734,1.9868159294128418,2.4803502559661865,1.9494214057922363,0.8512423634529114,1.0991729497909546,2.4093680381774902,0.7962584495544434,1.9068337678909302,1.551513671875,4.717637062072754,2.2150886058807373,4.260647296905518,4.398735046386719,3.456193447113037,2.149120569229126,1.1115871667861938,0.5933823585510254,1.752289056777954,1.1625505685806274,4.461410999298096,0.8918847441673279,1.3995306491851807
2,1,7.354424994438887,0.9270390868186951,0.936153769493103,1.1011908054351807,1.0041027069091797,0.9895987510681152,0.04498279094696045,0.06070501357316971,0.12085921317338943,0.029046447947621346,0.15777093172073364,0.23348695039749146,0.03760156407952309,0.36970987915992737,0.17574098706245422,0.10473696887493134,0.05237520486116409,0.27094566822052,0.5143349170684814,0.7105458378791809,0.44181591272354126,0.18435445427894592,0.24659879505634308,0.08668701350688934,0.08830294758081436,0.2790140211582184,0.0503171868622303,1.120843529701233,0.9182875156402588,0.03053261525928974,0.0332116037607193
2,2,9.52088446393609,0.9241138100624084,0.936153769493103,1.1046428680419922,0.9978400468826294,0.9867228269577026,0.03945792466402054,0.039202623069286346,0.08827358484268188,0.03590591996908188,0.09205502271652222,0.058561231940984726,0.09596269577741623,0.07929763942956924,0.13069768249988556,0.044204019010066986,0.4014928936958313,0.5064334869384766,0.5514631867408752,1.3118561506271362,1.368324875831604,0.35509514808654785,0.06302525848150253,0.22584597766399384,0.09393004328012466,0.23549926280975342,0.0591394305229187,1.2079236507415771,1.3826191425323486,0.033580951392650604,0.031141996383666992
2,3,9.427457726746798,0.9237129092216492,0.936153769493103,1.1037241220474243,0.9956604242324829,0.986782968044281,0.029771704226732254,0.07014931738376617,0.07841788977384567,0.04050540551543236,0.0775713175535202,0.20375476777553558,0.024591989815235138,0.19214648008346558,0.09917726367712021,0.0425034798681736,0.1577540785074234,0.2671574652194977,0.45777082443237305,1.0657285451889038,1.5659700632095337,0.7806257605552673,0.04620618745684624,0.045184507966041565,0.10767115652561188,0.11696486920118332,0.0986594557762146,1.1580703258514404,1.638930320739746,0.034370798617601395,0.03859691321849823
2,4,8.96671438626945,0.9268568158149719,0.9385066628456116,1.1111326217651367,0.9978814125061035,0.9869294166564941,0.02882000431418419,0.08049111068248749,0.14514349400997162,0.03947968780994415,0.12374816089868546,0.23374061286449432,0.024923721328377724,0.27185434103012085,0.2434467077255249,0.047043465077877045,0.14827090501785278,0.876648485660553,0.6526286005973816,0.8518304228782654,3.16247820854187,0.518860936164856,0.08181067556142807,0.039321109652519226,0.057400237768888474,0.08646386861801147,0.058818455785512924,0.026612762361764908,0.0743633583188057,0.04921652004122734,0.051037147641181946
2,5,8.728454929962755,0.92757248878479,0.9385038018226624,1.1165438890457153,1.002219557762146,0.9865976572036743,0.026004958897829056,0.09218881279230118,0.14884553849697113,0.032153479754924774,0.09741471707820892,0.37130632996559143,0.025050029158592224,0.18581818044185638,0.24253010749816895,0.03795308247208595,0.10589318722486496,0.6783396005630493,0.7764179706573486,1.3226476907730103,2.5116286277770996,0.5246888399124146,0.09572035074234009,0.036900844424963,0.07685858756303787,0.0825619325041771,0.07183894515037537,0.02603989839553833,0.08381301164627075,0.02972419001162052,0.0518285371363163
2,6,8.606917816773057,0.9265719056129456,0.9385039210319519,1.1171199083328247,1.0000983476638794,0.9866028428077698,0.03214548900723457,0.09996584802865982,0.08240354806184769,0.03478684276342392,0.13524088263511658,0.4727949798107147,0.031002484261989594,0.23132909834384918,0.2983178496360779,0.06683442741632462,0.14700087904930115,0.7353816628456116,0.6113598346710205,1.233323335647583,2.4407389163970947,0.39623135328292847,0.1443413496017456,0.07119548320770264,0.055467840284109116,0.05934109166264534,0.04168769717216492,0.024985922500491142,0.08683203905820847,0.030784033238887787,0.04964554309844971
2,7,7.5519409779459234,0.9269380569458008,0.9374251961708069,1.1159956455230713,0.9952265024185181,0.9867345094680786,0.028158163651823997,0.09357917308807373,0.11016709357500076,0.03686318174004555,0.19355235993862152,0.1717328429222107,0.034794051200151443,0.12191404402256012,0.11950632184743881,0.06912782043218613,0.04866007715463638,0.520653486251831,0.4405795931816101,1.0535725355148315,2.455396890640259,0.36663493514060974,0.07206648588180542,0.05707584321498871,0.03894870728254318,0.13212145864963531,0.23897016048431396,0.02883792296051979,0.06065289303660393,0.024698764085769653,0.04121218994259834
3,0,57.30113104581833,0.9323126077651978,0.9363919496536255,1.115710973739624,0.9775329232215881,0.9888656735420227,3.011749267578125,1.920236349105835,2.2159082889556885,3.046232223510742,2.5897586345672607,1.8088269233703613,0.5310304164886475,1.5909751653671265,2.265925407409668,1.199034333229065,2.0955779552459717,1.7065612077713013,4.574164390563965,2.202920913696289,3.9474799633026123,3.8385446071624756,3.0583698749542236,1.667235255241394,0.7248303294181824,0.7690844535827637,2.4945504665374756,1.1013833284378052,4.802617073059082,1.597149133682251,1.5508222579956055
3,1,8.092098807543517,0.9312597513198853,0.9363919496536255,1.1233723163604736,0.9852403402328491,0.9866014719009399,0.047169413417577744,0.10186438262462616,0.3730202615261078,0.027958206832408905,0.030786866322159767,0.05785611271858215,0.028917888179421425,0.04121219366788864,0.7653809189796448,0.1787547767162323,0.07164659351110458,0.08983217179775238,0.2708004415035248,1.1823866367340088,0.05507481470704079,0.4945986866950989,0.12206559628248215,0.0363348126411438,0.02756906859576702,0.04975214973092079,0.24364183843135834,0.9623938798904419,1.7787688970565796,0.026249295100569725,0.03548973798751831
3,2,9.27068963125348,0.9398325681686401,0.9363919496536255,1.107055902481079,0.9754030704498291,0.9875550866127014,0.042531952261924744,0.2855328917503357,0.3268507122993469,0.026731617748737335,0.0418226458132267,0.05686680227518082,0.2356071025133133,0.03713560849428177,0.5795446634292603,0.35306933522224426,0.15701590478420258,0.2789326310157776,0.15589171648025513,1.5280929803848267,0.2739744186401367,1.0417858362197876,0.12859892845153809,0.16342709958553314,0.026605216786265373,0.0983976274728775,0.34487128257751465,0.9012770056724548,1.1383215188980103,0.026220066472887993,0.03233635053038597
3,3,10.316703728586436,0.937923789024353,0.9363919496536255,1.1034464836120605,0.9752163290977478,0.9877022504806519,0.037143025547266006,0.357399046421051,0.2989432215690613,0.030384715646505356,0.030416512861847878,0.06961798667907715,0.3084399402141571,0.1427093744277954,0.3651886284351349,0.5267636775970459,0.03047393448650837,0.11547688394784927,0.25765562057495117,2.562351703643799,0.33641353249549866,0.9271518588066101,0.32650724053382874,0.11494073271751404,0.040624018758535385,0.08319935202598572,0.1768176108598709,0.9473562240600586,1.194790005683899,0.022938527166843414,0.02486419305205345
3,4,6.5525685854256155,0.9353616237640381,0.942604124546051,1.1130222082138062,0.9771611094474792,0.9868217706680298,0.04008450359106064,0.49370139837265015,0.3615432679653168,0.02633950673043728,0.02518259361386299,0.12276842445135117,0.022723715752363205,0.12647171318531036,0.2558434009552002,0.34907466173171997,0.024479789659380913,0.2512568533420563,0.4223189651966095,1.244509220123291,0.19221799075603485,0.9486292004585266,0.2471645474433899,0.11674900352954865,0.03382007032632828,0.08619441092014313,0.05138249322772026,0.03877769410610199,0.028989825397729874,0.024718353524804115,0.02663281373679638
3,5,6.501983486860991,0.9336974620819092,0.9425206184387207,1.117519497871399,0.9778218269348145,0.9872416257858276,0.04081335291266441,0.598053514957428,0.2880942225456238,0.030168836936354637,0.02168111503124237,0.1098438948392868,0.023279957473278046,0.18057763576507568,0.3401205539703369,0.5167303085327148,0.029461540281772614,0.21330098807811737,0.48310986161231995,1.1039963960647583,0.17824071645736694,0.6296612620353699,0.20934168994426727,0.15882354974746704,0.02945145033299923,0.11481888592243195,0.0937347561120987,0.036105960607528687,0.029852017760276794,0.02208714187145233,0.02887367084622383
3,6,7.039860382676125,0.9343643188476562,0.9425202012062073,1.1197375059127808,0.9782508611679077,0.9873723387718201,0.03831489384174347,0.7493384480476379,0.4567148983478546,0.025931252166628838,0.021378906443715096,0.0954880565404892,0.025012606754899025,0.24051310122013092,0.2833370864391327,0.3228411376476288,0.027076438069343567,0.21699532866477966,0.5780501961708069,1.4614328145980835,0.1582382470369339,0.5823324918746948,0.168560191988945,0.18244978785514832,0.03365909680724144,0.13046956062316895,0.13051055371761322,0.03387339413166046,0.03399041295051575,0.020549548789858818,0.030352886766195297
3,7,7.567788475006819,0.9353412985801697,0.9359797239303589,1.1186552047729492,0.981021523475647,0.9868883490562439,0.029641959816217422,0.15060389041900635,0.744590163230896,0.02216040901839733,0.021189849823713303,0.14483040571212769,0.025025472044944763,0.20213980972766876,0.2825520932674408,0.34638115763664246,0.030474413186311722,0.1616337150335312,1.082526445388794,2.222507953643799,0.19792012870311737,0.39244168996810913,0.0387105718255043,0.18250417709350586,0.026506515219807625,0.07660924643278122,0.07770077884197235,0.02633804827928543,0.03785521537065506,0.02318049781024456,0.030186647549271584
3,8,7.211224273219704,0.9344314932823181,0.935988187789917,1.1167519092559814,0.9792842864990234,0.9868091940879822,0.030681466683745384,0.12001298367977142,0.8149330019950867,0.021789029240608215,0.029606826603412628,0.1403191089630127,0.025447815656661987,0.15810228884220123,0.44458600878715515,0.4034399390220642,0.029071616008877754,0.19424761831760406,0.7876952886581421,2.083061933517456,0.17883750796318054,0.3447574973106384,0.03658539801836014,0.04275418072938919,0.034153468906879425,0.10917145758867264,0.07312063127756119,0.03000173158943653,0.035252898931503296,0.023160547018051147,0.02978101372718811
3,9,7.383139788359403,0.9330199360847473,0.9359883069992065,1.1158500909805298,0.9802110195159912,0.9872927665710449,0.0295697133988142,0.10765457153320312,1.0997910499572754,0.021856367588043213,0.029668346047401428,0.17444558441638947,0.02466578222811222,0.20089711248874664,0.3892187476158142,0.310869961977005,0.026709116995334625,0.17293088138103485,1.1254117488861084,1.6275759935379028,0.23277153074741364,0.3117362856864929,0.062325309962034225,0.07751481235027313,0.03829305246472359,0.13939626514911652,0.07061220705509186,0.03085055947303772,0.034578196704387665,0.025546809658408165,0.027777357026934624
3,10,7.017473325878382,0.9370346069335938,0.9359797239303589,1.1169734001159668,0.9842385053634644,0.9873946905136108,0.03033989667892456,0.09896604716777802,0.9516453742980957,0.02344023622572422,0.02534359134733677,0.3236963748931885,0.028954986482858658,0.17846326529979706,0.26879259943962097,0.16001951694488525,0.029671302065253258,0.2304125726222992,1.357068657875061,1.1259403228759766,0.18746204674243927,0.47721508145332336,0.09482968598604202,0.07599453628063202,0.026467399671673775,0.14639239013195038,0.06944873183965683,0.029909251257777214,0.0359688438475132,0.02252400666475296,0.026182422414422035
3,11,7.016875142976642,0.9377779960632324,0.9359798431396484,1.1166253089904785,0.983665406703949,0.9876382350921631,0.026831112802028656,0.11892113834619522,1.0514030456542969,0.022109782323241234,0.025736382231116295,0.33654043078422546,0.028786834329366684,0.1677892506122589,0.3372984230518341,0.12463995814323425,0.030205268412828445,0.22884583473205566,1.0286897420883179,1.131737232208252,0.19791945815086365,0.5594388246536255,0.13978047668933868,0.07935061305761337,0.022036416456103325,0.16523684561252594,0.08627702295780182,0.03150884062051773,0.035819388926029205,0.021772122010588646,0.025863340124487877
4,0,56.61150727272034,0.9314996600151062,0.936153769493103,1.1102687120437622,0.9841923713684082,0.9871573448181152,3.2004761695861816,1.4288321733474731,2.425936698913574,2.835449695587158,2.1266214847564697,2.3792052268981934,1.2406384944915771,0.727429211139679,3.618608236312866,0.9352714419364929,1.9339492321014404,1.7002191543579102,3.8358116149902344,2.3903417587280273,3.407195568084717,4.117520809173584,2.7395241260528564,1.498258113861084,0.8338565230369568,0.7703357934951782,2.8704686164855957,1.2089142799377441,4.476844310760498,1.5186830759048462,1.4012610912322998
4,1,8.65504982098937,0.9464384913444519,0.936153769493103,1.1148135662078857,1.01564359664917,0.9899720549583435,0.04240088164806366,0.08239596337080002,0.30452001094818115,0.028607957065105438,0.055196478962898254,0.0911642462015152,0.10575339943170547,0.2972766160964966,1.359673023223877,0.039414070546627045,0.18647022545337677,0.05322209745645523,0.24260732531547546,0.7651769518852234,0.5592094659805298,0.25799083709716797,0.07045434415340424,0.046718429774045944,0.04918322339653969,0.4235370457172394,0.060558825731277466,0.7742819786071777,1.6918467283248901,0.0257088765501976,0.04107652232050896
4,2,11.817847137153148,0.9463322758674622,0.936153769493103,1.1196345090866089,0.9932835698127747,0.9869842529296875,0.04427691176533699,0.10269291698932648,0.22867490351200104,0.041798677295446396,0.03260526806116104,0.3585500121116638,0.04364203289151192,0.1554344743490219,1.4449211359024048,0.03768346086144447,0.2263146936893463,0.12170678377151489,0.6386609077453613,0.3271007835865021,0.47208744287490845,0.38673487305641174,0.08755504339933395,0.15624874830245972,0.08242528140544891,0.1874418705701828,0.047604624181985855,0.746972918510437,4.79255485534668,0.027049120515584946,0.030631721019744873
4,3,10.648963735252618,0.9420333504676819,0.936153769493103,1.1207345724105835,1.0055488348007202,0.9868117570877075,0.04816475510597229,0.14262965321540833,0.07399849593639374,0.05781839042901993,0.04244789853692055,0.35274574160575867,0.10033891350030899,0.21153829991817474,1.1650526523590088,0.14725250005722046,0.07605743408203125,0.07916910946369171,1.3286588191986084,0.11492995917797089,0.6038764715194702,0.26905199885368347,0.1110297217965126,0.26948583126068115,0.1399141103029251,0.26037588715553284,0.0674058273434639,0.7035906910896301,3.228649616241455,0.02474217116832733,0.031782329082489014
4,4,7.07195179834962,0.9376057386398315,0.9385250210762024,1.1173484325408936,1.0012176036834717,0.9870301485061646,0.04147770628333092,0.12531454861164093,0.1359480917453766,0.09079350531101227,0.05113722383975983,0.10990503430366516,0.034128688275814056,0.22837121784687042,0.18446899950504303,0.14617690443992615,0.04920688644051552,0.22851169109344482,1.606316328048706,0.2567058205604553,1.4382472038269043,0.2516060173511505,0.32097625732421875,0.07680000364780426,0.13832491636276245,0.35175618529319763,0.0863216295838356,0.027385372668504715,0.032655127346515656,0.0304439477622509,0.03262710198760033
4,5,6.422666112333536,0.9385778307914734,0.9385384321212769,1.1142406463623047,0.9979574084281921,0.9881317615509033,0.03573925048112869,0.1609770506620407,0.07986225187778473,0.08557581901550293,0.0497896745800972,0.09127134829759598,0.03763999044895172,0.13948802649974823,0.19423989951610565,0.02915046736598015,0.03715243563055992,0.44194698333740234,1.0645197629928589,0.2523740828037262,1.329896092414856,0.13721849024295807,0.4763961732387543,0.04048452898859978,0.14495255053043365,0.39429932832717896,0.08386767655611038,0.026803312823176384,0.032790761440992355,0.02657340280711651,0.03416753560304642
4,6,6.091239480301738,0.9395273923873901,0.9385384321212769,1.1172728538513184,0.9947560429573059,0.9880127906799316,0.03810515254735947,0.26136600971221924,0.07722923904657364,0.06658105552196503,0.0581192746758461,0.08917013555765152,0.04121067747473717,0.1576780378818512,0.19962337613105774,0.034673962742090225,0.06812241673469543,0.3609643876552582,0.8499784469604492,0.2906224727630615,0.9938925504684448,0.15546567738056183,0.6054075956344604,0.030153652653098106,0.16828808188438416,0.3597550690174103,0.07332304120063782,0.02331388182938099,0.027773894369602203,0.028814075514674187,0.03598581254482269
4,7,6.090438667312265,0.9366560578346252,0.9373694062232971,1.116803765296936,0.9939168095588684,0.9877018332481384,0.036652956157922745,0.4224795401096344,0.09943864494562149,0.06895685940980911,0.04990439489483833,0.17137734591960907,0.03903544321656227,0.28394389152526855,0.2934304475784302,0.05506519228219986,0.07474363595247269,0.21515975892543793,1.2441508769989014,0.5421107411384583,0.5235310792922974,0.19999897480010986,0.13306547701358795,0.0639636218547821,0.12995120882987976,0.16843169927597046,0.16922515630722046,0.02617252804338932,0.02282060496509075,0.0332268625497818,0.02911215089261532
4,8,5.586125476658344,0.9370715618133545,0.9373648762702942,1.1139838695526123,0.9913346171379089,0.9880101680755615,0.03312316909432411,0.2816148102283478,0.0924304947257042,0.05693398416042328,0.07179179042577744,0.056979525834321976,0.024185383692383766,0.119731605052948,0.09460238367319107,0.04650985822081566,0.12408535927534103,0.27192455530166626,1.0756319761276245,0.6570990085601807,0.7646527290344238,0.22709879279136658,0.03223804384469986,0.03058692440390587,0.1649901121854782,0.12367058545351028,0.13080796599388123,0.025006674230098724,0.02505790814757347,0.028228210285305977,0.03359060734510422
4,9,5.226546006649732,0.9361265301704407,0.9373647570610046,1.1166013479232788,0.9893528819084167,0.9880942702293396,0.03613949194550514,0.3394318222999573,0.08506094664335251,0.06715062260627747,0.07664889842271805,0.0720573365688324,0.0226230937987566,0.09001609683036804,0.09958906471729279,0.0504068024456501,0.10050404816865921,0.24085448682308197,0.8975675702095032,0.7376988530158997,0.40275120735168457,0.25158458948135376,0.03298962488770485,0.11497950553894043,0.16025634109973907,0.10080024600028992,0.13656438887119293,0.026647264137864113,0.02558530867099762,0.03149798884987831,0.03363244980573654
4,10,4.877558930218219,0.9343562722206116,0.9384468793869019,1.115541696548462,0.9882912039756775,0.9884265661239624,0.0379161462187767,0.2206559032201767,0.06976509094238281,0.03228584676980972,0.06066974624991417,0.04777895659208298,0.023254966363310814,0.06451351940631866,0.08199646323919296,0.050261810421943665,0.17727769911289215,0.2675493359565735,0.5233952403068542,0.7428261637687683,0.5047146081924438,0.3997730016708374,0.06314264982938766,0.04239242896437645,0.1316581815481186,0.09648624062538147,0.14313463866710663,0.024291517212986946,0.021930964663624763,0.028478417545557022,0.02839686907827854
4,11,5.328011744096875,0.9340475797653198,0.9384369850158691,1.1132116317749023,0.9885634779930115,0.9882941842079163,0.02970726042985916,0.2840902805328369,0.10358043760061264,0.030706312507390976,0.08258656412363052,0.04400221258401871,0.02502562664449215,0.09114915132522583,0.10656391084194183,0.05122587829828262,0.19515085220336914,0.22914786636829376,0.6332771182060242,0.8021396994590759,0.557855486869812,0.45500507950782776,0.06442717462778091,0.03810036554932594,0.13923193514347076,0.10297220945358276,0.15832115709781647,0.02556116320192814,0.02518947795033455,0.03064001351594925,0.029843738302588463
4,12,5.465079739317298,0.9342275857925415,0.9384370446205139,1.1133313179016113,0.9892951846122742,0.9887551665306091,0.04042588174343109,0.4140477180480957,0.09576026350259781,0.037630580365657806,0.07052531838417053,0.04493742808699608,0.024439014494419098,0.08538370579481125,0.17209553718566895,0.06671217083930969,0.14848719537258148,0.24851267039775848,0.7693671584129333,0.5736093521118164,0.6145049333572388,0.3808223307132721,0.08108248561620712,0.03145637735724449,0.15839460492134094,0.14451754093170166,0.16427747905254364,0.023257946595549583,0.02525453455746174,0.023682182654738426,0.03308606892824173
4,13,6.027240370586514,0.9339854717254639,0.9378401637077332,1.1119188070297241,0.9875531196594238,0.9893501996994019,0.028217123821377754,0.26544061303138733,0.10123762488365173,0.0298957247287035,0.08220161497592926,0.04923573508858681,0.019735798239707947,0.04838227853178978,0.23777200281620026,0.035507697612047195,0.140309140086174,0.31633275747299194,1.1048623323440552,0.866798460483551,0.6151995062828064,0.5308388471603394,0.08969759941101074,0.0271465964615345,0.09196962416172028,0.1211196631193161,0.13372933864593506,0.02463848888874054,0.02300488017499447,0.022951416671276093,0.02888595312833786
4,14,6.114629196003079,0.9352818727493286,0.937828004360199,1.1119287014007568,0.9871214628219604,0.989303469657898,0.03142701834440231,0.29013997316360474,0.13691683113574982,0.041718121618032455,0.09996704757213593,0.050333987921476364,0.023066019639372826,0.057810939848423004,0.18848073482513428,0.037611063569784164,0.16561898589134216,0.3431725800037384,0.9957441091537476,0.6734327077865601,0.7942240238189697,0.6400622129440308,0.07902631908655167,0.02898465469479561,0.11005368083715439,0.09747471660375595,0.13112355768680573,0.02405444346368313,0.023272499442100525,0.024326598271727562,0.03429366648197174
4,15,6.666354156658054,0.9353750944137573,0.9378280639648438,1.1134532690048218,0.9870654940605164,0.9890086054801941,0.03446607291698456,0.37484097480773926,0.13829055428504944,0.05497351288795471,0.11865168064832687,0.044085241854190826,0.02387506328523159,0.044874247163534164,0.2002374678850174,0.029818283393979073,0.08889532834291458,0.2593267261981964,1.0260149240493774,1.056712031364441,0.8686984777450562,0.6952782869338989,0.06898773461580276,0.02515154704451561,0.05143722891807556,0.17441004514694214,0.18584215641021729,0.023779049515724182,0.024275772273540497,0.025009142234921455,0.035876501351594925
4,16,6.708556251227856,0.9337661266326904,0.9365664124488831,1.1138100624084473,0.9868670105934143,0.9893733859062195,0.03345060348510742,0.2378808557987213,0.09155528992414474,0.05770028755068779,0.11117587238550186,0.03630327805876732,0.025968121364712715,0.0541522391140461,0.2584093511104584,0.03314537927508354,0.10164114832878113,0.4266413152217865,0.9172135591506958,1.2834792137145996,0.9295458793640137,0.6140183806419373,0.06563012301921844,0.03157004341483116,0.04322877526283264,0.09685255587100983,0.16835254430770874,0.024340741336345673,0.023311913013458252,0.021497951820492744,0.029414229094982147
5,0,55.76359943151474,0.9314996600151062,0.936153769493103,1.1102687120437622,0.9841923713684082,0.9871573448181152,3.2886710166931152,2.122553825378418,2.1641645431518555,2.6681525707244873,1.6046556234359741,1.9942100048065186,0.9572930335998535,1.2858800888061523,2.509554624557495,1.1452058553695679,2.4269425868988037,1.5267218351364136,4.099303722381592,2.553774833679199,3.0773656368255615,3.507899522781372,2.1040008068084717,1.9545304775238037,1.1431788206100464,0.9480020403862,2.7373948097229004,0.9684422612190247,4.776776313781738,1.7323758602142334,1.4766943454742432
5,1,10.090059710666537,0.9332510232925415,0.936153769493103,1.1178289651870728,1.0551621913909912,1.0100066661834717,0.042955394834280014,0.06769660115242004,0.35188403725624084,0.04311230033636093,0.20851382613182068,0.6436419486999512,0.08169806003570557,0.07161372154951096,0.6076114773750305,0.19494222104549408,0.056963399052619934,1.3498339653015137,0.2237226963043213,1.9112887382507324,0.6507830023765564,0.48258185386657715,0.07681826502084732,0.06463880836963654,0.04895755276083946,0.03824421763420105,0.033130716532468796,0.8394418358802795,0.930054783821106,0.022480567917227745,0.03696919605135918
5,2,11.831722895056009,0.9260261058807373,0.936153769493103,1.1108968257904053,1.0231075286865234,1.0079283714294434,0.03993197903037071,0.08141278475522995,0.6747666597366333,0.035527776926755905,0.26978370547294617,0.17321130633354187,0.06834623962640762,0.13698185980319977,0.7545141577720642,0.026885945349931717,0.048851899802684784,3.2377617359161377,0.3751712143421173,1.3445498943328857,0.5178192257881165,0.6542325615882874,0.11422791332006454,0.04003313556313515,0.10162825137376785,0.0392780639231205,0.03780829906463623,0.7544646263122559,1.246148943901062,0.031276408582925797,0.02628578618168831
5,3,10.020993973314763,0.9266104698181152,0.936153769493103,1.112962245941162,0.9962347149848938,1.0009657144546509,0.04380682855844498,0.10949874669313431,0.1643771231174469,0.03322915732860565,0.2838035225868225,0.16121651232242584,0.05741598457098007,0.18545857071876526,0.6595507860183716,0.03216372802853584,0.055848974734544754,2.6108932495117188,0.6258251070976257,0.6429436206817627,0.49073052406311035,0.4139654338359833,0.15044395625591278,0.03555455058813095,0.1504136025905609,0.05256573483347893,0.07075587660074234,0.8104487061500549,1.1307284832000732,0.024730900302529335,0.03003890998661518
5,4,7.387945249304176,0.9253624081611633,0.9372114539146423,1.11423659324646,0.9927119612693787,0.9942547678947449,0.026338836178183556,0.06084639951586723,0.16734834015369415,0.025289829820394516,0.28222447633743286,0.12913106381893158,0.03098747320473194,0.1123395562171936,0.11448055505752563,0.053554967045784,0.0778997614979744,1.2798179388046265,0.40840858221054077,0.8500471711158752,1.6198474168777466,0.3865855038166046,0.25340917706489563,0.043811678886413574,0.25445425510406494,0.0803765133023262,0.022823017090559006,0.0307307131588459,0.027633503079414368,0.024267541244626045,0.03253554180264473
5,5,6.849542235583067,0.926201343536377,0.9372093081474304,1.1155402660369873,0.9938682913780212,0.9902582168579102,0.035531867295503616,0.06246716156601906,0.25224190950393677,0.025144068524241447,0.3416811227798462,0.07119647413492203,0.030026588588953018,0.09624849259853363,0.2554250657558441,0.04547407478094101,0.07631981372833252,0.9970239400863647,0.4126313030719757,0.22709137201309204,1.6315486431121826,0.3834242522716522,0.36837416887283325,0.03498746454715729,0.239520862698555,0.12038436532020569,0.02348513901233673,0.03160296380519867,0.031239373609423637,0.023231498897075653,0.04062476381659508
5,6,6.658831449970603,0.9261939525604248,0.9376949071884155,1.1155877113342285,0.9874223470687866,0.9886888265609741,0.03746868297457695,0.06014157459139824,0.13876619935035706,0.02794906497001648,0.34556224942207336,0.07747874408960342,0.031542886048555374,0.0970306247472763,0.23002499341964722,0.026014607399702072,0.11100588738918304,0.9521412253379822,0.832267701625824,0.16537602245807648,1.300447940826416,0.5912811756134033,0.3473312556743622,0.024443231523036957,0.0840032547712326,0.03947329893708229,0.026671944186091423,0.028391554951667786,0.03084159456193447,0.024483466520905495,0.03757471963763237
5,7,5.929513103142381,0.9285271763801575,0.9394832253456116,1.1202068328857422,0.9870797395706177,0.9872031211853027,0.025131292641162872,0.07032011449337006,0.16642197966575623,0.028815973550081253,0.11479031294584274,0.05489957332611084,0.020798679441213608,0.03946083411574364,0.09954225271940231,0.024393146857619286,0.17261365056037903,0.7395786046981812,0.32501479983329773,0.14585795998573303,1.8221865892410278,0.5765267014503479,0.09761103987693787,0.02747458592057228,0.08677463978528976,0.1523437201976776,0.026046648621559143,0.02619025483727455,0.028660794720053673,0.028454111889004707,0.03710482269525528
5,8,7.4637143786996605,0.9283985495567322,0.9395025372505188,1.1156255006790161,0.9866052269935608,0.9871242642402649,0.0250996146351099,0.06061040237545967,0.2240239381790161,0.030446752905845642,0.1439252644777298,0.0591389425098896,0.020452331751585007,0.04921599477529526,0.12591592967510223,0.024686988443136215,0.16064053773880005,0.7633334398269653,0.28042304515838623,0.13859716057777405,2.6974844932556152,1.1643863916397095,0.1191987469792366,0.029388951137661934,0.08454476296901703,0.14100663363933563,0.024963928386569023,0.026214344426989555,0.02286408096551895,0.02425665594637394,0.03144383057951927
5,9,7.073026058077812,0.9289077520370483,0.9424327611923218,1.1155428886413574,0.9875814914703369,0.9871754050254822,0.0268231388181448,0.07621992379426956,0.17551057040691376,0.02798708900809288,0.12701332569122314,0.09941012412309647,0.021555129438638687,0.049567535519599915,0.07571589201688766,0.02780311368405819,0.12308646738529205,0.7288083434104919,0.3720499873161316,0.13242770731449127,2.135969877243042,1.3463245630264282,0.13811218738555908,0.03619973361492157,0.06382318586111069,0.15646719932556152,0.027097182348370552,0.030403099954128265,0.026492083445191383,0.02262081205844879,0.033209726214408875
5,10,8.700742457062006,0.9308614134788513,0.9427444338798523,1.1106675863265991,0.985024094581604,0.9867115616798401,0.024369914084672928,0.06051838770508766,0.4703029692173004,0.025557588785886765,0.16206397116184235,0.10158047825098038,0.021251801401376724,0.0513225756585598,0.09048134088516235,0.023612378165125847,0.18089711666107178,0.7689347863197327,0.350638210773468,0.3281729519367218,3.375685930252075,1.003816843032837,0.21851034462451935,0.04561857506632805,0.08346045017242432,0.18954600393772125,0.0267009437084198,0.022521106526255608,0.02677653729915619,0.023853108286857605,0.033346325159072876
5,11,8.448300379514695,0.930527925491333,0.9427485466003418,1.1108776330947876,0.9841773509979248,0.9867832064628601,0.025196215137839317,0.07055541127920151,0.4029623866081238,0.024118121713399887,0.14580285549163818,0.10948310047388077,0.0251320693641901,0.043642811477184296,0.06508255749940872,0.02686239965260029,0.19915227591991425,0.7221091985702515,0.31876489520072937,0.7382386326789856,3.1623120307922363,0.7454879879951477,0.19361412525177002,0.04371010139584541,0.08153405785560608,0.18848825991153717,0.0234806127846241,0.019864002242684364,0.026994725689291954,0.02657974138855934,0.02810887061059475
5,12,9.703684052079916,0.9294660687446594,0.9427484273910522,1.1105183362960815,0.983350932598114,0.9870253801345825,0.02711072750389576,0.06510958820581436,0.4854019284248352,0.02350703254342079,0.1451186090707779,0.08656489849090576,0.025025466457009315,0.046513013541698456,0.08150364458560944,0.02280893176794052,0.1698964685201645,1.0881890058517456,0.4199346899986267,0.936288058757782,3.8001656532287598,0.6062749624252319,0.1987830549478531,0.04579450562596321,0.10961398482322693,0.1962912380695343,0.019364897161722183,0.02353319339454174,0.028018098324537277,0.02560458518564701,0.03664598613977432
5,13,9.860220306739212,0.9295744299888611,0.9376842975616455,1.110633373260498,0.9830241799354553,0.9870425462722778,0.02603153884410858,0.05319095402956009,0.29267942905426025,0.026127120479941368,0.13139453530311584,0.07794694602489471,0.029157251119613647,0.06268380582332611,0.1030716672539711,0.02921532839536667,0.2687425911426544,0.8413704633712769,0.23736923933029175,0.41469183564186096,5.0973005294799805,0.5664331316947937,0.23881228268146515,0.05601600557565689,0.030301569029688835,0.16032132506370544,0.024527499452233315,0.0222969651222229,0.025249861180782318,0.021446779370307922,0.034249886870384216
6,0,54.39933091402054,0.9314959049224854,0.9412325024604797,1.1110546588897705,0.9867008328437805,0.9905465841293335,3.3690125942230225,1.682027816772461,1.8473289012908936,2.6157116889953613,2.1427645683288574,1.9180504083633423,0.944774866104126,0.8212094306945801,2.3286123275756836,1.2871084213256836,1.9775251150131226,1.5200432538986206,3.861954689025879,2.0608136653900146,3.2240352630615234,4.515589237213135,2.378709077835083,2.2383370399475098,0.8367961645126343,0.931041419506073,2.2548301219940186,1.2523835897445679,4.102194309234619,1.7746397256851196,1.521631121635437
6,1,11.934222470223904,0.9481932520866394,0.9412325024604797,1.1410268545150757,0.9764361381530762,0.9899333715438843,0.054924655705690384,0.10682614147663116,0.1327836513519287,0.02569124847650528,0.03085077367722988,2.182231903076172,0.9029883742332458,0.06656758487224579,2.01946759223938,0.12636418640613556,0.10022854804992676,0.07290904223918915,0.16452039778232574,0.21351668238639832,0.3080984055995941,0.2583220899105072,0.3749855160713196,0.03320775926113129,0.04913715645670891,0.2937576174736023,0.1884884238243103,0.35802024602890015,2.807882785797119,0.02248227782547474,0.04060498625040054
6,2,8.79744686037302,0.9630672931671143,0.9412325024604797,1.132911205291748,0.9767631888389587,0.9867478013038635,0.0669635459780693,0.15505047142505646,0.2958255708217621,0.03106069751083851,0.04821232706308365,0.2360333949327469,0.03206931799650192,0.1215035542845726,0.6528686881065369,0.18433785438537598,0.09993380308151245,0.7156524658203125,0.44413354992866516,0.4486984312534332,0.9460951089859009,0.2729099690914154,0.2455458790063858,0.029152747243642807,0.08902905881404877,1.2953376770019531,0.15776695311069489,0.4175306260585785,0.7501718401908875,0.022254878655076027,0.03916405141353607
6,3,7.358760726824403,0.9556447267532349,0.9360788464546204,1.1329143047332764,0.9775072336196899,0.988052248954773,0.07793739438056946,0.10814395546913147,0.5467815399169922,0.026895251125097275,0.035790640860795975,0.11140047758817673,0.02483030967414379,0.22447730600833893,0.09719596803188324,0.22520136833190918,0.07842157781124115,1.0188735723495483,1.027811050415039,0.632795512676239,0.6726887226104736,0.18966951966285706,0.325467973947525,0.1043800637125969,0.10877454280853271,0.5323306918144226,0.08037542551755905,0.02595384232699871,0.03133382648229599,0.021427297964692116,0.03176342323422432
6,4,8.750697415694594,0.9551553726196289,0.9393982887268066,1.125388503074646,0.9816200137138367,0.9866037964820862,0.03799790143966675,0.11229857802391052,0.5250121355056763,0.02617996744811535,0.08789584040641785,0.2768099904060364,0.026295440271496773,0.10750026255846024,0.04732529819011688,0.11574842035770416,0.4224714934825897,1.3748823404312134,1.2218008041381836,1.3500250577926636,1.038394808769226,0.24029593169689178,0.05896981805562973,0.1425180286169052,0.07865401357412338,0.07716464251279831,0.27658265829086304,0.02439880557358265,0.030016575008630753,0.02302974835038185,0.030795659869909286
6,5,7.0906143497675655,0.9533950686454773,0.9394188523292542,1.1232633590698242,0.9851573705673218,0.986947774887085,0.03558063507080078,0.12261928617954254,0.32520192861557007,0.02516818977892399,0.023994989693164825,0.3078998327255249,0.026397431269288063,0.11962135881185532,0.04504139721393585,0.09200816601514816,0.25362545251846313,1.2072516679763794,1.3422019481658936,0.3318677544593811,1.0307728052139282,0.24126732349395752,0.05372711271047592,0.16506870090961456,0.0703953206539154,0.12502852082252502,0.03566248342394829,0.029086565598845482,0.028993668034672737,0.023098615929484367,0.03139670938253403
6,6,8.022738236561418,0.9533934593200684,0.9410070776939392,1.1266313791275024,0.9876033663749695,0.9868569374084473,0.03224664926528931,0.1682586371898651,0.4992074966430664,0.026016969233751297,0.026039520278573036,0.31417331099510193,0.025776157155632973,0.14182211458683014,0.03881022334098816,0.07840308547019958,0.26903632283210754,1.3257296085357666,1.295426607131958,0.4256690442562103,1.5062763690948486,0.30691978335380554,0.06109773740172386,0.10882896184921265,0.09989670664072037,0.1410014033317566,0.02938070520758629,0.025607718154788017,0.031130831688642502,0.022487802430987358,0.024396026507019997
6,7,9.416740350797772,0.9426494240760803,0.9379563331604004,1.1192681789398193,0.9850291013717651,0.9866552948951721,0.039537861943244934,0.2671380043029785,0.5781592130661011,0.022411340847611427,0.023886924609541893,0.4515906274318695,0.023235850036144257,0.10797078907489777,0.0651620551943779,0.06514380872249603,0.2984437346458435,1.7136725187301636,1.0686894655227661,0.7298722267150879,2.0738158226013184,0.34891277551651,0.108620785176754,0.11348828673362732,0.1001008003950119,0.04468066617846489,0.033218663185834885,0.054733093827962875,0.0404488742351532,0.023941487073898315,0.025553008541464806
6,8,9.44646582864225,0.9408469200134277,0.9379273056983948,1.1205867528915405,0.9838537573814392,0.9866771101951599,0.034484121948480606,0.3350989818572998,0.5222635269165039,0.023340826854109764,0.08583246916532516,0.49626076221466064,0.02313486859202385,0.05283511057496071,0.07018238306045532,0.038683000952005386,0.21367694437503815,1.384252905845642,0.910531222820282,0.8938112258911133,2.4026544094085693,0.4179319441318512,0.05524158850312233,0.1397983878850937,0.0950329527258873,0.06441079825162888,0.023655077442526817,0.07998697459697723,0.041306767612695694,0.020609183236956596,0.02747102454304695
6,9,9.43062875904143,0.9394134879112244,0.9379275441169739,1.1199085712432861,0.9845883846282959,0.9866477847099304,0.03217657655477524,0.32487592101097107,0.3263499140739441,0.020794382318854332,0.10172045975923538,0.14358633756637573,0.024335285648703575,0.053200237452983856,0.05428795516490936,0.04670665040612221,0.2378656566143036,1.3588675260543823,0.9826306104660034,0.8943982124328613,2.7219109535217285,0.41235417127609253,0.06212606281042099,0.16042110323905945,0.11010686308145523,0.17721405625343323,0.021295273676514626,0.06333987414836884,0.06061040237545967,0.02060292474925518,0.025154193863272667
6,10,8.504943180456758,0.9386624693870544,0.9382272958755493,1.1189782619476318,0.9831404685974121,0.9866852760314941,0.03951074182987213,0.4014624059200287,0.5833014845848083,0.024523142725229263,0.05353054776787758,0.2702026665210724,0.02477141097187996,0.0619162917137146,0.08224420994520187,0.0454428605735302,0.1674608439207077,0.8803784251213074,0.8159312605857849,0.9973620772361755,1.4811642169952393,0.6408504843711853,0.16403457522392273,0.1859779953956604,0.1123395785689354,0.25004664063453674,0.06875064969062805,0.042491767555475235,0.06916937977075577,0.02396705560386181,0.024973712861537933
6,11,8.730035043507815,0.9375715851783752,0.9382269978523254,1.1209520101547241,0.9831065535545349,0.9866685271263123,0.03336843475699425,0.4198152720928192,0.4359849989414215,0.022311389446258545,0.08164142817258835,0.04336659982800484,0.024520033970475197,0.041662026196718216,0.083463653922081,0.040477167814970016,0.20664826035499573,0.7915075421333313,0.7866103649139404,1.1304525136947632,2.0116028785705566,0.8289784789085388,0.1844523400068283,0.04380808025598526,0.11635367572307587,0.27349141240119934,0.027920715510845184,0.02514534816145897,0.028439313173294067,0.024221211671829224,0.03048676811158657
7,0,55.82722440958023,0.9314996600151062,0.936153769493103,1.1102687120437622,0.9841923713684082,0.9871573448181152,2.9725286960601807,1.1045352220535278,2.7138888835906982,2.760420083999634,2.308598518371582,1.6297451257705688,0.838271975517273,1.2205665111541748,2.885019540786743,0.6494394540786743,1.8109195232391357,1.699562668800354,4.568278789520264,2.1291463375091553,4.753171443939209,4.126525402069092,2.753918170928955,1.6462711095809937,1.1522575616836548,0.8139172792434692,1.4009594917297363,1.130855917930603,4.666633129119873,1.732101559638977,1.3698376417160034
7,1,7.591390977427364,0.9246248602867126,0.936153769493103,1.1043305397033691,0.9806161522865295,0.9995880722999573,0.03722232207655907,0.30301201343536377,0.1377328783273697,0.026612168177962303,0.11082131415605545,0.25113043189048767,0.05126199871301651,0.024766823276877403,0.11588064581155777,0.042901650071144104,0.14120641350746155,0.16148962080478668,0.5857779383659363,0.1655021458864212,0.523780345916748,0.35621973872184753,0.2817903459072113,0.025358645245432854,0.04198911786079407,0.2565227448940277,0.05153325945138931,1.2018481492996216,1.6460193395614624,0.02550170198082924,0.03644654527306557
7,2,6.0729172803461555,0.9246309399604797,0.9389742016792297,1.1060500144958496,0.9813529253005981,0.9968785047531128,0.033960651606321335,0.5283578038215637,0.29545101523399353,0.026007097214460373,0.1125819981098175,0.12796756625175476,0.034761715680360794,0.02799697034060955,0.07034022361040115,0.047024019062519073,0.14472390711307526,0.16152498126029968,0.6237967610359192,0.3093399703502655,0.7615582346916199,0.33670172095298767,0.37269407510757446,0.022733008489012718,0.13515861332416534,0.2520674467086792,0.5337541699409485,0.02484397403895855,0.03685550019145012,0.021860243752598763,0.04127829521894455
7,3,5.832844864204526,0.9376011490821838,0.9389816522598267,1.1070914268493652,0.9943833351135254,0.9885708093643188,0.038147181272506714,0.16618454456329346,0.2559930682182312,0.04436839744448662,0.04642024263739586,0.3286334276199341,0.030487816780805588,0.08347157388925552,0.07055336236953735,0.10556018352508545,0.040331460535526276,0.5705916881561279,0.4754130244255066,0.19731688499450684,0.30320852994918823,0.5624161958694458,0.5070866942405701,0.027540814131498337,0.42332732677459717,0.20345421135425568,0.24619252979755402,0.024465061724185944,0.03391367569565773,0.023208456113934517,0.031232837587594986
7,4,6.559701677411795,0.9333881735801697,0.9461900591850281,1.1100201606750488,0.9864405393600464,0.9870595335960388,0.03388515114784241,0.17780834436416626,0.1670917421579361,0.04746512696146965,0.07207436114549637,0.1566348820924759,0.02326125279068947,0.1822749227285385,0.13498955965042114,0.12446185201406479,0.060623202472925186,0.8422151803970337,1.0807656049728394,0.38921472430229187,0.24604345858097076,0.23189178109169006,0.5056057572364807,0.050324056297540665,0.3067066967487335,0.4974850118160248,0.1200682744383812,0.024855047464370728,0.03837409242987633,0.023757867515087128,0.029204033315181732
7,5,5.964186161383987,0.9335761070251465,0.937732458114624,1.1100878715515137,0.9843652248382568,0.9883184432983398,0.02936992608010769,0.1736995130777359,0.16456769406795502,0.023564349859952927,0.0728796198964119,0.15743966400623322,0.039633020758628845,0.22063501179218292,0.05683724582195282,0.1261809766292572,0.05753665417432785,0.6442557573318481,0.7605854272842407,0.8444150686264038,0.13504648208618164,0.11673613637685776,0.564576268196106,0.0386643186211586,0.28839558362960815,0.25443732738494873,0.09830749779939651,0.02469629794359207,0.02925289236009121,0.02368122898042202,0.027976177632808685
7,6,6.10387792661786,0.9316373467445374,0.9376326203346252,1.1070916652679443,0.9827566146850586,0.9875587224960327,0.02671973779797554,0.07198891043663025,0.07011620700359344,0.022797491401433945,0.09720117598772049,0.1572008728981018,0.022449033334851265,0.21057245135307312,0.05222292244434357,0.09844496101140976,0.07612994313240051,0.7024237513542175,0.8666319251060486,1.0014681816101074,0.19450348615646362,0.11495232582092285,0.5336556434631348,0.04206573963165283,0.2988898754119873,0.24377968907356262,0.10126981884241104,0.022528382018208504,0.03151209279894829,0.024348121136426926,0.030669793486595154
7,7,5.809102488309145,0.9287667870521545,0.9387761354446411,1.1046196222305298,0.9845584034919739,0.9894382953643799,0.031092176213860512,0.05820662900805473,0.08311016857624054,0.02830725722014904,0.14515548944473267,0.28052884340286255,0.025261592119932175,0.3504084348678589,0.09932190924882889,0.08410520106554031,0.06832648813724518,0.6517481803894043,0.8169849514961243,0.4702131748199463,0.1948527842760086,0.09434770047664642,0.24665062129497528,0.03772559389472008,0.486268013715744,0.34212490916252136,0.10951240360736847,0.02382000721991062,0.03625871241092682,0.027761932462453842,0.02777746506035328
7,8,6.018694327771664,0.9305112361907959,0.9387781023979187,1.1048554182052612,0.9860192537307739,0.9888851642608643,0.03066178597509861,0.06787319481372833,0.10225251317024231,0.02646070159971714,0.11845866590738297,0.3904792368412018,0.025001220405101776,0.3657141923904419,0.09541897475719452,0.0901670977473259,0.09194567799568176,0.5668469667434692,1.113846778869629,0.3039628565311432,0.2563026547431946,0.10404858738183975,0.2190782129764557,0.07689283788204193,0.425873726606369,0.36376282572746277,0.07978654652833939,0.024397030472755432,0.03223510831594467,0.028640173375606537,0.028776925057172775
7,9,5.395559010282159,0.9304814338684082,0.9373134970664978,1.104472041130066,0.9861332178115845,0.9886791706085205,0.029451435431838036,0.07699697464704514,0.13712476193904877,0.03174509480595589,0.02690354362130165,0.21472950279712677,0.023006295785307884,0.30928918719291687,0.07542484998703003,0.13306471705436707,0.056354254484176636,0.5178018808364868,0.9290103912353516,0.353861927986145,0.30770984292030334,0.09536086022853851,0.18990573287010193,0.05123497545719147,0.2809583246707916,0.370881587266922,0.09443370252847672,0.021219423040747643,0.030170872807502747,0.0236746147274971,0.02582838386297226
7,10,5.234430729597807,0.9301872849464417,0.93765789270401,1.1039303541183472,0.9865637421607971,0.9881953001022339,0.028018750250339508,0.06981799006462097,0.13928405940532684,0.028839629143476486,0.0282164067029953,0.15698012709617615,0.025572508573532104,0.3461516797542572,0.06985914707183838,0.18091058731079102,0.03558732941746712,0.5209650993347168,0.8862728476524353,0.238221675157547,0.2554565370082855,0.10821112245321274,0.1706697940826416,0.059311289340257645,0.2728501260280609,0.4628777801990509,0.061154987663030624,0.019286882132291794,0.025453098118305206,0.02793329767882824,0.027221063151955605
7,11,5.237532739713788,0.9306359887123108,0.937651515007019,1.105221152305603,0.9866601824760437,0.9880948662757874,0.033784300088882446,0.07467809319496155,0.16884271800518036,0.02502991445362568,0.04366123303771019,0.14940708875656128,0.025264272466301918,0.45735597610473633,0.057572923600673676,0.0260172076523304,0.055117279291152954,0.5627431273460388,0.8573384881019592,0.2098150998353958,0.3911812901496887,0.089226633310318,0.2362891435623169,0.06318628042936325,0.40416234731674194,0.15855593979358673,0.046399638056755066,0.022817444056272507,0.030834665521979332,0.0326831117272377,0.025915782898664474
7,12,4.867821222916246,0.9311395883560181,0.9362333416938782,1.1051286458969116,0.985716700553894,0.9880961775779724,0.030184432864189148,0.07718996703624725,0.19788706302642822,0.02412094920873642,0.05238385498523712,0.1487715095281601,0.028574006631970406,0.19796013832092285,0.06247197091579437,0.024591421708464622,0.046373166143894196,0.5433935523033142,0.8142279982566833,0.21874381601810455,0.3506239950656891,0.11925910413265228,0.3055765628814697,0.06964244693517685,0.2772819995880127,0.14148248732089996,0.048201315104961395,0.022728679701685905,0.02651328034698963,0.0251229926943779,0.02525162138044834
7,13,5.01151036657393,0.9290280938148499,0.9358789324760437,1.1057825088500977,0.9884998202323914,0.9879308938980103,0.02925398200750351,0.08419883996248245,0.19502030313014984,0.023335285484790802,0.06152864173054695,0.07462695986032486,0.022933941334486008,0.1660095453262329,0.06536310911178589,0.02961312048137188,0.04331940412521362,0.30421021580696106,1.1648250818252563,0.3564106822013855,0.3732527792453766,0.09784431010484695,0.1404000222682953,0.05772624537348747,0.29198580980300903,0.2974022924900055,0.04624680429697037,0.020628612488508224,0.025408819317817688,0.021808860823512077,0.028732648119330406
7,14,4.705973922461271,0.9283520579338074,0.9358799457550049,1.1066997051239014,0.9888558387756348,0.9888772964477539,0.033468302339315414,0.07508567720651627,0.10664107650518417,0.024273857474327087,0.05089480057358742,0.07844464480876923,0.023468688130378723,0.15014737844467163,0.07363452017307281,0.03082912601530552,0.03824035823345184,0.24060314893722534,1.104660153388977,0.3008020520210266,0.3766585886478424,0.11797996610403061,0.11102975159883499,0.05607982724905014,0.24372659623622894,0.3380032479763031,0.039321210235357285,0.022745594382286072,0.027593271806836128,0.02611403353512287,0.02579508163034916
7,15,4.5790069699287415,0.9284079074859619,0.9358792901039124,1.1073987483978271,0.9899159669876099,0.9889858365058899,0.03749610856175423,0.09229759126901627,0.11438644677400589,0.02431578002870083,0.04980828985571861,0.07505914568901062,0.02277267538011074,0.15063610672950745,0.11651907116174698,0.027527831494808197,0.04109657183289528,0.24801009893417358,1.009758472442627,0.33449429273605347,0.23931801319122314,0.1134052723646164,0.07678026705980301,0.05412348732352257,0.2839091122150421,0.3315434455871582,0.038583897054195404,0.023122072219848633,0.02776682935655117,0.026744389906525612,0.02941415086388588
7,16,4.5801213551312685,0.9312388300895691,0.9360433220863342,1.1082313060760498,0.9888285398483276,0.9887035489082336,0.026281066238880157,0.043172501027584076,0.16608591377735138,0.02572369948029518,0.05051663517951965,0.05164708197116852,0.02118998020887375,0.2513096332550049,0.13587217032909393,0.02415880560874939,0.11121784895658493,0.1929713785648346,1.0925146341323853,0.3469313085079193,0.19721099734306335,0.12488538771867752,0.3312365710735321,0.11604755371809006,0.10141311585903168,0.04767989739775658,0.031089741736650467,0.022841541096568108,0.026309743523597717,0.025035854429006577,0.02616918459534645
7,17,4.517804561927915,0.9312071800231934,0.9360449910163879,1.1082721948623657,0.9904195666313171,0.9889023303985596,0.02555738389492035,0.04949145019054413,0.20398226380348206,0.025221850723028183,0.057586945593357086,0.05150634050369263,0.0216530729085207,0.2434941977262497,0.15707163512706757,0.02702617086470127,0.10680625587701797,0.21075144410133362,0.9618884325027466,0.2965446710586548,0.23729552328586578,0.13804662227630615,0.3014661371707916,0.15760518610477448,0.07033390551805496,0.05082475766539574,0.02986571565270424,0.023668663576245308,0.025854453444480896,0.026412812992930412,0.026879416778683662
7,18,4.131647476181388,0.9309888482093811,0.9360449910163879,1.1084284782409668,0.9902387857437134,0.9886124730110168,0.026132525876164436,0.04158370569348335,0.2581464946269989,0.026944240555167198,0.05091871693730354,0.0509333461523056,0.022334804758429527,0.20264412462711334,0.16873957216739655,0.02549896202981472,0.11955387890338898,0.1845608800649643,0.7619656920433044,0.2934337854385376,0.2932085692882538,0.12813004851341248,0.08960767835378647,0.16058892011642456,0.06897527724504471,0.03783958777785301,0.025706220418214798,0.02390884794294834,0.025620155036449432,0.028608882799744606,0.02519984357059002
7,19,4.648098154366016,0.9316150546073914,0.9361441135406494,1.1089779138565063,0.9894941449165344,0.9887722134590149,0.023877346888184547,0.04597662016749382,0.2141786813735962,0.023577814921736717,0.05473075434565544,0.05050235614180565,0.022972645238041878,0.25217968225479126,0.2090623527765274,0.030288798734545708,0.10250224173069,0.24510329961776733,0.9907212257385254,0.4678877294063568,0.2564840316772461,0.15358473360538483,0.0457192100584507,0.1927502304315567,0.06543277204036713,0.07435711473226547,0.0293931532651186,0.02451164275407791,0.0287749283015728,0.028364621102809906,0.02416347898542881
7,20,4.34726324826479,0.9310076832771301,0.9361379146575928,1.109326958656311,0.9884154796600342,0.9882810115814209,0.0254361629486084,0.05557440221309662,0.1790662705898285,0.024787256494164467,0.03075127676129341,0.05037806183099747,0.02390863001346588,0.11622120440006256,0.32488787174224854,0.024705160409212112,0.19863000512123108,0.162550151348114,0.8173242211341858,0.37882086634635925,0.3065486252307892,0.11371137946844101,0.0540127158164978,0.20048531889915466,0.058028366416692734,0.07796455174684525,0.02689078263938427,0.02265731245279312,0.028219202533364296,0.029136475175619125,0.025933166965842247
7,21,4.312505527213216,0.9311341047286987,0.9361379146575928,1.1098988056182861,0.988538920879364,0.9881935715675354,0.024202946573495865,0.04927472770214081,0.19588807225227356,0.022254755720496178,0.0425713025033474,0.048211779445409775,0.021343225613236427,0.17352724075317383,0.22223348915576935,0.02647264488041401,0.18131470680236816,0.20529705286026,0.7599763870239258,0.39636823534965515,0.2826542556285858,0.1571507751941681,0.07050047814846039,0.16869959235191345,0.07347153127193451,0.0691395029425621,0.023723503574728966,0.02357468195259571,0.027683837339282036,0.02897402085363865,0.027216117829084396
7,22,4.372948759049177,0.930869460105896,0.9358837604522705,1.1097806692123413,0.9871074557304382,0.9884985685348511,0.025136157870292664,0.06970444321632385,0.17845474183559418,0.02722882479429245,0.03943507373332977,0.05316484719514847,0.021535206586122513,0.15135428309440613,0.29891538619995117,0.024971986189484596,0.20740358531475067,0.23722556233406067,0.6959289312362671,0.352328360080719,0.3215125799179077,0.1667245626449585,0.10552972555160522,0.16304261982440948,0.06183570995926857,0.05189848318696022,0.024481672793626785,0.024030517786741257,0.02531455270946026,0.027041403576731682,0.028321558609604836
7,23,4.395870997011661,0.9309054017066956,0.9358840584754944,1.111345648765564,0.987986147403717,0.9884461760520935,0.02535165101289749,0.08550726622343063,0.16701339185237885,0.022791819646954536,0.0465700738132,0.05584849417209625,0.022326180711388588,0.13869024813175201,0.3366468846797943,0.021341294050216675,0.20688755810260773,0.2533797025680542,0.5873129367828369,0.3304724097251892,0.3210223317146301,0.2217588871717453,0.15877066552639008,0.14962372183799744,0.061764754354953766,0.06343088299036026,0.027113264426589012,0.021680032834410667,0.024282293394207954,0.027058882638812065,0.02831188216805458
7,24,4.563558825105429,0.930590033531189,0.9358840584754944,1.1112128496170044,0.9872010350227356,0.9882097840309143,0.02564939856529236,0.09282200783491135,0.13800224661827087,0.025433773174881935,0.04823783040046692,0.05460727587342262,0.022356174886226654,0.12366854399442673,0.3706958293914795,0.023955387994647026,0.2242901623249054,0.35149097442626953,0.6761424541473389,0.32887035608291626,0.2964944839477539,0.23559139668941498,0.13898546993732452,0.14715977013111115,0.051942672580480576,0.06558140367269516,0.026559915393590927,0.022038517519831657,0.029218945652246475,0.025377552956342697,0.027766728773713112
8,0,57.40027270317078,0.9314996600151062,0.936153769493103,1.1102687120437622,0.9841923713684082,0.9871573448181152,2.9675469398498535,2.593202590942383,2.1795406341552734,2.099912405014038,2.5170397758483887,2.1864538192749023,0.616778552532196,0.6860069632530212,2.6988542079925537,1.0601969957351685,2.4287352561950684,1.7922979593276978,4.696497917175293,1.948938250541687,4.003620624542236,4.347840785980225,2.8470137119293213,1.8310189247131348,0.9129559993743896,0.7218964695930481,2.4774954319000244,1.233397126197815,4.301379680633545,1.5279865264892578,1.7338107824325562
8,1,9.486660612374544,0.9325060248374939,0.9552402496337891,1.1102687120437622,0.9748762249946594,0.9870739579200745,1.670640468597412,0.061668504029512405,0.08835951238870621,0.5446401238441467,0.15124765038490295,0.16452518105506897,0.028562098741531372,0.45035088062286377,0.09264238178730011,0.04225435107946396,0.058766454458236694,0.1713138371706009,1.1501318216323853,0.13217510282993317,0.6745537519454956,0.5940043330192566,0.10124761611223221,0.0912419855594635,0.6041713953018188,1.2908214330673218,0.17047390341758728,0.048365626484155655,0.041465144604444504,0.022003628313541412,0.04904039204120636
8,2,7.350287012010813,0.9246740341186523,0.9590279459953308,1.110762357711792,0.9747923016548157,0.9874956607818604,0.03921552374958992,0.07121658325195312,0.3770102560520172,0.021167637780308723,0.10317295044660568,0.24226808547973633,0.029113296419382095,0.26096752285957336,0.07918911427259445,0.07142550498247147,0.08446155488491058,0.3313854932785034,0.7744009494781494,1.3911577463150024,1.0762656927108765,0.20719842612743378,0.060763806104660034,0.1193012148141861,0.14867249131202698,0.07883132249116898,0.646561861038208,0.030332593247294426,0.037043746560811996,0.033702071756124496,0.04411110654473305
8,3,8.733342698961497,0.9256911873817444,0.9590554237365723,1.114946722984314,0.9794137477874756,0.9898170828819275,0.039515383541584015,0.2338399738073349,0.4782320261001587,0.019664471969008446,0.20051982998847961,0.17115633189678192,0.02968590147793293,0.43956464529037476,0.05102136731147766,0.11253553628921509,0.07103238254785538,0.07930198311805725,1.7977803945541382,1.2687439918518066,0.7188222408294678,0.39924493432044983,0.04670903459191322,0.09994107484817505,0.2710157632827759,0.06575064361095428,0.9993891716003418,0.037919774651527405,0.036018285900354385,0.03287622705101967,0.039276495575904846
8,4,8.421143139526247,0.9259055256843567,0.9493074417114258,1.1264536380767822,0.9810526371002197,0.9867888689041138,0.029521597549319267,0.14326728880405426,0.4168470799922943,0.02224089950323105,0.1676175594329834,0.11633563041687012,0.024397537112236023,0.1271660327911377,0.10281012207269669,0.09184152632951736,0.08008620887994766,0.14677196741104126,1.3925223350524902,0.9146631360054016,1.1545329093933105,0.3198908865451813,0.08117862045764923,0.10567214339971542,0.4002048373222351,0.07030723989009857,1.4057785272598267,0.022740604355931282,0.025040877982974052,0.03495890647172928,0.03084704279899597
8,5,8.191699116304516,0.9258883595466614,0.9474893808364868,1.123958945274353,0.980677604675293,0.9866220355033875,0.03242102637887001,0.16548486053943634,0.478268563747406,0.022885020822286606,0.13378527760505676,0.09733515232801437,0.021727070212364197,0.19080600142478943,0.28754666447639465,0.10911745578050613,0.12287430465221405,0.2635098993778229,1.2030068635940552,0.7446378469467163,0.9023193120956421,0.3356877565383911,0.06131250038743019,0.10517663508653641,0.5875111222267151,0.09799807518720627,1.1288821697235107,0.02373395673930645,0.023511061444878578,0.028023578226566315,0.0312096755951643
8,6,8.675073640421033,0.9295916557312012,0.9474828243255615,1.1261576414108276,0.9799231886863708,0.9865953326225281,0.031873300671577454,0.0528416782617569,0.5982239246368408,0.022966988384723663,0.08248104155063629,0.07858911901712418,0.026395924389362335,0.06463184207677841,0.31382039189338684,0.11048619449138641,0.21606750786304474,0.3152974545955658,1.3328771591186523,0.8489303588867188,0.9774162769317627,0.36996856331825256,0.05539051815867424,0.07003817707300186,0.6061781048774719,0.08503212779760361,1.3193804025650024,0.02448412962257862,0.02570045366883278,0.028227783739566803,0.023824088275432587
8,7,7.62171518355608,0.9298554062843323,0.9372344613075256,1.1239069700241089,0.9799298644065857,0.9880911707878113,0.028420932590961456,0.03507941588759422,0.8069139122962952,0.028616277500987053,0.08024316281080246,0.05769002065062523,0.023198004812002182,0.036773089319467545,0.34689515829086304,0.12813632190227509,0.15464848279953003,0.3361252546310425,1.2230767011642456,1.0751129388809204,1.1884528398513794,0.16864976286888123,0.0893632024526596,0.02684500254690647,0.11336624622344971,0.22430238127708435,0.3540700376033783,0.023312028497457504,0.030318493023514748,0.027246464043855667,0.02305547706782818
8,8,6.827174304425716,0.9302605390548706,0.9371998906135559,1.124048113822937,0.9800229668617249,0.9880298972129822,0.026498429477214813,0.022096531465649605,0.8232716917991638,0.02746162749826908,0.05943145975470543,0.05539339780807495,0.02059764415025711,0.08848004043102264,0.27512839436531067,0.15693899989128113,0.2131589651107788,0.38811126351356506,0.9933437705039978,1.324428677558899,0.7022263407707214,0.13593225181102753,0.12518328428268433,0.029027998447418213,0.08702096343040466,0.07561556994915009,0.10595008730888367,0.024178026244044304,0.024305885657668114,0.025416167452931404,0.0260645542293787
8,9,14.1643723834306,0.944122314453125,0.9371998906135559,1.1236740350723267,0.9879133701324463,0.9925835728645325,0.08917384594678879,0.1254700869321823,0.8633127212524414,0.055209290236234665,0.06223948299884796,0.19154977798461914,0.024944595992565155,0.18134580552577972,0.915273904800415,0.45073017477989197,0.11146946996450424,0.5091601014137268,2.3200976848602295,3.356468915939331,1.0141990184783936,0.9664561152458191,0.11994140595197678,0.051655709743499756,0.09677089750766754,0.096043162047863,0.41375184059143066,0.02568175457417965,1.0541249513626099,0.02749771624803543,0.04470531642436981
8,10,11.004857041686773,0.9438730478286743,0.9358929991722107,1.1140739917755127,0.9906905889511108,0.9876245260238647,0.10764443874359131,0.07412811368703842,0.6681442856788635,0.033525291830301285,0.20375294983386993,0.09851255267858505,0.023105468600988388,0.03352351114153862,0.8632577061653137,0.041825342923402786,0.04651347175240517,0.751067578792572,2.9922237396240234,0.9617307186126709,1.5042558908462524,0.38762688636779785,0.14932024478912354,0.03902667388319969,0.0340743325650692,0.11601564288139343,0.7545791864395142,0.02500869333744049,0.03675566241145134,0.027804143726825714,0.03700348362326622
8,11,10.70703237503767,0.9445794820785522,0.9358935356140137,1.1092264652252197,0.9907601475715637,0.9868603348731995,0.10474026203155518,0.08173473924398422,0.4226974546909332,0.026261119171977043,0.13597427308559418,0.09331440925598145,0.024253401905298233,0.03233347460627556,1.0340534448623657,0.04141870513558388,0.05813123285770416,0.7230597138404846,2.952186107635498,0.7068902850151062,1.363113522529602,0.5343241095542908,0.0891939252614975,0.04528144374489784,0.08075886964797974,0.04406628757715225,0.9864689111709595,0.026158709079027176,0.04397992044687271,0.02739548496901989,0.03577857464551926
8,12,10.123325080424546,0.9557185769081116,0.9358934760093689,1.110744595527649,0.9871861338615417,0.9876278042793274,0.11164674162864685,0.051520783454179764,0.6127509474754333,0.026904676109552383,0.1698904186487198,0.176503524184227,0.026067519560456276,0.18191395699977875,0.7956074476242065,0.037399180233478546,0.030690275132656097,0.7402101159095764,2.9989686012268066,0.44523441791534424,1.4071388244628906,0.6159431338310242,0.11311425268650055,0.04569471254944801,0.09006988257169724,0.022484375163912773,0.29031458497047424,0.0323459655046463,0.0451793372631073,0.028049062937498093,0.032248225063085556
8,13,13.486791956052183,0.9410380125045776,0.9358825087547302,1.1101096868515015,0.9914401173591614,0.9876883029937744,0.05876381695270538,0.051908764988183975,0.4171842336654663,0.024614745751023293,0.18307365477085114,0.44452357292175293,0.04402508586645126,0.14393198490142822,0.8529934287071228,0.044378891587257385,0.05520942062139511,0.6952683329582214,2.9999659061431885,0.5266209244728088,4.587832927703857,0.6297383904457092,0.06283469498157501,0.14925536513328552,0.04288468137383461,0.025521406903862953,0.3151029646396637,0.028525618836283684,0.04169340059161186,0.025923196226358414,0.04178481921553612
8,14,12.508432228118181,0.938521683216095,0.9358823895454407,1.1061896085739136,0.9891740679740906,0.9871914386749268,0.060962431132793427,0.07629123330116272,0.4753419756889343,0.022006386891007423,0.1907443106174469,0.45147401094436646,0.037983238697052,0.14588890969753265,0.9685667157173157,0.03715937212109566,0.07800232619047165,0.6893458366394043,3.541459798812866,0.820697546005249,2.5793144702911377,0.5809557437896729,0.08909748494625092,0.13208605349063873,0.04910474643111229,0.03740524873137474,0.3200456500053406,0.02768927812576294,0.039410486817359924,0.025446830317378044,0.04056030511856079
9,0,57.0274601817131,0.933668315410614,0.9388261437416077,1.1094073057174683,0.9844134449958801,0.990993082523346,2.6150200366973877,1.4685715436935425,2.2246956825256348,2.6645381450653076,2.9118666648864746,2.1743948459625244,0.5035886764526367,1.3342000246047974,2.52252197265625,0.9157652854919434,2.353956937789917,1.8039823770523071,5.077512264251709,2.3589353561401367,3.5623457431793213,3.7721946239471436,2.9167866706848145,2.0427613258361816,0.8835054039955139,0.6553748846054077,2.77510404586792,1.152256727218628,4.869219779968262,1.0620237588882446,1.4148757457733154
9,1,8.131025299802422,0.9399078488349915,0.9388261437416077,1.1244349479675293,0.9823539853096008,0.9870883226394653,0.0534081906080246,0.13516709208488464,0.12981030344963074,0.06411337107419968,0.045586541295051575,0.20293284952640533,0.07748708128929138,0.09174177050590515,1.483872413635254,0.1447978913784027,0.034069690853357315,0.18390442430973053,0.5292975902557373,0.3577151298522949,0.28993627429008484,0.1683661937713623,0.2772332727909088,0.02774992771446705,0.046878933906555176,0.1380186229944229,0.15668684244155884,0.6847147941589355,1.7520486116409302,0.026303913444280624,0.034661322832107544
9,2,8.497713899984955,0.9337706565856934,0.9388261437416077,1.1023509502410889,0.9782249927520752,0.9869979619979858,0.038285255432128906,0.07072903960943222,0.18225516378879547,0.09252212941646576,0.06954094022512436,0.6496995091438293,0.03545650094747543,0.15784567594528198,0.5930153727531433,0.1147950142621994,0.03515658155083656,0.523637056350708,0.44109466671943665,0.2460625022649765,0.7323769927024841,0.1986645758152008,0.5218546986579895,0.18454493582248688,0.18452851474285126,0.15407952666282654,0.17359033226966858,0.7274107336997986,1.319059133529663,0.026039211079478264,0.03743569552898407
9,3,8.222972410172224,0.9383793473243713,0.9388261437416077,1.1078855991363525,0.9799883961677551,0.9874595999717712,0.04746361821889877,0.07811089605093002,0.07813840359449387,0.07246305048465729,0.19363060593605042,0.1453748196363449,0.03092251531779766,0.029570773243904114,0.46492496132850647,0.07350355386734009,0.07374486327171326,0.3472459316253662,0.56026291847229,0.4033818542957306,0.8064102530479431,0.4043288230895996,0.7123085260391235,0.16164278984069824,0.11855584383010864,0.11081109941005707,0.18856127560138702,0.714252769947052,1.361884593963623,0.029336342588067055,0.02563351020216942
9,4,9.485294377431273,0.9346199631690979,0.9462162256240845,1.1043401956558228,0.9825091361999512,0.9871630668640137,0.030427847057580948,0.2215752750635147,0.3567385971546173,0.025922609493136406,0.1687919944524765,0.34191128611564636,0.047469355165958405,0.02738173119723797,0.4179195761680603,0.10725110024213791,0.03835334628820419,0.5821990370750427,0.7732614874839783,1.8183621168136597,1.6413365602493286,0.23448871076107025,0.8089640140533447,0.07266437262296677,0.09513960778713226,0.19611337780952454,0.387357234954834,0.023524031043052673,0.022083474323153496,0.028072424232959747,0.02701549232006073
9,5,8.159672532603144,0.9353307485580444,0.9462131261825562,1.1070561408996582,0.9848906397819519,0.9880383014678955,0.032542429864406586,0.028980465605854988,0.14411242306232452,0.028062786906957626,0.06935123354196548,0.4515645503997803,0.046758901327848434,0.03240625560283661,0.3465424180030823,0.028812652453780174,0.09531140327453613,0.7065216302871704,0.5195109844207764,1.671923041343689,0.8161445260047913,0.2684679627418518,0.8320046663284302,0.031209737062454224,0.1253531575202942,0.41514942049980164,0.37612080574035645,0.024665599688887596,0.024159463122487068,0.024045806378126144,0.02764442004263401
9,6,6.842387848719954,0.9353399276733398,0.9434560537338257,1.1075022220611572,0.9850273728370667,0.9874434471130371,0.030326927080750465,0.03544517606496811,0.20364417135715485,0.024049922823905945,0.18629778921604156,0.11819341778755188,0.04876013100147247,0.046934280544519424,0.3353126347064972,0.03144512325525284,0.06546612828969955,0.878578782081604,0.4806872606277466,0.8727919459342957,0.7027548551559448,0.2127549946308136,0.7117133736610413,0.03710630163550377,0.07043133676052094,0.21005131304264069,0.4470342993736267,0.02421322464942932,0.02788276970386505,0.02372974343597889,0.02502814121544361
9,7,7.431999628990889,0.9401258826255798,0.9363148808479309,1.1087980270385742,0.9813326597213745,0.9874576926231384,0.027547357603907585,0.04403519257903099,0.08948364108800888,0.023416101932525635,0.24042358994483948,0.09708762168884277,0.05418096110224724,0.0634048581123352,0.48584696650505066,0.027037959545850754,0.04408228397369385,0.7870159149169922,0.5109255313873291,1.1753711700439453,0.5838190913200378,0.39271068572998047,0.913108766078949,0.06507425010204315,0.03502548858523369,0.16866976022720337,0.5111842751502991,0.02420210838317871,0.025303684175014496,0.02828960120677948,0.023946939036250114
9,8,7.352267148718238,0.9399322867393494,0.9358809590339661,1.109895944595337,0.9805277585983276,0.9869564771652222,0.027745479717850685,0.033457692712545395,0.10949117690324783,0.021192800253629684,0.33277812600135803,0.12011950463056564,0.04702114686369896,0.062395405024290085,0.38436564803123474,0.028446640819311142,0.03873487561941147,0.798906147480011,0.405122309923172,1.309303641319275,0.542513906955719,0.3521978259086609,0.9840236902236938,0.04571014270186424,0.037753455340862274,0.06804382801055908,0.5015027523040771,0.02614615671336651,0.028813233599066734,0.02742355689406395,0.028419319540262222
9,9,4.822294854745269,0.9378321766853333,0.9359391331672668,1.1099339723587036,0.9795594215393066,0.9871179461479187,0.023954041302204132,0.035560376942157745,0.05409683287143707,0.0230372603982687,0.4217383861541748,0.1087808907032013,0.049759574234485626,0.05995415151119232,0.23136278986930847,0.03635568544268608,0.04678097739815712,0.7710523009300232,0.31659165024757385,0.40917131304740906,0.32898759841918945,0.20262068510055542,0.40608423948287964,0.04723021760582924,0.026309331879019737,0.04436871036887169,0.08541472256183624,0.025622062385082245,0.02366197295486927,0.02845943346619606,0.025263119488954544
9,10,4.266683921962977,0.9375457167625427,0.936042308807373,1.1105753183364868,0.9809592366218567,0.9867613315582275,0.028578799217939377,0.03504924476146698,0.06949545443058014,0.02507130056619644,0.41310322284698486,0.13861657679080963,0.028463605791330338,0.06234311684966087,0.1422700434923172,0.0426437072455883,0.05913723632693291,0.3365389108657837,0.2576093375682831,0.34383028745651245,0.3124525845050812,0.19088439643383026,0.40700238943099976,0.049644988030195236,0.02714386023581028,0.07685761898756027,0.12024237215518951,0.025142483413219452,0.030848903581500053,0.02831851877272129,0.025018179789185524
9,11,4.39475987739861,0.9364825487136841,0.936039388179779,1.1102068424224854,0.9817980527877808,0.9868736863136292,0.025183137506246567,0.033275339752435684,0.0703069269657135,0.024471484124660492,0.39703819155693054,0.2866705060005188,0.03236478194594383,0.0779498964548111,0.15059423446655273,0.03795218840241432,0.07081097364425659,0.37934136390686035,0.2779279053211212,0.33132272958755493,0.22988317906856537,0.15999291837215424,0.4415503740310669,0.05508551001548767,0.027292700484395027,0.06321048736572266,0.12435657531023026,0.024781260639429092,0.028821073472499847,0.02886314131319523,0.025432894006371498
9,12,4.53480784073472,0.9350981712341309,0.9361018538475037,1.110223412513733,0.9820764660835266,0.9868156313896179,0.028732357546687126,0.03829953819513321,0.07874757051467896,0.024879245087504387,0.4012815058231354,0.3010752499103546,0.036282774060964584,0.0789128765463829,0.11491245031356812,0.0393202006816864,0.07894404232501984,0.3258451223373413,0.2954345643520355,0.37780997157096863,0.3271876275539398,0.221006840467453,0.3974526524543762,0.031949158757925034,0.02609296515583992,0.07059944421052933,0.13987493515014648,0.028298618271946907,0.028318367898464203,0.02580184116959572,0.027684813365340233
9,13,4.7404752291738985,0.9329702258110046,0.9358814358711243,1.1112228631973267,0.9822074770927429,0.9869946837425232,0.02573895826935768,0.03874703496694565,0.07875887304544449,0.02271149307489395,0.4090135097503662,0.3184972107410431,0.029281560331583023,0.07057851552963257,0.10767188668251038,0.0850691944360733,0.07742796838283539,0.6234485507011414,0.24517977237701416,0.4022664725780487,0.39652514457702637,0.17811748385429382,0.28878623247146606,0.03997044265270233,0.03415193781256676,0.05217377841472626,0.12109143286943436,0.02467268519103527,0.027831031009554863,0.027290115132927895,0.02561860717833042
9,14,4.724270284920931,0.9330872893333435,0.9358828067779541,1.111743688583374,0.981928825378418,0.9868547320365906,0.02404054068028927,0.033807720988988876,0.08394300937652588,0.02406338043510914,0.4807601273059845,0.36481773853302,0.030324256047606468,0.051419053226709366,0.13648924231529236,0.09310022741556168,0.032498475164175034,0.37212756276130676,0.2862148582935333,0.40252041816711426,0.4558364450931549,0.21255283057689667,0.26345109939575195,0.03484773263335228,0.02799009345471859,0.07076644897460938,0.14946022629737854,0.024407794699072838,0.03200343996286392,0.022477220743894577,0.02445087395608425
9,15,4.341658484935761,0.933035135269165,0.9358828067779541,1.1118967533111572,0.9826521873474121,0.9868711829185486,0.024769386276602745,0.029280003160238266,0.08151347935199738,0.02278038114309311,0.49043720960617065,0.3115169405937195,0.03131704777479172,0.04912896826863289,0.1296606957912445,0.08490250259637833,0.029390854761004448,0.3496255576610565,0.17982187867164612,0.34621912240982056,0.49104103446006775,0.206541046500206,0.1100868359208107,0.039206262677907944,0.03513063117861748,0.07851199060678482,0.12358948588371277,0.02893451228737831,0.027493445202708244,0.023414332419633865,0.0272772666066885
9,16,4.5070359371602535,0.9338744282722473,0.9361475110054016,1.1101272106170654,0.9829244613647461,0.986823320388794,0.02350732870399952,0.04084401577711105,0.11523411422967911,0.023968374356627464,0.4558355212211609,0.270964115858078,0.039117276668548584,0.047571711242198944,0.11797744035720825,0.06934509426355362,0.04234238341450691,0.28573647141456604,0.2513108551502228,0.5085736513137817,0.643140971660614,0.15216661989688873,0.09085346758365631,0.04343365505337715,0.026072710752487183,0.0650029107928276,0.10199683904647827,0.02418789267539978,0.02694118767976761,0.022807540372014046,0.028124401345849037
10,0,58.0627223610878,0.9314996600151062,0.936153769493103,1.1102687120437622,0.9841923713684082,0.9871573448181152,3.2285234928131104,1.511706829071045,2.371774911880493,3.342604398727417,2.286215305328369,2.1575944423675537,0.8046975135803223,1.29901123046875,3.0140879154205322,0.8582014441490173,2.7699012756347656,1.4499274492263794,4.0063090324401855,2.0102508068084717,3.5995993614196777,4.847387790679932,2.71151065826416,1.9670310020446777,0.6743138432502747,0.6282302141189575,2.6433651447296143,1.3640923500061035,5.011690616607666,1.480747938156128,1.0340930223464966
10,1,10.068070314452052,0.9411407709121704,0.936153769493103,1.1019699573516846,0.9871436357498169,0.9873217940330505,0.028157390654087067,0.07369706779718399,0.115363709628582,0.02509731613099575,0.024225065484642982,0.05848197638988495,0.024816442281007767,0.15601904690265656,0.6014129519462585,0.06765259057283401,0.16330373287200928,0.1690346747636795,0.18545275926589966,1.759111762046814,0.2810685634613037,0.18711400032043457,0.17344442009925842,0.1366848200559616,0.19643545150756836,0.3618648052215576,0.07226214557886124,1.1641584634780884,2.9901010990142822,0.025693634524941444,0.036670438945293427
10,2,10.323339029401541,0.9383175373077393,0.936153769493103,1.1050845384597778,0.9825712442398071,0.9872857928276062,0.02957216650247574,0.03079766407608986,0.3322577178478241,0.02344447746872902,0.02612324431538582,0.08495579659938812,0.024433868005871773,0.28766658902168274,0.5481141805648804,0.0550285279750824,0.18023985624313354,0.6839640140533447,0.823307991027832,0.22962214052677155,0.3689815402030945,0.1820075511932373,0.15104056894779205,0.08707743883132935,0.2501432001590729,0.9907987713813782,0.10897200554609299,1.1695088148117065,2.602844715118408,0.02247040532529354,0.040083207190036774
10,3,8.382556829228998,0.9439253211021423,0.935920774936676,1.105056881904602,0.9800445437431335,0.9867236614227295,0.032948002219200134,0.028161432594060898,0.2710098922252655,0.02292400225996971,0.03644551709294319,0.12689587473869324,0.026423558592796326,0.09005465358495712,0.4242764115333557,0.06299374997615814,0.2996360659599304,0.6214948892593384,1.209132432937622,0.8126490116119385,0.784462571144104,0.5570784211158752,0.42003190517425537,0.08542495965957642,0.3166295886039734,0.829993486404419,0.15686637163162231,0.02560526877641678,0.08690360188484192,0.025843186303973198,0.03833773732185364
10,4,12.242982234433294,0.9586696028709412,0.9362204074859619,1.1031749248504639,0.9844433665275574,0.9878188371658325,0.028743725270032883,0.04996371641755104,0.24561254680156708,0.025890659540891647,0.023640427738428116,0.04075367748737335,0.025369692593812943,0.06333832442760468,0.42434030771255493,0.15462829172611237,0.23660609126091003,3.6216440200805664,1.7261483669281006,0.8882856369018555,1.1562864780426025,0.37413814663887024,0.4960854649543762,0.029746897518634796,0.5796922445297241,0.902276873588562,0.049362726509571075,0.02277207188308239,0.02800828218460083,0.02221469208598137,0.03336744382977486
10,5,10.874301899969577,0.9540601372718811,0.9362170696258545,1.1051948070526123,0.9816796779632568,0.9870489239692688,0.03009617142379284,0.05618174746632576,0.3624245524406433,0.02530442178249359,0.025863708928227425,0.07403480261564255,0.024727713316679,0.04757179319858551,0.4424308240413666,0.16702908277511597,0.2745606005191803,2.779823064804077,1.6200978755950928,1.1028341054916382,0.7960984110832214,0.37221747636795044,0.5996264815330505,0.03718140348792076,0.3874911367893219,0.48162776231765747,0.05799535661935806,0.025256222113966942,0.03444812819361687,0.027422163635492325,0.02911677025258541
10,6,8.72541616000235,0.9541403651237488,0.9358831644058228,1.1076345443725586,0.9818943738937378,0.9867581725120544,0.03172740712761879,0.055486395955085754,0.23360970616340637,0.022781290113925934,0.024564575403928757,0.12051235884428024,0.026524115353822708,0.04369916021823883,0.12964299321174622,0.16509567201137543,0.1712864339351654,2.0462796688079834,1.001923680305481,1.5629640817642212,0.382137268781662,0.42026999592781067,0.5356155633926392,0.04315316304564476,0.15861298143863678,0.3323979377746582,0.11020772159099579,0.02610519528388977,0.0341205969452858,0.023969057947397232,0.029467014595866203
10,7,7.836730633303523,0.9485756158828735,0.9364363551139832,1.1070849895477295,0.9845712780952454,0.9870079755783081,0.025031056255102158,0.04857281967997551,0.2118060439825058,0.02664932608604431,0.027187205851078033,0.08176009356975555,0.02384028770029545,0.04666760191321373,0.4108331799507141,0.13557270169258118,0.15890084207057953,0.7706536054611206,1.0071419477462769,1.5165513753890991,0.46547022461891174,0.4631868302822113,0.5022409558296204,0.03207060322165489,0.1890125721693039,0.4578758478164673,0.12573204934597015,0.024284077808260918,0.03249720111489296,0.02612314559519291,0.03433379530906677
10,8,8.560197719559074,0.9462961554527283,0.9364482760429382,1.1084303855895996,0.982607901096344,0.9872557520866394,0.027660347521305084,0.06415268033742905,0.5370967388153076,0.02338961511850357,0.029936669394373894,0.10854588449001312,0.027358392253518105,0.05232688784599304,0.5389496088027954,0.13466808199882507,0.1631760597229004,0.636317253112793,1.1877583265304565,1.6534297466278076,0.4382094442844391,0.4576948583126068,0.5131368041038513,0.03527623414993286,0.2237004041671753,0.47987931966781616,0.11737947165966034,0.024334486573934555,0.03036952018737793,0.024810558184981346,0.03843263164162636
10,9,8.933099770918489,0.947763204574585,0.9364480972290039,1.1079307794570923,0.9855974912643433,0.9870635867118835,0.028521724045276642,0.07667343318462372,0.5355941653251648,0.023952312767505646,0.03797491639852524,0.10876905918121338,0.02461398020386696,0.04989422485232353,0.4810398519039154,0.14098422229290009,0.17573410272598267,0.9423312544822693,1.3681367635726929,1.3085476160049438,0.36425352096557617,0.6008902192115784,0.6555485129356384,0.023147450760006905,0.26345083117485046,0.48745739459991455,0.12495892494916916,0.01979486458003521,0.03590495139360428,0.024723583832383156,0.03724125772714615
10,10,7.976633739098906,0.9450231194496155,0.9363573789596558,1.1078704595565796,0.9839571714401245,0.9874807000160217,0.02652365155518055,0.08808082342147827,0.5777398943901062,0.023205863311886787,0.0337020568549633,0.09929828345775604,0.02087954245507717,0.03781645745038986,0.37562769651412964,0.1005067452788353,0.13253988325595856,0.946699321269989,1.1697676181793213,1.3342177867889404,0.25563275814056396,0.5382531881332397,0.46553459763526917,0.03293712064623833,0.03653230145573616,0.3371155858039856,0.23983930051326752,0.021080780774354935,0.030426761135458946,0.022546546533703804,0.03799140825867653
10,11,8.311533416435122,0.9442632794380188,0.936365008354187,1.1068099737167358,0.9827592372894287,0.9872162342071533,0.027885498479008675,0.08233843743801117,0.33936944603919983,0.023828232660889626,0.029155494645237923,0.11987312883138657,0.023858817294239998,0.027868172153830528,0.36110514402389526,0.09857545047998428,0.12673181295394897,0.7134556770324707,0.9595491290092468,1.7968127727508545,0.3572786748409271,0.6170042753219604,0.7421336770057678,0.03686124458909035,0.04725256189703941,0.3517400324344635,0.32688018679618835,0.02373873069882393,0.030220579355955124,0.02370748296380043,0.0328260101377964
10,12,8.613823721557855,0.9418761134147644,0.936365008354187,1.1089507341384888,0.983220100402832,0.9875180721282959,0.025345981121063232,0.08405449241399765,0.5104283094406128,0.022306328639388084,0.03207600861787796,0.12681956589221954,0.023746009916067123,0.03287331387400627,0.4330320954322815,0.10182707756757736,0.11533962190151215,0.39933350682258606,1.1355353593826294,1.8600398302078247,0.3657801151275635,0.7717390656471252,0.7471963763237,0.03872319683432579,0.04795316979289055,0.3100114166736603,0.3269478380680084,0.025611141696572304,0.02953130006790161,0.027182288467884064,0.02880430594086647
10,13,7.907413234934211,0.9425317645072937,0.9358815550804138,1.1081234216690063,0.9852785468101501,0.9874598383903503,0.027616864070296288,0.0815185084939003,0.6246457099914551,0.022394360974431038,0.037624236196279526,0.1293792873620987,0.023075664415955544,0.035085637122392654,0.4167269170284271,0.09434277564287186,0.09732062369585037,0.531696081161499,0.9543201923370361,1.7834323644638062,0.34117767214775085,0.4869355261325836,0.41590622067451477,0.03605813533067703,0.06060081720352173,0.28799909353256226,0.31150609254837036,0.024450762197375298,0.028695836663246155,0.030254466459155083,0.03279436379671097
