dpo_loss,reward,cov_bonus,score,target,value,episode,step
0.69140625,16.324492275714874,1.5885211572598064,17.91301343297468,X2,1.5,0,0
0.69140625,14.956145167350769,1.4381410884411565,16.394286255791926,X2,1.5,1,0
0.69140625,-1.5,0.0465321513185227,100.0,X10,-0.44991632660856684,1,4
0.51171875,-1.5,0.0498290613927371,100.0,X10,0.5576832340561824,1,5
0.51171875,-1.5,0.043765064586101,100.0,X10,0.42195201374274216,1,6
0.37109375,-1.5,0.04030205695367903,100.0,X10,-3.425672720605167,1,7
0.18359375,-1.5,0.039514008137763075,100.0,X10,-2.647961049990688,1,8
0.18359375,6.017127215862274,1.440165610012117,100.0,X10,2.1619180078941476,2,0
0.126953125,-1.5,0.04024876090161746,100.0,X10,1.116777657259501,2,4
0.126953125,13.682193040847778,1.40083798724753,100.0,X10,1.3423795888507968,3,0
0.039794921875,-1.5,0.2783293464235635,100.0,X10,-4.247561399262329,3,3
0.027099609375,10.108478546142578,1.4405947182923358,100.0,X10,4.298810156936744,4,0
0.01214599609375,-1.5,0.4121609949578415,100.0,X10,3.5859325133778164,4,3
0.00164794921875,-1.5,0.05241064505610899,100.0,X10,0.3621573247872192,4,6
0.69140625,24.03627920150757,1.6324674712763105,34.927373215739,X2,1.5,5,0
0.0005035400390625,-1.5,1.3348209759231218,100.0,X10,2.419500778394765,5,2
0.000148773193359375,-1.5,0.032437994183463346,100.0,X10,4.40363670730183,5,5
4.5299530029296875e-05,-1.5,0.025484421460568892,100.0,X10,2.9602476012678025,5,8
0.69140625,7.912246763706207,1.406039868843662,18.634582247878548,X2,1.5,6,0
2.014636993408203e-05,0.0,0.9386486708493001,10.9386486708493,X2,-4.6359,6,2
1.7881393432617188e-05,0.0,0.08008828835809671,100.0,X10,-4.944551818619683,6,3
6.628036499023438e-05,0.0,0.041247632419300476,10.041247632419301,X2,-4.1206,6,4
1.8775463104248047e-06,0.0,0.041654881152364924,10.041654881152365,X2,-2.7177,6,5
7.37607479095459e-07,0.0,0.035575347367581694,100.0,X10,2.192739612759671,6,6
1.8775463104248047e-06,0.0,0.030157921529894535,10.030157921529895,X2,-1.2817,6,7
4.231929779052734e-06,0.0,0.029619926164795297,10.029619926164795,X2,-2.3935,6,8
2.4139881134033203e-06,0.0,1.265050092657882,100.0,X10,-3.616259384838443,7,0
1.3828277587890625e-05,0.0,1.4132842110813284,11.41328421108133,X2,-2.962,7,1
4.231929779052734e-06,0.0,0.6482186347364154,10.648218634736416,X2,-2.0796,7,2
6.139278411865234e-06,0.0,0.2664265290611384,10.266426529061139,X2,-3.2412,7,3
5.066394805908203e-07,0.0,0.03539594741285781,100.0,X10,-2.7946130567618113,7,4
6.628036499023438e-05,0.0,0.029348317392831544,10.02934831739283,X2,-1.6043,7,5
4.231929779052734e-06,0.0,0.040334204427842205,10.040334204427841,X2,-4.8652,7,6
0.00029754638671875,14.310937225818634,1.2384619598815934,100.0,X10,-1.2089613581186045,8,0
0.00075531005859375,0.0,0.677044067593926,10.677044067593926,X2,-1.24,8,1
0.000335693359375,0.0,0.1993716366380334,10.199371636638034,X2,-0.0005,8,2
3.2782554626464844e-07,0.0,0.0834194650716659,100.0,X10,-4.796199826796677,8,3
6.139278411865234e-06,0.0,0.0626484188762994,10.0626484188763,X2,-3.9102,8,4
5.3085386753082275e-08,0.0,0.04785875904258505,10.047858759042585,X2,-4.4273,8,5
3.688037395477295e-07,0.0,0.045928910822653,10.045928910822653,X2,-1.6133,8,6
1.6614794731140137e-06,0.0,0.05258354061229175,100.0,X10,2.7248088495122404,8,7
5.699694156646729e-07,0.0,0.04370920350245526,10.043709203502456,X2,-1.0868,8,8
5.699694156646729e-07,0.0,0.04101167061915737,10.041011670619158,X2,-0.7521,8,9
5.066394805908203e-07,0.0,0.03580990479769434,100.0,X10,2.337953040133919,8,10
2.5331974029541016e-07,0.0,0.03494409155918552,10.034944091559186,X2,-2.5825,8,11
2.2118911147117615e-08,0.0,0.036241426642140036,10.03624142664214,X2,-4.5667,8,12
1.5459954738616943e-07,0.0,0.034371853241964144,100.0,X10,-3.181601428423082,8,13
7.729977369308472e-08,0.0,0.035391914587124346,10.035391914587125,X2,-1.4941,8,14
7.729977369308472e-08,0.0,0.03183792906980315,10.031837929069804,X2,-2.5571,8,15
2.726912498474121e-06,0.0,0.031181901397426832,10.031181901397426,X2,0.4653,8,16
5.066394805908203e-07,0.0,0.028261401502033028,100.0,X10,2.459354367136096,8,17
1.2069940567016602e-06,0.0,0.029793220259949484,10.029793220259949,X2,0.6033,8,18
8.940696716308594e-06,0.0,0.02831062661368,10.02831062661368,X2,1.0819,8,19
2.0954757928848267e-08,0.0,0.02638638315239504,100.0,X10,-2.725168365174453,8,20
1.525040715932846e-08,0.0,0.027502239945771327,10.027502239945772,X2,-0.1285,8,21
1.525040715932846e-08,0.0,0.025710183894488235,10.025710183894489,X2,-0.6364,8,22
1.437729224562645e-08,0.0,0.025376794270991997,100.0,X10,3.221156452994304,8,23
3.688037395477295e-07,0.0,0.02514849083511108,10.025148490835111,X2,0.746,8,24
3.123283386230469e-05,0.0,2.879345555896053,12.879345555896053,X2,4.3008,9,1
1.5459954738616943e-07,0.0,0.08411063229335182,100.0,X10,-2.88974804694607,9,2
5.3085386753082275e-08,0.0,0.0683977813142281,10.068397781314228,X2,-4.9866,9,3
3.688037395477295e-07,0.0,0.04692116083159616,10.046921160831596,X2,3.5149,9,4
5.995389074087143e-09,0.0,0.043407744814187015,100.0,X10,-0.7486103389578833,9,5
1.6391277313232422e-07,0.0,0.04436551203508237,10.044365512035082,X2,-4.643,9,6
3.688037395477295e-07,0.0,0.04063484985353938,10.04063484985354,X2,0.6218,9,7
4.132743924856186e-09,-2.0,0.039225328979587734,100.0,X10,-0.6797133583922745,9,8
1.126900315284729e-07,0.0,0.03642526616819324,10.036425266168193,X2,4.1798,9,9
2.5331974029541016e-07,0.0,0.033224400170843604,10.033224400170843,X2,-4.7988,9,10
5.3085386753082275e-08,0.0,0.032354580220247044,10.032354580220247,X2,2.9266,9,11
5.453824996948242e-06,0.0,0.030821435835884634,100.0,X10,-1.701963364210346,9,12
8.940696716308594e-06,0.0,0.029006351986742278,10.029006351986743,X2,2.7505,9,13
7.729977369308472e-08,0.0,1.345215744472168,11.345215744472167,X2,-2.427,10,0
3.2782554626464844e-07,0.0,2.549160900243468,100.0,X10,1.2540874214500892,10,1
6.139278411865234e-06,0.0,0.12504143900834588,10.125041439008346,X2,2.1906,10,2
5.699694156646729e-07,0.0,0.060878559441946305,10.060878559441946,X2,-4.2081,10,3
3.050081431865692e-08,0.0,0.03618064355850725,100.0,X10,3.3214317376890126,10,4
5.3085386753082275e-08,0.0,0.03305764989456582,10.033057649894566,X2,4.1736,10,5
3.213062882423401e-08,0.0,0.02956405301039054,10.029564053010391,X2,-2.4588,10,6
7.729977369308472e-08,0.0,0.026861759119113364,10.026861759119113,X2,4.6712,10,7
5.066394805908203e-07,0.0,1.251773908724728,100.0,X10,-3.514045816172109,11,0
2.2118911147117615e-08,0.0,1.4603425554674951,11.460342555467495,X2,-2.7233,11,1
5.066394805908203e-07,0.0,0.07549537571209955,100.0,X10,4.80818138659785,11,3
1.126900315284729e-07,0.0,0.055127593022325214,10.055127593022325,X2,-0.6515,11,4
1.2069940567016602e-06,0.0,0.04890962248295014,10.04890962248295,X2,-2.9501,11,5
2.0954757928848267e-08,0.0,0.040937631774861406,100.0,X10,3.5176529235069136,11,6
1.126900315284729e-07,0.0,0.03036563654781279,10.030365636547813,X2,3.5936,11,7
7.729977369308472e-08,0.0,0.03129608772538603,10.031296087725385,X2,-0.3954,11,8
1.6391277313232422e-07,0.0,0.02841186611604357,10.028411866116043,X2,-0.6371,11,9
4.423782229423523e-08,0.0,0.02650470520206924,100.0,X10,-3.5443020430060157,11,10
8.307397365570068e-07,0.0,0.02633842987822119,10.026338429878221,X2,-4.6052,11,11
8.307397365570068e-07,0.0,0.027326153746910706,10.02732615374691,X2,2.3057,11,12
1.437729224562645e-08,0.0,0.025914984490479184,100.0,X10,-0.5827021639618559,11,13
3.123283386230469e-05,0.0,0.02485379492233889,10.02485379492234,X2,1.2505,11,14
5.699694156646729e-07,0.0,0.023692624663529983,10.02369262466353,X2,-2.1404,11,15
5.066394805908203e-07,0.0,0.0250619287360029,100.0,X10,1.8579949273401208,11,16
2.726912498474121e-06,0.0,0.023951583837827802,10.023951583837828,X2,4.5208,11,17
7.729977369308472e-08,0.0,0.02355002284796464,10.023550022847965,X2,-1.8955,11,18
4.231929779052734e-06,0.0,0.0221260716377653,10.022126071637766,X2,-0.483,11,19
1.1399388313293457e-06,0.0,0.020543905376500818,100.0,X10,2.474808649383715,11,20
3.213062882423401e-08,0.0,0.021438086604891743,10.021438086604892,X2,-2.3457,11,21
1.8775463104248047e-06,0.0,0.021463333817150213,10.02146333381715,X2,4.0324,11,22
3.2782554626464844e-07,0.0,0.02186740537516492,100.0,X10,2.242167120755182,11,23
1.126900315284729e-07,0.0,1.569976700197128,11.569976700197127,X2,-2.0772,12,0
3.2782554626464844e-07,0.0,2.5724874532243294,100.0,X10,4.1525590874315945,12,1
8.307397365570068e-07,0.0,0.1173713221652705,10.11737132216527,X2,-3.489,12,2
1.8775463104248047e-06,0.0,0.09467940048173416,10.094679400481734,X2,0.486,12,3
1.126900315284729e-07,0.0,0.03937958076700368,10.039379580767005,X2,4.7299,12,4
2.253800630569458e-07,0.0,0.03333132718455682,100.0,X10,4.515215253810595,12,5
1.3828277587890625e-05,0.0,0.026606265953508512,10.02660626595351,X2,-3.0093,12,7
2.0954757928848267e-08,0.0,1.7621369296214997,100.0,X10,-4.786425452636294,13,0
2.2118911147117615e-08,0.0,1.4624485812069532,11.462448581206953,X2,-4.6569,13,1
6.139278411865234e-06,0.0,0.8960819382680493,10.896081938268049,X2,0.7378,13,2
5.066394805908203e-07,0.0,0.08191550118306797,100.0,X10,1.6105764259731679,13,3
1.2069940567016602e-06,0.0,0.048492110693098986,10.048492110693099,X2,1.6189,13,4
3.213062882423401e-08,0.0,0.03630729770272179,10.036307297702722,X2,-2.6188,13,5
1.6391277313232422e-07,0.0,0.0323394583225551,10.032339458322555,X2,0.2168,13,6
5.995389074087143e-09,0.0,0.028520560047753704,100.0,X10,-0.9838274548743957,13,7
4.5299530029296875e-05,0.0,1.5300810883215272,11.530081088321527,X2,0.404,14,0
1.2069940567016602e-06,0.0,3.099617168258397,13.099617168258398,X2,1.6259,14,1
1.7881393432617188e-05,0.0,0.40651935844913706,100.0,X10,1.5091666488130535,14,2
1.2069940567016602e-06,0.0,0.10197816975807358,10.101978169758073,X2,1.1425,14,3
5.3085386753082275e-08,0.0,0.0397769823252612,10.039776982325261,X2,-1.6745,14,4
2.253800630569458e-07,-1.970275,0.029905582899518574,100.0,X10,2.387959984887157,14,5
2.5331974029541016e-07,0.0,0.03424825989350814,10.034248259893507,X2,1.6482,14,6
1.0477378964424133e-08,0.0,0.0253095801052299,10.02530958010523,X2,-1.3947,14,7
2.2118911147117615e-08,0.0,1.3893253034900488,11.389325303490049,X2,3.2837,15,0
4.423782229423523e-08,0.0,1.954483870485369,100.0,X10,3.4515516132835806,15,1
2.2118911147117615e-08,0.0,0.36004353386413346,10.360043533864133,X2,-4.8687,15,2
3.123283386230469e-05,0.0,0.061309341966401296,10.061309341966401,X2,1.5449,15,3
1.437729224562645e-08,0.0,0.04682159176828484,100.0,X10,-4.693429016190941,15,4
1.3828277587890625e-05,0.0,0.046069265426847264,10.046069265426848,X2,1.8503,15,5
2.726912498474121e-06,0.0,0.0383852589556812,10.038385258955682,X2,-4.213,15,6
4.423782229423523e-08,0.0,0.03624888991599601,100.0,X10,2.5494314366837063,15,7
2.5331974029541016e-07,0.0,0.03482416488956512,10.034824164889566,X2,2.4332,15,8
0.000335693359375,0.0,1.4557292046677126,11.455729204667712,X2,1.5071,16,0
7.729977369308472e-08,0.0,2.002626438796626,12.002626438796625,X2,-1.2649,16,1
6.426125764846802e-08,-1.998225,0.08531644743498724,100.0,X10,3.617643620225886,16,2
1.6391277313232422e-07,0.0,0.06290050011639807,10.062900500116399,X2,2.8788,16,3
2.9976945370435715e-09,0.0,0.038799349765096705,10.038799349765096,X2,-3.3762,16,4
5.995389074087143e-09,0.0,0.027800655028828815,100.0,X10,0.8887128830291191,16,5
1.126900315284729e-07,0.0,0.029813893242451282,10.029813893242451,X2,1.6653,16,6
5.3085386753082275e-08,0.0,0.022886679849391602,10.02288667984939,X2,-3.2531,16,7
1.0617077350616455e-07,0.0,1.4284632501647903,100.0,X10,2.6021529554689202,17,0
5.3085386753082275e-08,0.0,1.647069857571065,11.647069857571065,X2,3.7722,17,1
5.699694156646729e-07,0.0,0.5386748204337128,10.538674820433712,X2,-1.8774,17,2
0.00010251998901367188,0.0,0.051357895817685066,10.051357895817684,X2,1.5141,17,3
2.837623469531536e-09,0.0,0.034890715035743716,100.0,X10,-4.2326899882654505,17,4
3.213062882423401e-08,0.0,0.03180394802029046,10.03180394802029,X2,-2.6864,17,5
3.688037395477295e-07,0.0,0.029919236909467965,10.029919236909468,X2,3.2592,17,6
1.437729224562645e-08,0.0,1.479798423064457,100.0,X10,2.1431554916746265,18,0
5.699694156646729e-07,0.0,1.0077363858581332,11.007736385858133,X2,-2.8029,18,1
3.688037395477295e-07,0.0,0.10535509340614756,10.105355093406148,X2,1.6918,18,2
2.837623469531536e-09,0.0,0.03531297246062078,100.0,X10,2.237336550024618,18,3
5.3085386753082275e-08,0.0,0.03130222588210237,10.031302225882103,X2,-2.0863,18,4
5.3085386753082275e-08,0.0,0.024589222326638918,10.02458922232664,X2,2.9752,18,5
5.3085386753082275e-08,0.0,0.02320269497321411,10.023202694973214,X2,-1.6494,18,6
4.423782229423523e-08,0.0,1.5532087045642706,100.0,X10,-1.374023310179556,19,0
1.6391277313232422e-07,0.0,1.2350765968187347,11.235076596818734,X2,1.1327,19,1
1.0477378964424133e-08,0.0,0.48527155523835713,10.485271555238358,X2,-0.8244,19,2
8.731149137020111e-09,0.0,0.1289450579289165,100.0,X10,3.3134505668912553,19,3
1.0477378964424133e-08,0.0,0.056260420227236235,10.056260420227236,X2,-2.9457,19,4
3.213062882423401e-08,0.0,0.042349784878678416,10.04234978487868,X2,2.2446,19,5
1.437729224562645e-08,0.0,0.029996260137584947,100.0,X10,4.844397935315772,19,6
5.3085386753082275e-08,0.0,1.4885510097986294,11.488551009798629,X2,2.6373,20,0
0.00010251998901367188,0.0,2.0462388644999643,12.046238864499964,X2,-3.75,20,1
1.6391277313232422e-07,0.0,0.0643879355416656,10.064387935541665,X2,4.2295,20,2
8.731149137020111e-09,0.0,0.05490929807632159,100.0,X10,-0.625274398050192,20,3
1.0477378964424133e-08,0.0,0.03274821366526266,10.032748213665263,X2,-0.0274,20,5
1.0617077350616455e-07,0.0,0.029487648963661503,100.0,X10,-3.624004122741283,20,6
1.2069940567016602e-06,0.0,0.030644739080751993,10.030644739080753,X2,-4.306,20,7
3.213062882423401e-08,0.0,1.4017179600613956,11.401717960061395,X2,1.2796,21,0
3.2782554626464844e-07,0.0,2.2965632069430275,100.0,X10,-1.9884880541378003,21,1
1.2069940567016602e-06,0.0,0.09209728717167744,10.092097287171677,X2,-2.7144,21,2
7.729977369308472e-08,0.0,0.05424141349445553,10.054241413494456,X2,2.5769,21,3
1.0477378964424133e-08,0.0,0.031845087760667704,10.031845087760667,X2,-3.7972,21,4
4.132743924856186e-09,0.0,0.0319775444614202,100.0,X10,0.07327696579786647,21,5
2.5331974029541016e-07,0.0,0.030687139556910513,10.03068713955691,X2,2.3507,21,6
7.729977369308472e-08,0.0,0.031061543462431302,10.031061543462432,X2,3.9426,21,7
6.426125764846802e-08,0.0,1.4411991820436758,100.0,X10,-4.556643117047918,22,0
3.688037395477295e-07,0.0,1.4772077508629737,11.477207750862974,X2,-1.1043,22,1
5.3085386753082275e-08,0.0,0.22099733683137357,10.220997336831374,X2,-4.6845,22,2
1.0617077350616455e-07,-1.998225,0.15420081586120762,100.0,X10,4.333709799503973,22,3
2.5331974029541016e-07,0.0,0.05018808459478308,10.050188084594783,X2,1.2666,22,4
3.688037395477295e-07,0.0,0.04260164556479355,10.042601645564794,X2,4.329,22,5
1.525040715932846e-08,0.0,0.03918004430331133,10.039180044303311,X2,-1.2835,22,6
3.050081431865692e-08,0.0,0.031084615318337627,100.0,X10,0.19275853534941945,22,7
2.066371962428093e-09,0.0,0.030585799698395363,10.030585799698395,X2,-1.9877,22,8
2.726912498474121e-06,0.0,0.028974297175874773,10.028974297175875,X2,3.3046,22,9
1.1399388313293457e-06,-1.998225,0.02646943576743975,100.0,X10,3.700371750563921,22,10
2.2118911147117615e-08,0.0,0.028343281833433907,10.028343281833434,X2,-0.0999,22,11
2.2118911147117615e-08,0.0,1.4375517634689186,11.43755176346892,X2,-0.9945,23,0
4.423782229423523e-08,-1.998225,2.4771968031553344,100.0,X10,-4.327666369378912,23,1
2.2118911147117615e-08,0.0,0.1877454866260913,10.187745486626092,X2,-2.1638,23,2
1.126900315284729e-07,0.0,0.07660472849371841,10.076604728493718,X2,3.8154,23,3
2.726912498474121e-06,0.0,0.039417678765209116,10.03941767876521,X2,-3.7519,23,4
2.0954757928848267e-08,0.0,0.03716082350721059,100.0,X10,-2.3971022886009665,23,5
3.688037395477295e-07,0.0,0.03590750837859647,10.035907508378596,X2,4.5824,23,6
3.688037395477295e-07,0.0,0.035214224274374574,10.035214224274375,X2,-0.5066,23,7
1.5459954738616943e-07,0.0,0.030863932562264683,100.0,X10,-4.350609216839288,23,8
5.699694156646729e-07,0.0,0.027831920126001556,10.027831920126001,X2,-1.441,23,9
2.2118911147117615e-08,0.0,0.03037177367590775,10.030371773675908,X2,-4.3932,23,10
3.050081431865692e-08,0.0,0.029614726985388244,100.0,X10,3.036617262885864,23,11
8.940696716308594e-06,0.0,0.02951585287576195,10.029515852875761,X2,1.5465,23,12
2.5331974029541016e-07,0.0,0.023328320723221947,10.023328320723222,X2,-1.5995,23,14
5.995389074087143e-09,0.0,0.021999457684447582,100.0,X10,-0.6738171351802515,23,15
1.6391277313232422e-07,0.0,0.022113853085469967,10.02211385308547,X2,0.7651,23,16
1.126900315284729e-07,0.0,0.023550647406652848,10.023550647406653,X2,-0.2955,23,17
1.437729224562645e-08,0.0,0.021350550138105894,100.0,X10,-1.971753938911239,23,18
8.307397365570068e-07,0.0,0.02129629990554822,10.021296299905549,X2,-0.292,23,19
7.729977369308472e-08,0.0,0.02130112096200724,10.021301120962008,X2,4.2127,23,20
7.37607479095459e-07,0.0,0.019656673561959256,100.0,X10,1.511299774855999,23,21
2.726912498474121e-06,0.0,0.02077363423313366,10.020773634233134,X2,-2.5098,23,22
7.188646122813225e-09,0.0,1.3986704766578664,11.398670476657866,X2,-0.9766,24,0
2.726912498474121e-06,0.0,2.2547088137016162,12.254708813701615,X2,-2.802,24,1
1.5459954738616943e-07,0.0,0.7501456667457197,100.0,X10,3.6077736575432535,24,2
5.699694156646729e-07,0.0,0.09567782213971204,10.095677822139711,X2,2.8083,24,3
2.5331974029541016e-07,0.0,0.038720932005773125,10.038720932005774,X2,-4.5159,24,4
4.132743924856186e-09,0.0,0.036919061097888575,100.0,X10,-1.7256417919880507,24,5
1.6391277313232422e-07,0.0,0.03384210257607482,10.033842102576076,X2,2.4913,24,6
2.2118911147117615e-08,0.0,0.03409920466479561,10.034099204664795,X2,4.7262,24,7
4.132743924856186e-09,0.0,0.03310802019852751,100.0,X10,3.8233947636820105,24,8
1.0477378964424133e-08,0.0,0.03199229635216687,10.031992296352167,X2,-0.7641,24,9
2.5331974029541016e-07,0.0,0.03051222242546732,10.030512222425468,X2,-3.1703,24,10
2.2118911147117615e-08,0.0,0.030566683681580723,10.030566683681581,X2,0.3677,24,11
1.6614794731140137e-06,0.0,0.026449754764038807,100.0,X10,4.7508281541378405,24,12
2.2118911147117615e-08,0.0,0.02585340529489956,10.0258534052949,X2,4.6947,24,13
1.525040715932846e-08,0.0,0.026126029243124668,10.026126029243125,X2,-4.7735,24,14
1.3828125,0.0,1.3279178837923635,100.0,X10,-1.7203415236347377,25,0
0.51171875,0.0,0.7731488772172715,10.773148877217272,X2,3.6966,25,1
0.51171875,0.0,0.15856691740353007,10.15856691740353,X2,-1.4563,25,2
0.007415771484375,0.0,0.062369194297811285,100.0,X10,2.9675481393014715,25,3
0.00811767578125,0.0,0.048126729545175384,10.048126729545176,X2,-2.627,25,4
0.027099609375,0.0,0.03338646285866978,10.03338646285867,X2,3.607,25,5
1.3828277587890625e-05,0.0,0.02898206497368049,10.02898206497368,X2,-0.7942,25,6
5.453824996948242e-06,-1.998225,0.02070791533633746,100.0,X10,-1.863075165541448,25,7
6.628036499023438e-05,0.0,1.4762351949522774,11.476235194952277,X2,-1.1251,26,0
6.628036499023438e-05,0.0,2.691801716477971,12.691801716477972,X2,-4.3096,26,1
0.00067138671875,0.0,1.0495768740375684,100.0,X10,4.121241609240103,26,2
6.139278411865234e-06,0.0,0.1430868971720839,10.143086897172084,X2,3.6046,26,3
2.5331974029541016e-07,0.0,0.04138884756785165,10.041388847567852,X2,-3.7674,26,4
3.050081431865692e-08,0.0,0.036416672835777576,100.0,X10,2.049882597401967,26,5
6.139278411865234e-06,0.0,0.035412707301685754,10.035412707301687,X2,3.977,26,6
1.2069940567016602e-06,0.0,1.4287073488444775,11.428707348844478,X2,-0.0992,27,0
1.6391277313232422e-07,0.0,3.0755988438322435,13.075598843832243,X2,-3.5618,27,1
2.4139881134033203e-06,0.0,0.47289102129424493,100.0,X10,0.3857792370865276,27,2
0.000148773193359375,0.0,0.0639386526888002,10.063938652688801,X2,3.0784,27,3
1.1399388313293457e-06,-1.988375,0.029758134615612657,100.0,X10,0.5035256577961666,27,5
5.3085386753082275e-08,0.0,0.02849205294126061,10.02849205294126,X2,-0.608,27,6
1.126900315284729e-07,0.0,0.029475457854366855,10.029475457854367,X2,-1.7705,27,7
2.253800630569458e-07,0.0,0.028022989825766793,100.0,X10,4.132297256698525,27,8
4.231929779052734e-06,0.0,1.5713347355868574,11.571334735586857,X2,4.5982,28,0
2.5331974029541016e-07,0.0,2.751003719324407,12.751003719324407,X2,-0.1893,28,1
8.940696716308594e-06,0.0,0.344858703425477,10.344858703425476,X2,0.5365,28,2
3.050081431865692e-08,0.0,0.1896584427468403,100.0,X10,3.510597385779967,28,3
8.940696716308594e-06,0.0,0.03299181679301184,10.032991816793011,X2,0.8125,28,4
6.139278411865234e-06,0.0,0.033274438987980694,10.03327443898798,X2,3.9538,28,5
5.453824996948242e-06,0.0,0.02648716688595477,100.0,X10,0.1528065895979589,28,6
1.3828277587890625e-05,0.0,0.032371029476791685,10.032371029476792,X2,0.7031,28,7
4.231929779052734e-06,0.0,1.324789491078675,11.324789491078675,X2,3.7688,29,0
2.4139881134033203e-06,0.0,2.3353051617600276,100.0,X10,-4.378756681994639,29,1
8.307397365570068e-07,0.0,0.09407281184328627,10.094072811843287,X2,-2.4874,29,2
5.699694156646729e-07,0.0,0.057039494209181495,10.057039494209182,X2,4.5807,29,3
1.126900315284729e-07,0.0,0.03908627879797202,10.039086278797972,X2,-4.2341,29,4
6.426125764846802e-08,0.0,0.031075152466974464,100.0,X10,1.6409443933966381,29,5
1.3828125,0.0,1.4085639021207605,100.0,X10,2.85804595980518,30,0
0.126953125,0.0,0.794057668131621,10.794057668131622,X2,1.8823,30,1
0.0010986328125,0.0,0.21439235763313316,10.214392357633134,X2,3.5379,30,2
0.00020503997802734375,0.0,0.16781853259711033,100.0,X10,-2.5714148391041425,30,3
1.6391277313232422e-07,0.0,0.04340961334188254,10.043409613341883,X2,3.3684,30,5
1.2069940567016602e-06,0.0,0.03941767794441936,10.039417677944419,X2,3.6215,30,6
7.37607479095459e-07,-1.988375,0.028076101937590518,100.0,X10,4.3715976320224765,30,7
4.231929779052734e-06,0.0,0.02491443472634885,10.024914434726348,X2,-2.6054,30,8
2.4139881134033203e-06,0.0,1.9288237831526718,100.0,X10,-0.02722706899016636,31,1
3.688037395477295e-07,0.0,0.3279160451697386,10.327916045169738,X2,4.1987,31,2
5.699694156646729e-07,0.0,0.21130030692177146,10.211300306921771,X2,-3.8936,31,3
1.6614794731140137e-06,0.0,0.03578242634551497,100.0,X10,-1.7013471402214009,31,4
8.940696716308594e-06,0.0,0.036012905861843976,10.036012905861844,X2,3.273,31,5
4.5299530029296875e-05,0.0,0.031814583523635004,10.031814583523635,X2,3.2085,31,6
0.000335693359375,0.0,0.03051064672005273,10.030510646720053,X2,3.6016,31,7
1.1399388313293457e-06,14.03634161567688,1.5219871735301458,100.0,X10,3.4669738318272234,32,0
8.307397365570068e-07,0.0,0.7117770844530881,10.711777084453088,X2,-2.938,32,1
1.2069940567016602e-06,0.0,0.06881320632689615,10.068813206326896,X2,2.5287,32,2
1.0617077350616455e-07,0.0,0.04868237473319821,100.0,X10,-4.933876430078411,32,3
3.688037395477295e-07,0.0,0.037801169666912215,10.037801169666912,X2,1.3737,32,4
2.726912498474121e-06,0.0,0.03168376070845357,10.031683760708454,X2,4.0308,32,5
4.423782229423523e-08,0.0,0.02964572557670812,100.0,X10,3.1521439071328263,32,6
5.699694156646729e-07,0.0,2.1590288190844924,12.159028819084492,X2,-0.7607,33,1
7.729977369308472e-08,0.0,0.10266775223351803,10.102667752233518,X2,1.8963,33,2
3.050081431865692e-08,0.0,0.06774751320760997,100.0,X10,2.843763107901111,33,3
5.995389074087143e-09,-1.988375,0.034213800360921906,100.0,X10,4.287663612546593,33,6
1.6391277313232422e-07,0.0,0.0310151932609187,10.031015193260918,X2,3.7613,33,7
1.525040715932846e-08,0.0,1.5767459411414373,11.576745941141438,X2,-3.7976,34,0
1.437729224562645e-08,0.0,2.4965432735296913,100.0,X10,4.88477957914103,34,1
1.126900315284729e-07,0.0,0.07706946069528825,10.077069460695288,X2,-4.7315,34,2
7.729977369308472e-08,0.0,0.059361903766350685,10.059361903766352,X2,-0.2257,34,3
3.213062882423401e-08,0.0,0.04564486160049551,10.045644861600495,X2,-0.0371,34,4
4.423782229423523e-08,0.0,0.03840700087252379,100.0,X10,-4.143058823632643,34,5
1.525040715932846e-08,0.0,0.0342960107164702,10.03429601071647,X2,-4.5898,34,6
7.188646122813225e-09,0.0,0.035099629797880325,10.03509962979788,X2,-3.4166,34,7
6.426125764846802e-08,0.0,1.5379371107642683,100.0,X10,-3.126082164721228,35,0
3.213062882423401e-08,0.0,1.4121327646135353,11.412132764613535,X2,-4.8687,35,1
1.6391277313232422e-07,0.0,0.9592136089605912,10.95921360896059,X2,1.9262,35,2
5.066394805908203e-07,0.0,0.08178943655351976,100.0,X10,0.7196043074953948,35,3
3.213062882423401e-08,0.0,0.05458417750072116,10.054584177500722,X2,-3.4943,35,4
6.139278411865234e-06,0.0,0.039058362682723044,10.039058362682724,X2,-2.031,35,6
1.6614794731140137e-06,0.0,0.032179948622910126,100.0,X10,3.0407646195738245,35,7
5.699694156646729e-07,0.0,0.030494854727816906,10.030494854727817,X2,-0.7025,35,8
1.0477378964424133e-08,0.0,1.529915673817897,11.529915673817897,X2,-3.9957,36,0
1.5459954738616943e-07,0.0,2.3244984790394363,100.0,X10,0.7587928162496063,36,1
1.6391277313232422e-07,0.0,0.2159517113750383,10.215951711375038,X2,-3.0353,36,2
5.3085386753082275e-08,0.0,0.13426074053415724,10.134260740534158,X2,-1.5914,36,3
6.426125764846802e-08,0.0,0.05308923526330781,100.0,X10,1.9283527932434277,36,4
8.940696716308594e-06,0.0,0.04385481039988251,10.043854810399882,X2,-2.5035,36,5
1.0477378964424133e-08,0.0,0.03717944403277891,10.037179444032779,X2,-2.4669,36,7
5.066394805908203e-07,0.0,1.6256502940766286,100.0,X10,0.3690598602458781,37,0
2.5331974029541016e-07,0.0,1.629324348177907,11.629324348177907,X2,-1.712,37,1
1.126900315284729e-07,0.0,0.30036496712533634,10.300364967125336,X2,-1.6126,37,2
4.029273986816406e-05,0.0,0.1437644858981355,100.0,X10,0.10676240525044634,37,3
1.6391277313232422e-07,0.0,0.05398812055967262,10.053988120559673,X2,-2.7711,37,4
3.050081431865692e-08,0.0,0.03979429824949052,100.0,X10,-3.583248231684517,37,6
1.525040715932846e-08,0.0,0.03137274436739451,10.031372744367394,X2,-2.5854,37,7
1.525040715932846e-08,0.0,1.3660501523473978,11.366050152347398,X2,-3.4987,38,0
5.3085386753082275e-08,0.0,2.269336055206661,12.269336055206661,X2,-1.6143,38,1
1.0617077350616455e-07,0.0,0.998061770358743,100.0,X10,4.584626217339498,38,2
1.525040715932846e-08,0.0,0.09796457280024974,10.09796457280025,X2,-1.7976,38,3
2.726912498474121e-06,0.0,0.05269013639033952,10.05269013639034,X2,-2.039,38,4
3.2782554626464844e-07,-1.9684249999999999,0.04493461613899117,100.0,X10,-3.982479512728576,38,5
7.729977369308472e-08,0.0,0.040220936581959174,10.040220936581958,X2,-2.7122,38,6
5.3085386753082275e-08,0.0,0.03730908566424112,10.03730908566424,X2,2.9849,38,7
4.423782229423523e-08,0.0,0.026372320658351624,100.0,X10,2.059883609459801,38,8
1.6391277313232422e-07,0.0,0.028551031523085527,10.028551031523085,X2,0.6697,38,9
2.2118911147117615e-08,0.0,0.02556946223694491,10.025569462236945,X2,-2.4459,38,10
7.729977369308472e-08,0.0,0.022949518582120288,10.02294951858212,X2,3.1775,38,11
5.995389074087143e-09,0.0,0.022601657287524494,100.0,X10,-1.854199853391557,38,12
5.3085386753082275e-08,0.0,0.019624959163584154,10.019624959163584,X2,-4.9521,38,13
3.688037395477295e-07,0.0,0.018361807991516238,10.018361807991516,X2,2.4748,38,14
2.253800630569458e-07,12.144280111503601,1.3986278169128072,100.0,X10,2.6105661854542417,39,0
1.8775463104248047e-06,0.0,0.9736092101657026,10.973609210165703,X2,0.841,39,1
1.6391277313232422e-07,0.0,0.21263241332824223,10.212632413328242,X2,-4.4339,39,2
1.0617077350616455e-07,-1.9684249999999999,0.06481032701015735,100.0,X10,2.189802411300433,39,3
1.6391277313232422e-07,0.0,0.04663275168942844,10.046632751689428,X2,4.1504,39,4
3.688037395477295e-07,0.0,0.03819982919037953,10.03819982919038,X2,1.7429,39,5
7.729977369308472e-08,0.0,0.035599025725337345,10.035599025725338,X2,-3.8153,39,6
3.050081431865692e-08,0.0,0.029425181451636893,100.0,X10,-3.6076503407322393,39,7
1.126900315284729e-07,0.0,0.026205557863836163,10.026205557863836,X2,1.7541,39,8
3.213062882423401e-08,0.0,0.023103339701635438,10.023103339701635,X2,-3.5533,39,9
2.0954757928848267e-08,0.0,0.021368955397458537,100.0,X10,2.856910482912973,39,10
5.699694156646729e-07,0.0,0.022406357167516343,10.022406357167517,X2,0.6344,39,11
1.3828125,0.0,2.656328139744207,100.0,X10,1.0000786722585282,40,1
0.26171875,0.0,0.6450663539392031,10.645066353939203,X2,4.2395,40,2
0.027099609375,0.0,0.44049302547573466,10.440493025475735,X2,-1.2608,40,3
0.027099609375,0.0,0.04739278598687725,10.047392785986878,X2,2.4744,40,4
0.00013256072998046875,0.0,0.04009302560969853,100.0,X10,4.339244016742159,40,5
6.628036499023438e-05,0.0,0.03832866651951074,10.038328666519512,X2,-3.1729,40,6
0.00013256072998046875,0.0,1.4681679107112056,100.0,X10,1.2857069606057605,41,0
0.00811767578125,0.0,0.8161630122662106,10.81616301226621,X2,0.4121,41,1
1.3828277587890625e-05,0.0,0.14816474237513566,10.148164742375135,X2,-2.4435,41,2
1.1399388313293457e-06,0.0,0.08299723788349192,100.0,X10,1.810556847092104,41,3
2.726912498474121e-06,0.0,0.03328691438408066,10.03328691438408,X2,-1.9558,41,5
1.2069940567016602e-06,0.0,0.032709170833132066,10.032709170833131,X2,-1.4605,41,6
3.2782554626464844e-07,0.0,1.342990169539594,100.0,X10,-3.3303704580761915,42,0
0.000335693359375,0.0,1.4028579581819742,11.402857958181974,X2,4.4321,42,1
8.940696716308594e-06,0.0,0.12210787903121068,10.12210787903121,X2,-4.6806,42,2
3.7550926208496094e-06,0.0,0.0643327516852374,100.0,X10,0.6688612823844986,42,3
0.00010251998901367188,0.0,0.04067191639913865,10.04067191639914,X2,2.8696,42,4
0.000148773193359375,0.0,0.03590082978930155,10.035900829789302,X2,4.3146,42,5
1.1399388313293457e-06,0.0,0.032829998151455285,100.0,X10,0.5286478849586453,42,6
3.688037395477295e-07,0.0,0.03282503840025554,10.032825038400256,X2,-3.391,42,7
2.5331974029541016e-07,0.0,0.027652132374860083,10.02765213237486,X2,-3.136,42,8
3.123283386230469e-05,0.0,1.4275503294627383,11.427550329462738,X2,4.9071,43,0
2.253800630569458e-07,0.0,2.6926142666958848,100.0,X10,0.5309139532406757,43,1
0.00164794921875,0.0,0.42254255635801347,10.422542556358014,X2,1.5195,43,2
4.231929779052734e-06,0.0,0.1261146113957751,10.126114611395774,X2,-1.1369,43,3
1.437729224562645e-08,0.0,0.048566265258870485,100.0,X10,-2.67002258140257,43,4
6.139278411865234e-06,0.0,0.045631488365923886,10.045631488365924,X2,-4.4803,43,6
1.1399388313293457e-06,0.0,0.03403744364503337,100.0,X10,-4.069733616419118,43,7
2.014636993408203e-05,0.0,0.026550357070923594,10.026550357070924,X2,3.5042,43,8
2.014636993408203e-05,0.0,0.029929030309589162,10.029929030309589,X2,0.6676,43,9
5.699694156646729e-07,0.0,0.027935994351476003,10.027935994351475,X2,-0.1789,43,10
7.37607479095459e-07,0.0,0.024930587511186937,100.0,X10,-1.8194228073389942,43,11
1.6391277313232422e-07,0.0,1.5020454340778635,11.502045434077864,X2,-1.1003,44,0
5.699694156646729e-07,0.0,2.218399682320484,12.218399682320484,X2,-2.9674,44,1
7.37607479095459e-07,0.0,0.8852813879815826,100.0,X10,-3.423846229344838,44,2
1.2069940567016602e-06,0.0,0.18711869404618042,10.18711869404618,X2,-4.7984,44,3
0.0005035400390625,0.0,0.04666753772442479,10.046667537724424,X2,1.7787,44,4
2.4139881134033203e-06,0.0,0.038877396367800195,100.0,X10,-0.47798830598937325,44,5
8.307397365570068e-07,0.0,0.03753194953642353,10.037531949536424,X2,-0.9805,44,6
0.000335693359375,0.0,0.02898288046963707,10.028982880469638,X2,0.6536,44,7
4.5299530029296875e-05,0.0,0.02771528899053097,10.027715288990532,X2,2.9116,44,8
5.066394805908203e-07,0.0,0.023074364362098317,100.0,X10,-3.712084510029955,44,9
1.126900315284729e-07,0.0,0.024566369186101437,10.024566369186102,X2,-4.7865,44,10
2.253800630569458e-07,0.0,1.499537746781678,100.0,X10,3.8342379889362608,45,0
0.000148773193359375,0.0,1.1961617560846487,11.19616175608465,X2,1.4755,45,1
6.628036499023438e-05,0.0,0.3311726283574513,10.331172628357452,X2,0.6862,45,2
1.5459954738616943e-07,0.0,0.08424362369696214,100.0,X10,4.894036157615339,45,3
2.726912498474121e-06,0.0,0.054965592521085835,10.054965592521086,X2,2.4234,45,4
1.126900315284729e-07,0.0,0.04239938547324537,10.042399385473246,X2,-3.4056,45,5
1.3828277587890625e-05,0.0,0.031413644285195344,10.031413644285195,X2,4.9577,45,6
1.5459954738616943e-07,0.0,0.03340582551943345,100.0,X10,-2.3347299893431694,45,7
7.729977369308472e-08,0.0,0.03407996551211997,10.03407996551212,X2,-0.018,45,8
1.2069940567016602e-06,0.0,0.0317350411173571,10.031735041117358,X2,-0.8039,45,9
2.0954757928848267e-08,0.0,0.027142080796610898,100.0,X10,-4.717934302728409,45,10
1.6391277313232422e-07,0.0,0.02876651844687947,10.02876651844688,X2,-2.1845,45,11
0.000148773193359375,0.0,0.0275534086259566,10.027553408625957,X2,1.5453,45,12
6.426125764846802e-08,-1.995125,0.025283932039640203,100.0,X10,4.178961859206465,45,13
2.5331974029541016e-07,0.0,0.027850451582885544,10.027850451582886,X2,-0.4061,45,14
8.940696716308594e-06,0.0,0.024437633131437635,10.024437633131438,X2,4.5861,45,15
1.126900315284729e-07,0.0,0.02273081104451889,10.02273081104452,X2,-3.132,45,16
2.253800630569458e-07,0.0,0.021931497167456883,100.0,X10,4.486935320263235,45,17
5.3085386753082275e-08,0.0,0.02192762976635549,10.021927629766356,X2,-4.129,45,18
7.729977369308472e-08,0.0,0.020916682800726526,10.020916682800726,X2,-3.8838,45,19
5.066394805908203e-07,0.0,1.5520210993725563,100.0,X10,4.4878810422128765,46,0
0.000335693359375,0.0,0.4900208148058789,10.49002081480588,X2,1.1045,46,2
3.2782554626464844e-07,0.0,0.2857595110113977,100.0,X10,-3.3211258324841584,46,3
1.3828277587890625e-05,0.0,0.055545220898793254,10.055545220898793,X2,3.1955,46,4
2.2118911147117615e-08,0.0,0.04809430435278535,10.048094304352785,X2,-4.661,46,5
6.628036499023438e-05,0.0,0.03996657660002701,10.039966576600028,X2,3.6629,46,6
2.253800630569458e-07,0.0,0.03577823643631208,100.0,X10,-0.20510749602839518,46,7
5.066394805908203e-07,0.0,0.028911607341757364,100.0,X10,-4.068953146193134,46,10
3.688037395477295e-07,0.0,0.02859336222159309,10.028593362221594,X2,-4.845,46,11
3.2782554626464844e-07,0.0,3.1251739424494254,100.0,X10,-2.184769265547347,47,1
1.3828277587890625e-05,0.0,0.30177484354355466,10.301774843543555,X2,4.1993,47,2
5.3085386753082275e-08,0.0,0.0634170514190839,10.063417051419083,X2,-1.6899,47,3
5.066394805908203e-07,0.0,0.029884748936206452,100.0,X10,-4.0886312244932075,47,5
3.213062882423401e-08,0.0,0.029856024820763095,10.029856024820763,X2,-3.153,47,6
7.37607479095459e-07,0.0,0.02322681464057931,100.0,X10,4.707055371735757,47,8
1.6391277313232422e-07,0.0,2.6012478665840786,12.601247866584078,X2,-0.5917,48,1
6.426125764846802e-08,0.0,0.2664643499255223,100.0,X10,3.0045033672068566,48,2
1.6391277313232422e-07,0.0,0.10091719706113197,10.100917197061133,X2,-1.2141,48,3
8.940696716308594e-06,0.0,0.04454576299288942,10.04454576299289,X2,0.6309,48,4
7.729977369308472e-08,0.0,0.04165667242752244,10.041656672427523,X2,-1.8639,48,5
1.6614794731140137e-06,0.0,0.03699917359679782,100.0,X10,-1.026450056429641,48,6
1.6391277313232422e-07,0.0,0.035997890694129946,10.03599789069413,X2,-0.6327,48,7
7.729977369308472e-08,0.0,1.5206430139575602,11.52064301395756,X2,-2.9278,49,0
3.050081431865692e-08,0.0,1.9130165892745234,100.0,X10,-3.9900955717455133,49,1
5.699694156646729e-07,0.0,0.5488475710126539,10.548847571012654,X2,-2.9455,49,2
4.5299530029296875e-05,0.0,0.3717982629512,10.3717982629512,X2,1.3771,49,3
1.6614794731140137e-06,0.0,0.0483876508660819,100.0,X10,-2.6242070608369286,49,4
8.307397365570068e-07,0.0,0.04523577105265167,10.045235771052651,X2,-4.8988,49,5
8.940696716308594e-06,0.0,0.03409232809412292,10.034092328094124,X2,2.2156,49,7
0.69140625,0.0,1.38836116448414,11.38836116448414,X2,0.1766,50,0
0.51171875,0.0,3.1724205985773084,13.172420598577308,X2,1.1118,50,1
0.18359375,0.0,0.20915301399193223,10.209153013991932,X2,2.5366,50,2
0.08642578125,0.0,0.1921952942552687,10.192195294255269,X2,0.488,50,3
0.027099609375,0.0,0.03477016962821555,10.034770169628215,X2,0.9153,50,4
0.08642578125,0.0,0.03397155659866805,10.033971556598669,X2,-1.279,50,5
0.126953125,0.0,0.03444764146866098,10.034447641468661,X2,1.4703,50,6
0.027099609375,0.0,0.02985715502682331,10.029857155026823,X2,-3.0917,50,8
0.00164794921875,0.0,0.02310026640261051,10.02310026640261,X2,-3.9985,50,9
0.69140625,0.0,0.024267778040132363,10.024267778040132,X2,1.5819,50,10
0.00029754638671875,0.0,0.023327933353608894,100.0,X10,-4.952864985760062,50,11
0.00067138671875,0.0,0.022932439977266184,100.0,X10,2.6356916710549925,50,12
2.765655517578125e-05,0.0,0.022100860804318723,100.0,X10,-1.1668357994653933,50,13
5.453824996948242e-06,0.0,0.02357346224365859,100.0,X10,3.33228666566564,50,14
2.4139881134033203e-06,0.0,0.024480069659978343,100.0,X10,-1.5565022593667912,50,15
0.000335693359375,0.0,0.021555797127233784,10.021555797127235,X2,0.8351,50,16
2.4139881134033203e-06,0.0,0.019577101271149523,100.0,X10,3.8797404383704173,50,17
0.027099609375,0.0,0.02048435658388814,10.020484356583887,X2,1.7963,50,18
0.005584716796875,0.0,0.018336677599827225,10.018336677599827,X2,1.1421,50,19
0.000148773193359375,0.0,0.01700309272649415,10.017003092726494,X2,0.8449,50,20
2.4139881134033203e-06,0.0,1.454412629896686,100.0,X10,-4.514130384182628,51,0
2.726912498474121e-06,0.0,1.2375135292556356,11.237513529255637,X2,-4.9013,51,1
0.0037078857421875,0.0,0.6241537886402557,10.624153788640255,X2,2.372,51,2
1.6614794731140137e-06,0.0,0.05838262828100822,100.0,X10,-2.300228504628109,51,3
0.000148773193359375,0.0,0.044750696326101784,10.044750696326101,X2,0.5246,51,4
5.699694156646729e-07,0.0,0.038794614797944195,10.038794614797943,X2,-4.0068,51,5
5.066394805908203e-07,0.0,0.03291945305073601,100.0,X10,-4.605942923714314,51,6
6.139278411865234e-06,0.0,0.02691480932107103,10.02691480932107,X2,3.3451,51,8
1.2069940567016602e-06,0.0,1.431745733181867,11.431745733181867,X2,-4.4935,52,0
7.37607479095459e-07,-1.995125,2.3248603680842543,100.0,X10,-3.252981910546091,52,1
0.027099609375,0.0,0.47638413732707563,10.476384137327075,X2,1.5635,52,2
2.014636993408203e-05,0.0,0.06282867725657991,10.06282867725658,X2,4.26,52,3
1.5459954738616943e-07,0.0,0.04225675000155516,100.0,X10,-4.070486845625777,52,4
8.940696716308594e-06,0.0,0.046160468318133696,10.046160468318133,X2,-0.1885,52,5
8.307397365570068e-07,0.0,0.03494319266431639,10.034943192664317,X2,-1.7558,52,6
5.066394805908203e-07,0.0,0.029373557664138024,100.0,X10,-0.8397228336910345,52,7
4.5299530029296875e-05,0.0,1.4648714413516526,11.464871441351653,X2,0.9063,53,0
1.2069940567016602e-06,0.0,2.0582188364296017,12.058218836429601,X2,-0.8073,53,1
1.1399388313293457e-06,0.0,0.0851787473968739,100.0,X10,0.7664900812337949,53,3
0.0010986328125,0.0,0.04174160693490066,10.0417416069349,X2,1.6915,53,4
2.5331974029541016e-07,0.0,0.037821994106588264,10.037821994106588,X2,-3.7571,53,5
7.37607479095459e-07,0.0,0.03699135860489539,100.0,X10,-4.454338847723242,53,6
1.8775463104248047e-06,0.0,0.03527037569976506,10.035270375699765,X2,-0.7406,53,7
2.4139881134033203e-06,0.0,0.03279865026899848,100.0,X10,3.0126128772672214,53,9
6.628036499023438e-05,0.0,0.03015508804456676,10.030155088044566,X2,0.5935,53,10
0.00164794921875,0.0,0.030086154052369304,10.03008615405237,X2,1.523,53,12
3.2782554626464844e-07,-1.99425,0.02674622327506478,100.0,X10,-2.770818856036854,53,13
2.5331974029541016e-07,0.0,0.027193565559260727,10.02719356555926,X2,-2.6343,53,14
1.126900315284729e-07,0.0,0.025741792405615197,10.025741792405615,X2,-3.8913,53,15
3.2782554626464844e-07,0.0,0.02638064317501684,100.0,X10,-4.542218901449657,53,16
8.940696716308594e-06,0.0,0.025760621902741594,10.02576062190274,X2,3.6078,53,17
6.628036499023438e-05,0.0,0.024135949499417136,10.024135949499417,X2,1.9645,53,18
3.2782554626464844e-07,0.0,0.021910454818498935,100.0,X10,3.3746623748646503,53,19
3.688037395477295e-07,0.0,0.022252484692291793,10.022252484692292,X2,-1.7077,53,20
7.729977369308472e-08,0.0,0.022274233324567298,10.022274233324568,X2,-4.7571,53,21
3.123283386230469e-05,0.0,0.02261986616484511,10.022619866164845,X2,4.6058,53,22
1.0617077350616455e-07,0.0,0.021986376067152594,100.0,X10,3.826958635586781,53,23
1.2069940567016602e-06,0.0,0.022859833128072684,10.022859833128072,X2,-0.4204,53,24
7.37607479095459e-07,0.0,2.2540779391367023,100.0,X10,3.607075461291579,54,1
0.00811767578125,0.0,0.12545855984888846,10.125458559848889,X2,1.0044,54,2
5.699694156646729e-07,0.0,0.07198013629222079,10.07198013629222,X2,-0.0933,54,3
7.37607479095459e-07,0.0,0.048598762087806724,100.0,X10,-1.477621975371226,54,4
1.3828277587890625e-05,0.0,0.044486082881866354,10.044486082881866,X2,2.0874,54,5
2.014636993408203e-05,0.0,0.03442824920304353,10.034428249203044,X2,4.0415,54,6
7.729977369308472e-08,0.0,0.029391793046564734,10.029391793046564,X2,-4.0005,54,7
1.5459954738616943e-07,0.0,0.0266704651140509,100.0,X10,-2.04859434038394,54,8
2.5331974029541016e-07,0.0,1.468664123437979,11.468664123437978,X2,-4.4876,55,0
6.139278411865234e-06,0.0,2.2946720497557953,12.294672049755796,X2,2.8064,55,1
1.0617077350616455e-07,0.0,0.0683202638860357,100.0,X10,-1.124453513580097,55,2
6.139278411865234e-06,0.0,0.0406362480532876,10.040636248053287,X2,4.3506,55,4
1.1399388313293457e-06,0.0,0.038445600911565916,100.0,X10,1.0338697728864155,55,5
1.6391277313232422e-07,0.0,0.03455742419512247,10.034557424195123,X2,-4.1129,55,6
0.000148773193359375,0.0,0.028621341955680123,10.028621341955681,X2,1.886,55,7
0.0005035400390625,0.0,1.4312259866152577,11.431225986615258,X2,1.2751,56,0
1.5459954738616943e-07,-1.99425,1.9884959922586172,100.0,X10,4.323818655711909,56,1
3.123283386230469e-05,0.0,0.309451756944736,10.309451756944735,X2,2.8634,56,2
5.066394805908203e-07,0.0,0.04394414469620868,100.0,X10,-2.8664618981380405,56,4
1.8775463104248047e-06,0.0,0.036620189970130536,10.036620189970131,X2,3.7633,56,5
2.5331974029541016e-07,0.0,0.030090061063633995,10.030090061063634,X2,-4.956,56,6
1.1399388313293457e-06,0.0,0.030976913508303103,100.0,X10,1.8255136076852798,56,7
8.940696716308594e-06,0.0,0.03329037609325383,10.033290376093253,X2,1.9294,56,8
4.5299530029296875e-05,0.0,0.03027987175392945,10.03027987175393,X2,1.8748,56,9
8.940696716308594e-06,0.0,0.031478449728922726,10.031478449728922,X2,0.9626,56,10
5.066394805908203e-07,-1.99425,0.027941085680362368,100.0,X10,-4.345281778962801,56,11
8.940696716308594e-06,0.0,0.0301582137906903,10.03015821379069,X2,2.121,56,12
1.8775463104248047e-06,0.0,0.02567809890274197,10.025678098902741,X2,3.876,56,13
1.1399388313293457e-06,0.0,0.025955348655808962,100.0,X10,-4.124791020658014,56,14
8.940696716308594e-06,0.0,0.02757734669122468,10.027577346691224,X2,2.8748,56,15
1.0617077350616455e-07,0.0,0.025029391710796642,100.0,X10,0.8560801331338919,56,17
1.3828277587890625e-05,0.0,0.025116812840516263,10.025116812840515,X2,0.5307,56,18
1.3828277587890625e-05,0.0,0.02257187534011427,10.022571875340114,X2,2.1884,56,19
8.940696716308594e-06,0.0,0.022567039221856097,10.022567039221856,X2,0.6819,56,20
8.463859558105469e-06,0.0,0.021089924506016784,100.0,X10,4.141689163846179,56,21
2.014636993408203e-05,0.0,0.021705769601328348,10.02170576960133,X2,4.7473,56,22
1.3828277587890625e-05,0.0,0.020601232637442242,10.020601232637443,X2,2.9833,56,23
2.253800630569458e-07,0.0,0.019585296531462845,100.0,X10,-0.8734550397375207,56,24
3.123283386230469e-05,0.0,1.311187293025729,11.311187293025728,X2,1.1039,57,0
1.8775463104248047e-06,0.0,1.7303260269201812,11.730326026920181,X2,4.2613,57,1
5.066394805908203e-07,0.0,0.748064520923468,100.0,X10,-4.326372425951987,57,2
8.307397365570068e-07,0.0,0.062342004403494376,10.062342004403494,X2,-3.3457,57,3
1.8775463104248047e-06,0.0,0.044458615005695416,10.044458615005695,X2,4.5006,57,4
2.2118911147117615e-08,0.0,0.044964884016202876,10.044964884016203,X2,-2.0792,57,5
3.2782554626464844e-07,0.0,0.039766878871036616,100.0,X10,-2.7847429579348026,57,6
1.3828277587890625e-05,0.0,0.03773951032962625,10.037739510329626,X2,0.6715,57,7
0.005584716796875,0.0,0.035853233359772266,10.035853233359772,X2,1.5274,57,8
7.37607479095459e-07,0.0,0.03380171812998106,100.0,X10,0.3861803707802238,57,9
8.940696716308594e-06,0.0,0.03265175711687729,10.032651757116877,X2,2.0257,57,11
1.0617077350616455e-07,0.0,0.031198009285143997,100.0,X10,2.7519723883742824,57,12
2.726912498474121e-06,0.0,0.030289780503909767,10.03028978050391,X2,3.6661,57,13
4.231929779052734e-06,0.0,0.027761740611953106,10.027761740611954,X2,2.5108,57,14
4.231929779052734e-06,0.0,0.027713062616705704,10.027713062616705,X2,0.8292,57,15
5.066394805908203e-07,0.0,1.542264057095877,100.0,X10,2.3591980883482444,58,0
1.126900315284729e-07,0.0,0.6103030541935642,10.610303054193563,X2,-0.4614,58,2
4.423782229423523e-08,0.0,0.051899444932008494,100.0,X10,2.0373625284762227,58,3
1.126900315284729e-07,0.0,0.04111668702161635,10.041116687021617,X2,-3.6834,58,4
2.5331974029541016e-07,0.0,0.032320607035149065,10.03232060703515,X2,-1.7333,58,5
3.2782554626464844e-07,0.0,0.02506659641124235,100.0,X10,3.677194218712472,58,6
1.126900315284729e-07,0.0,2.1709156405973533,12.170915640597354,X2,-3.9424,59,1
1.6391277313232422e-07,0.0,1.3742700223824036,11.374270022382404,X2,-3.8483,59,2
3.2782554626464844e-07,0.0,1.1190591613116123,100.0,X10,3.333649963952542,59,3
1.2069940567016602e-06,0.0,0.0546264325821622,10.054626432582163,X2,-4.1944,59,4
7.729977369308472e-08,0.0,0.05035054282911909,10.050350542829118,X2,-3.7087,59,5
1.6614794731140137e-06,0.0,0.04936311661068379,100.0,X10,1.617450626291581,59,6
4.5299530029296875e-05,0.0,0.04850245385651075,10.04850245385651,X2,4.9639,59,7
5.699694156646729e-07,0.0,0.033768942603312355,10.033768942603313,X2,-1.0269,59,8
5.066394805908203e-07,0.0,0.0292428399553103,100.0,X10,-0.4652985485990824,59,9
3.688037395477295e-07,0.0,0.028818357104585343,10.028818357104585,X2,-4.4571,59,10
1.3828125,0.0,1.4412479145259918,100.0,X10,-1.4687233664347197,60,2
0.18359375,0.0,0.03764659689294455,10.037646596892944,X2,-0.425,60,4
0.25390625,0.0,0.03484099550378475,100.0,X10,0.7490672174581468,60,5
0.027099609375,0.0,0.03195942443890867,10.03195942443891,X2,-4.6381,60,6
0.01214599609375,0.0,0.02716291876310771,10.027162918763107,X2,-0.6194,60,7
0.001007080078125,0.0,0.025736963848137295,100.0,X10,2.5747328504667246,60,8
4.5299530029296875e-05,0.0,0.019934920408284405,10.019934920408284,X2,-0.029,60,10
0.00013256072998046875,0.0,2.0143387034728004,100.0,X10,-4.239711794663109,61,1
1.3828277587890625e-05,0.0,0.086705298895347,10.086705298895348,X2,-0.5284,61,2
0.00075531005859375,0.0,0.04765565155420872,10.047655651554209,X2,-2.505,61,3
0.00029754638671875,0.0,0.03868732042766223,100.0,X10,1.1859689918180827,61,4
2.014636993408203e-05,0.0,0.03308365852415557,10.033083658524156,X2,-1.6209,61,5
3.123283386230469e-05,0.0,0.029622195282142477,10.029622195282142,X2,-4.7887,61,6
5.453824996948242e-06,0.0,0.030227812332186178,100.0,X10,-0.09194648393453342,61,7
6.628036499023438e-05,0.0,1.3845348971429567,11.384534897142956,X2,-3.8895,62,0
6.628036499023438e-05,0.0,2.292813679998324,12.292813679998325,X2,-2.2962,62,1
3.123283386230469e-05,0.0,1.6032696779600233,11.603269677960023,X2,-0.1175,62,2
5.453824996948242e-06,0.0,0.5237748157172394,100.0,X10,-1.7456380008457364,62,3
3.123283386230469e-05,0.0,0.046385711934651096,10.04638571193465,X2,-3.8143,62,4
5.699694156646729e-07,0.0,0.0417430071174018,10.041743007117402,X2,-3.9473,62,5
8.463859558105469e-06,0.0,0.03533893954915167,100.0,X10,0.7589272920796208,62,6
6.628036499023438e-05,0.0,0.03497274213085159,10.03497274213085,X2,-3.821,62,7
1.3828277587890625e-05,0.0,0.029041197091862724,10.029041197091862,X2,-4.2523,62,8
5.453824996948242e-06,0.0,0.026760989662333694,100.0,X10,2.2056032952463056,62,9
4.5299530029296875e-05,0.0,0.028195915311273852,10.028195915311274,X2,-2.1608,62,10
0.00811767578125,0.0,0.026159512741740543,10.02615951274174,X2,2.3827,62,11
0.002471923828125,0.0,0.023999285117922892,10.023999285117922,X2,2.8018,62,12
2.4139881134033203e-06,0.0,1.3219729702278047,100.0,X10,-3.010418893631268,63,0
4.231929779052734e-06,0.0,1.104762312300884,11.104762312300885,X2,-1.0985,63,1
0.005584716796875,0.0,0.34680496317753573,10.346804963177537,X2,4.4482,63,2
1.1399388313293457e-06,0.0,0.058446582991798716,100.0,X10,-1.6261169000106692,63,3
1.3828277587890625e-05,0.0,0.07293791692281866,10.072937916922818,X2,-4.6433,63,4
4.5299530029296875e-05,0.0,0.047984249507510165,10.04798424950751,X2,-3.6626,63,5
1.2278556823730469e-05,0.0,0.04621801249853727,100.0,X10,4.655260328224946,63,6
6.628036499023438e-05,0.0,0.04238047514333774,10.042380475143338,X2,3.6389,63,7
4.5299530029296875e-05,0.0,0.03954042428557712,10.039540424285578,X2,-4.1654,63,8
0.0010986328125,0.0,0.03438884921527999,10.03438884921528,X2,0.1318,63,9
7.37607479095459e-07,0.0,0.03281607938901593,100.0,X10,3.854713170963988,63,10
0.000148773193359375,0.0,0.03186798857135751,10.031867988571358,X2,3.1324,63,11
6.628036499023438e-05,0.0,0.031330756928582795,10.031330756928583,X2,4.3018,63,12
7.37607479095459e-07,0.0,0.030660898188302903,100.0,X10,4.695422645545461,63,13
1.3828277587890625e-05,0.0,0.027109480318704558,10.027109480318705,X2,-1.8448,63,14
0.51171875,0.0,0.024793538434749643,10.02479353843475,X2,1.5483,63,15
1.6614794731140137e-06,0.0,0.02558528271220704,100.0,X10,-1.9642708442691106,63,16
8.940696716308594e-06,0.0,0.024363854199598658,10.0243638541996,X2,-3.2806,63,17
0.0002307891845703125,0.0,0.02561334119231569,10.025613341192315,X2,0.0361,63,19
2.4139881134033203e-06,0.0,0.02353429349161103,100.0,X10,-1.1027673014680408,63,20
2.014636993408203e-05,0.0,0.025284098799551083,10.02528409879955,X2,-3.8022,63,21
0.08642578125,0.0,0.023264311240788385,10.023264311240789,X2,1.4234,63,22
5.066394805908203e-07,0.0,0.023234306158420582,100.0,X10,1.3689270954834676,63,23
2.014636993408203e-05,0.0,1.3311539582764889,11.331153958276488,X2,-4.4886,64,0
1.6614794731140137e-06,0.0,2.2189633513775413,100.0,X10,-1.5808714613137376,64,1
6.628036499023438e-05,0.0,0.5501761636518319,10.550176163651832,X2,2.3184,64,2
0.0005035400390625,0.0,0.0560798292401662,10.056079829240167,X2,0.2802,64,3
1.3828277587890625e-05,0.0,0.0376762088172353,10.037676208817235,X2,4.2077,64,4
7.37607479095459e-07,0.0,0.03513013358092621,100.0,X10,-0.5703905785707999,64,5
0.00010251998901367188,0.0,0.03402305689314949,10.03402305689315,X2,3.855,64,6
1.2069940567016602e-06,0.0,0.03173223977712204,10.031732239777122,X2,-3.4395,64,7
1.6614794731140137e-06,0.0,0.0295496525834991,100.0,X10,1.3852001204202384,64,8
2.726912498474121e-06,0.0,0.030530390263731378,10.030530390263731,X2,-3.9111,64,9
0.08642578125,0.0,0.0278472975729863,10.027847297572986,X2,1.3805,64,10
5.066394805908203e-07,0.0,0.02844725397986326,100.0,X10,0.962122839316125,64,11
3.123283386230469e-05,0.0,0.030009606465179563,10.03000960646518,X2,0.457,64,12
4.5299530029296875e-05,0.0,0.02553814545987741,10.025538145459878,X2,0.2989,64,13
0.126953125,0.0,0.02428381863057926,10.024283818630579,X2,1.1634,64,14
5.066394805908203e-07,0.0,0.02213706612499341,100.0,X10,1.8924998028404216,64,15
2.726912498474121e-06,0.0,0.021935034456481695,10.021935034456481,X2,-2.5735,64,16
0.0002307891845703125,0.0,0.02063488127186679,10.020634881271867,X2,0.9331,64,17
1.1399388313293457e-06,0.0,1.4775764900067807,100.0,X10,-4.311234166388406,65,0
0.000148773193359375,0.0,0.11694035192087543,10.116940351920876,X2,0.0936,65,2
5.995389074087143e-09,0.0,0.08720814799429329,100.0,X10,-1.1250915981926433,65,3
0.000335693359375,0.0,0.04514886630765947,10.04514886630766,X2,3.0652,65,4
8.940696716308594e-06,0.0,0.039063008742028754,10.039063008742028,X2,-4.6666,65,5
2.4139881134033203e-06,0.0,0.03588214412727365,100.0,X10,-2.4406146966602194,65,7
6.139278411865234e-06,0.0,0.03638364185699672,10.036383641856997,X2,-0.3489,65,8
1.6614794731140137e-06,0.0,0.02857061504338298,100.0,X10,3.2364296627740057,65,10
1.3828277587890625e-05,0.0,0.030775701006030456,10.03077570100603,X2,-3.4805,65,11
1.6614794731140137e-06,0.0,2.158963436232569,100.0,X10,-0.8481539975025978,66,1
6.139278411865234e-06,0.0,0.15378601000240158,10.1537860100024,X2,-2.7064,66,2
1.2069940567016602e-06,0.0,0.06129632952459338,10.061296329524593,X2,-2.9922,66,3
0.059326171875,0.0,0.03920161964298672,10.039201619642986,X2,1.7616,66,4
7.37607479095459e-07,0.0,0.03946972076670078,100.0,X10,2.2586768361516976,66,5
0.00010251998901367188,0.0,0.0388420191814989,10.0388420191815,X2,3.8285,66,6
6.139278411865234e-06,0.0,0.03736733072106418,10.037367330721064,X2,-3.0145,66,7
2.4139881134033203e-06,0.0,0.033321288119010965,100.0,X10,-1.9966603827182636,66,8
4.231929779052734e-06,0.0,0.03128346559044296,10.031283465590443,X2,-0.8903,66,9
4.5299530029296875e-05,0.0,0.029356644741663822,10.029356644741664,X2,4.6296,66,10
3.2782554626464844e-07,0.0,0.029248333982241193,100.0,X10,-2.670058514457656,66,11
3.123283386230469e-05,0.0,0.030247824627955795,10.030247824627956,X2,4.5894,66,12
4.231929779052734e-06,0.0,0.027915316586411058,10.02791531658641,X2,-0.8715,66,13
6.139278411865234e-06,0.0,0.026918811898914326,10.026918811898915,X2,-3.498,66,14
2.253800630569458e-07,0.0,0.02730119711285755,100.0,X10,3.1714170004654214,66,15
4.231929779052734e-06,0.0,0.026948532942835713,10.026948532942836,X2,-3.8664,66,16
0.01214599609375,0.0,0.026007701180905656,10.026007701180905,X2,1.9124,66,17
6.426125764846802e-08,0.0,0.02526933748000602,100.0,X10,-4.494801858541725,66,18
0.00010251998901367188,0.0,0.025387979978978445,10.025387979978978,X2,2.9757,66,19
7.37607479095459e-07,0.0,0.024120073251763297,100.0,X10,2.738251365562566,66,21
8.940696716308594e-06,0.0,0.025840962606546586,10.025840962606546,X2,-2.5607,66,22
2.014636993408203e-05,0.0,0.023368688351735268,10.023368688351736,X2,-4.552,66,24
1.6614794731140137e-06,13.47378074426651,1.5141607414970326,100.0,X10,-1.951811524536069,67,0
4.231929779052734e-06,0.0,1.200602146702573,11.200602146702574,X2,-2.7889,67,1
0.08642578125,0.0,0.20903793315291908,10.209037933152919,X2,1.8691,67,2
6.426125764846802e-08,0.0,0.04325672052977918,100.0,X10,3.6875235164496853,67,3
2.726912498474121e-06,0.0,0.03796905520978826,10.037969055209789,X2,-4.4436,67,4
0.08642578125,0.0,0.03020149810591574,10.030201498105916,X2,1.019,67,5
1.5459954738616943e-07,0.0,0.026707712803061872,100.0,X10,-4.8161148744369555,67,6
0.00164794921875,0.0,0.031355856195350654,10.03135585619535,X2,0.8516,67,7
3.123283386230469e-05,0.0,2.3923336300093236,12.392333630009324,X2,-1.6995,68,1
5.453824996948242e-06,0.0,0.0739822365604454,100.0,X10,4.766119398898542,68,2
0.0002307891845703125,0.0,0.06086238858269576,10.060862388582695,X2,2.6578,68,3
0.0002307891845703125,0.0,0.04296516213637594,10.042965162136376,X2,0.1074,68,4
2.4139881134033203e-06,0.0,0.03497224414345211,100.0,X10,-1.4808691773281901,68,5
0.0005035400390625,0.0,0.03150992237949246,10.031509922379492,X2,2.5063,68,6
8.463859558105469e-06,0.0,1.5206712095350627,100.0,X10,-4.122049828626986,69,0
3.123283386230469e-05,0.0,1.0087443896811275,11.008744389681127,X2,-1.8724,69,1
4.5299530029296875e-05,0.0,0.2919744273418978,10.291974427341898,X2,-0.4513,69,2
0.0002307891845703125,0.0,0.08405262695626102,10.084052626956261,X2,2.7068,69,3
7.37607479095459e-07,0.0,0.04191712131699997,100.0,X10,4.956858002320088,69,4
0.00010251998901367188,0.0,0.0388925683426103,10.038892568342611,X2,4.5856,69,5
8.940696716308594e-06,0.0,0.0363501098731751,10.036350109873174,X2,-3.412,69,6
7.37607479095459e-07,0.0,0.026667805521334218,100.0,X10,-0.5699551295034802,69,7
8.940696716308594e-06,0.0,0.025376117633993302,10.025376117633993,X2,-3.631,69,8
6.628036499023438e-05,0.0,0.022186342352536026,10.022186342352535,X2,3.0599,69,9
1.3828125,0.0,1.4452636563924035,100.0,X10,2.686304223609426,70,0
0.51171875,0.0,1.0795603090755257,11.079560309075525,X2,-4.3421,70,1
0.08642578125,0.0,0.12408876176569722,10.124088761765698,X2,-0.7229,70,2
0.039794921875,0.0,0.05320415430636005,10.05320415430636,X2,-2.0557,70,3
0.00494384765625,0.0,0.04091027165636404,100.0,X10,1.1976603886958523,70,4
0.26171875,0.0,0.03937500419493682,10.039375004194937,X2,-4.2587,70,5
0.08642578125,0.0,0.03284398472479758,10.032843984724797,X2,-0.8099,70,6
0.000461578369140625,0.0,0.0271317188412223,100.0,X10,1.1108975604865403,70,7
0.9140625,0.0,0.0287753783480744,10.028775378348074,X2,0.8871,70,8
1.171875,0.0,0.02987856813067331,10.029878568130673,X2,1.4965,70,9
0.00494384765625,0.0,0.02627689235547839,100.0,X10,-3.6545421092194896,70,10
0.26171875,0.0,0.02802958326664548,10.028029583266646,X2,2.6232,70,11
0.002471923828125,0.0,0.026440727706152495,10.026440727706152,X2,-1.8551,70,12
0.126953125,0.0,0.022559541401345615,10.022559541401346,X2,4.9314,70,13
1.7881393432617188e-05,0.0,0.023282214911891495,100.0,X10,-3.702868624456974,70,14
0.00010251998901367188,0.0,0.023256783152396748,10.023256783152396,X2,-2.5375,70,15
3.7550926208496094e-06,0.0,0.02049199246806649,100.0,X10,-0.859588604756282,70,17
0.08642578125,0.0,0.022268220230128543,10.022268220230128,X2,0.0565,70,18
0.00811767578125,0.0,0.019602013617806054,10.019602013617806,X2,2.5334,70,19
1.2278556823730469e-05,0.0,0.019789634831204474,100.0,X10,-4.708826181885394,70,20
0.0037078857421875,0.0,0.019393285630435082,10.019393285630436,X2,3.3624,70,21
0.0005035400390625,0.0,0.018808666598754825,10.018808666598755,X2,-1.864,70,22
0.000335693359375,0.0,0.018846532161370944,10.01884653216137,X2,-2.9302,70,23
9.059906005859375e-05,0.0,0.017771776653462613,100.0,X10,-2.9173752980383014,70,24
0.00010251998901367188,0.0,1.4151334687099122,11.415133468709913,X2,-3.232,71,0
0.002471923828125,0.0,2.448487806367957,12.448487806367957,X2,3.1326,71,1
4.029273986816406e-05,0.0,0.07941605811744928,100.0,X10,2.052661840455194,71,2
6.628036499023438e-05,0.0,0.06543725674880364,10.065437256748803,X2,-2.5147,71,3
0.69140625,0.0,0.03947635035584798,10.039476350355848,X2,1.5116,71,4
3.7550926208496094e-06,-1.999125,0.03199465739452193,100.0,X10,-0.17336808853180763,71,5
0.000335693359375,0.0,0.03531870652207044,10.035318706522071,X2,3.6622,71,6
2.014636993408203e-05,0.0,0.03073022253595728,10.030730222535958,X2,-0.8893,71,7
1.3828277587890625e-05,0.0,1.5566589668547148,11.556658966854714,X2,-2.7032,72,0
2.765655517578125e-05,0.0,2.2397195816358066,100.0,X10,-4.129241084062327,72,1
0.00075531005859375,0.0,0.4184638126754378,10.418463812675437,X2,3.2949,72,2
4.5299530029296875e-05,0.0,0.051045988390569064,10.05104598839057,X2,-3.3956,72,3
2.4139881134033203e-06,0.0,0.038709553008942924,100.0,X10,-2.263631141598493,72,4
1.3828277587890625e-05,0.0,0.03727778809040724,10.037277788090407,X2,-3.9671,72,5
0.37109375,0.0,0.032901448637541575,10.032901448637542,X2,1.4163,72,6
2.4139881134033203e-06,0.0,0.032029215970877614,100.0,X10,-0.29264420991447526,72,7
1.3828277587890625e-05,0.0,0.03310914035377999,10.03310914035378,X2,-2.8677,72,8
0.0005035400390625,0.0,2.1097784158912525,12.109778415891252,X2,3.3544,73,1
3.7550926208496094e-06,0.0,1.3648694104949506,100.0,X10,4.196890421107366,73,2
0.000335693359375,0.0,0.36778427716662926,10.36778427716663,X2,3.5511,73,3
2.014636993408203e-05,0.0,0.05035366390930862,10.05035366390931,X2,-1.9153,73,4
1.1399388313293457e-06,0.0,0.0377763970626895,100.0,X10,-0.4671693230042804,73,5
8.940696716308594e-06,0.0,0.03279799562147725,10.032797995621477,X2,-2.6938,73,6
0.00010251998901367188,0.0,0.02618331634925501,10.026183316349256,X2,0.5147,73,7
1.6614794731140137e-06,0.0,0.02431613753577437,100.0,X10,-0.9918352521556653,73,8
0.000335693359375,0.0,0.026310545059156684,10.026310545059157,X2,4.8695,73,9
1.1399388313293457e-06,0.0,0.07136690350967241,100.0,X10,0.5508770121376134,74,2
1.3828277587890625e-05,0.0,0.06770863342321053,10.06770863342321,X2,-4.652,74,3
3.123283386230469e-05,0.0,0.034944707744388695,10.034944707744389,X2,-2.5285,74,4
2.4139881134033203e-06,0.0,0.030947340920329337,100.0,X10,-4.99815659544783,74,5
0.37109375,0.0,0.02991601682806267,10.029916016828063,X2,1.9499,74,6
0.00010251998901367188,0.0,0.024983356667803245,10.024983356667803,X2,2.8514,74,7
1.3828125,0.0,1.5352919911498741,100.0,X10,-4.107125954126793,75,0
0.9140625,0.0,1.6201671314109156,11.620167131410916,X2,0.6378,75,1
0.51171875,0.0,0.33437035807895427,10.334370358078955,X2,-1.4832,75,2
0.26171875,0.0,0.1082170326691285,10.108217032669128,X2,-3.8238,75,3
5.0,0.0,0.05452175954111723,100.0,X10,1.6248756031252523,75,4
0.37109375,0.0,0.044742849234748125,10.044742849234748,X2,4.6224,75,5
0.05419921875,0.0,0.028502669772466602,100.0,X10,-4.153365557102839,75,7
0.18359375,0.0,1.553786117415597,11.553786117415598,X2,-1.0554,76,0
0.039794921875,0.0,2.018376099630782,12.018376099630782,X2,-2.2397,76,1
0.00494384765625,0.0,0.9188428096247198,100.0,X10,-2.632500327219814,76,2
1.7890625,0.0,0.1710990406646081,10.171099040664608,X2,1.8349,76,3
0.005584716796875,0.0,0.042885456807648784,10.04288545680765,X2,-2.5923,76,4
0.002471923828125,0.0,0.039234358468366,10.039234358468367,X2,-0.0817,76,5
0.000461578369140625,0.0,0.036972238730837895,100.0,X10,2.416861106733749,76,6
0.005584716796875,0.0,0.03225607477843906,10.03225607477844,X2,-1.0095,76,7
0.00164794921875,0.0,0.027395682563057636,10.027395682563057,X2,-2.6557,76,8
6.246566772460938e-05,0.0,0.026475803288198218,100.0,X10,-2.1079155677923445,76,9
1.171875,0.0,0.02725177733513208,10.027251777335133,X2,3.6349,76,10
0.69140625,0.0,0.023923407629290815,10.02392340762929,X2,0.2581,76,11
0.000461578369140625,0.0,1.4676439163056934,100.0,X10,3.514452560526342,77,0
0.00075531005859375,0.0,0.3527797375279829,10.352779737527984,X2,-4.2443,77,2
1.171875,0.0,0.0742890839350171,10.074289083935017,X2,2.4246,77,3
1.7881393432617188e-05,0.0,0.0434780170203653,100.0,X10,-3.458497014819517,77,4
1.171875,0.0,0.03855285838951163,10.038552858389512,X2,1.1897,77,5
0.69140625,0.0,0.03628613782829046,10.03628613782829,X2,1.7254,77,6
2.765655517578125e-05,0.0,0.03009316546518588,100.0,X10,2.46150545390336,77,7
0.000335693359375,0.0,0.03061633626041347,10.030616336260413,X2,-1.472,77,8
0.18359375,0.0,1.4271357004608787,11.427135700460878,X2,4.6361,78,0
1.7881393432617188e-05,0.0,2.293922382059207,100.0,X10,1.3742415125539962,78,1
0.0002307891845703125,0.0,0.2959268578417225,10.295926857841723,X2,-0.7082,78,2
0.69140625,0.0,0.05500797164441666,10.055007971644416,X2,1.9558,78,3
0.18359375,0.0,0.03783846715980595,10.037838467159807,X2,0.9746,78,4
2.765655517578125e-05,0.0,0.03132960381328786,100.0,X10,-4.880385889764968,78,5
0.37109375,0.0,0.030183919381826345,10.030183919381827,X2,1.0971,78,6
0.0005035400390625,0.0,0.02897966743440036,10.0289796674344,X2,-0.3075,78,7
6.246566772460938e-05,0.0,1.3922754387500729,100.0,X10,3.564408243051602,79,0
0.18359375,0.0,1.7008160261209297,11.700816026120929,X2,2.8303,79,1
0.00075531005859375,0.0,0.46344562735329176,10.463445627353291,X2,-2.6652,79,2
8.463859558105469e-06,0.0,0.04519453576575405,100.0,X10,2.698805091538996,79,3
0.69140625,0.0,0.03589916463831399,10.035899164638314,X2,3.8855,79,4
0.69140625,0.0,0.035122435971500526,10.0351224359715,X2,1.3233,79,5
0.039794921875,0.0,0.030891165346520148,10.030891165346521,X2,0.8922,79,6
2.765655517578125e-05,0.0,0.024477587715632194,100.0,X10,2.1540031775084323,79,7
0.69140625,0.0,0.02521891011795774,10.025218910117959,X2,1.253,79,8
0.0181884765625,0.0,0.021912714056772156,10.021912714056771,X2,4.6645,79,9
0.00013256072998046875,0.0,0.02264054809688661,100.0,X10,4.399110732301372,79,10
0.08642578125,0.0,0.022667051794831913,10.022667051794832,X2,3.9047,79,11
0.0010986328125,0.0,0.022355234828049436,10.02235523482805,X2,-0.9101,79,12
8.463859558105469e-06,0.0,0.02068603912619719,100.0,X10,1.3227252659958442,79,13
0.00811767578125,0.0,0.019764613005558297,10.019764613005558,X2,4.4823,79,16
1.6614794731140137e-06,0.0,0.020024523707209804,100.0,X10,-3.06907281090583,79,17
0.039794921875,0.0,0.01863231773290266,10.018632317732903,X2,0.315,79,18
0.039794921875,0.0,0.018740330948091247,10.018740330948091,X2,2.2465,79,19
3.7550926208496094e-06,0.0,0.017712670434762056,100.0,X10,3.0710370580740225,79,20
0.0037078857421875,0.0,0.019278439919026082,10.019278439919026,X2,4.3713,79,21
0.00811767578125,0.0,0.016439166396106764,10.016439166396108,X2,0.708,79,22
2.765655517578125e-05,0.0,0.01675643177448148,100.0,X10,-3.277509910415005,79,23
0.00075531005859375,0.0,0.01791008312296326,10.017910083122963,X2,-2.7191,79,24
0.69140625,0.0,1.913689122837409,11.91368912283741,X2,2.275,80,1
0.5234375,0.0,1.1879094625638977,100.0,X10,-3.727882353060351,80,2
0.08642578125,0.0,0.060632895598337025,10.060632895598337,X2,4.2583,80,3
0.01214599609375,0.0,0.03953103656004505,10.039531036560046,X2,-1.9818,80,4
0.0032958984375,0.0,0.034087796342239594,100.0,X10,-4.135256676994552,80,5
0.0181884765625,0.0,0.03211047281856585,10.032110472818566,X2,2.9579,80,6
0.69140625,0.0,0.029602250187216683,10.029602250187217,X2,1.2333,80,7
9.059906005859375e-05,0.0,0.02679200541860441,100.0,X10,-4.9492241875997305,80,8
0.039794921875,0.0,0.023182431809919996,10.02318243180992,X2,4.1065,80,10
0.00164794921875,0.0,1.4115553647897972,11.411555364789796,X2,-1.3411,81,0
2.765655517578125e-05,0.0,2.5794562007110415,100.0,X10,-1.9516339777556935,81,1
0.0002307891845703125,0.0,0.22120372021669113,10.22120372021669,X2,-4.8779,81,2
0.000148773193359375,0.0,0.15317634433427377,10.153176344334273,X2,-1.0507,81,3
3.7550926208496094e-06,0.0,0.04606545488340305,100.0,X10,-1.6709386161774153,81,4
0.00010251998901367188,0.0,0.048742674623378925,10.048742674623378,X2,-0.2695,81,5
6.628036499023438e-05,0.0,0.03926737333543592,10.039267373335436,X2,-0.5958,81,6
3.7550926208496094e-06,0.0,0.03415049590851258,100.0,X10,-1.3440914105361057,81,7
6.628036499023438e-05,0.0,1.9102942552496558,11.910294255249656,X2,-3.8068,82,1
2.014636993408203e-05,0.0,0.07531005936420086,10.0753100593642,X2,-0.2045,82,2
2.4139881134033203e-06,0.0,0.05094202547188087,100.0,X10,-2.2285466600611814,82,3
6.628036499023438e-05,0.0,0.04175180980949619,10.041751809809496,X2,-2.3666,82,4
6.628036499023438e-05,0.0,0.033363684439232634,10.033363684439232,X2,-3.5387,82,5
1.6614794731140137e-06,-1.979075,0.030189504315880345,100.0,X10,3.9190321329220374,82,6
3.123283386230469e-05,0.0,0.03110537295140025,10.0311053729514,X2,-3.5581,82,7
0.00010251998901367188,0.0,1.6104768121485449,11.610476812148544,X2,-2.5184,83,0
1.1399388313293457e-06,0.0,2.233176226629358,100.0,X10,-3.6797263120185653,83,1
4.5299530029296875e-05,0.0,0.06933531748840958,10.06933531748841,X2,-1.7766,83,3
0.08642578125,0.0,0.04196508295001798,10.041965082950018,X2,2.9668,83,4
2.4139881134033203e-06,0.0,0.03250796400794057,100.0,X10,-3.28262874564024,83,5
4.5299530029296875e-05,0.0,0.029281672734755817,10.029281672734756,X2,-0.3793,83,7
2.4139881134033203e-06,0.0,0.027798138202750487,100.0,X10,-3.4651519983072054,83,8
6.628036499023438e-05,0.0,1.4906431273848264,11.490643127384827,X2,-4.3676,84,0
4.5299530029296875e-05,0.0,2.0932590763529917,12.093259076352991,X2,-3.4153,84,1
3.7550926208496094e-06,0.0,1.4213418260380475,100.0,X10,-0.9543766877748885,84,2
0.0181884765625,0.0,0.045180268253498156,10.045180268253498,X2,3.5273,84,4
4.5299530029296875e-05,0.0,0.038688235153989406,10.03868823515399,X2,-2.1314,84,5
7.37607479095459e-07,0.0,0.03154210750699241,100.0,X10,4.001744690543481,84,6
1.3828277587890625e-05,0.0,0.031127956359688794,10.031127956359688,X2,-2.9919,84,7
2.014636993408203e-05,0.0,0.02776913774566125,10.027769137745661,X2,-1.7934,84,8
2.4139881134033203e-06,0.0,0.02605894927089365,100.0,X10,-0.545419180612015,84,9
2.014636993408203e-05,0.0,0.027114622186595196,10.027114622186595,X2,-4.0277,84,10
3.123283386230469e-05,0.0,1.4516328352992163,11.451632835299216,X2,-3.1947,85,0
2.4139881134033203e-06,0.0,2.305263264654004,100.0,X10,4.7752362821680325,85,1
3.123283386230469e-05,0.0,0.17951796329674216,10.179517963296743,X2,-2.7789,85,2
1.3828277587890625e-05,0.0,0.15469543242726197,10.154695432427262,X2,-0.1482,85,3
3.123283386230469e-05,0.0,0.05180670021162291,10.051806700211623,X2,-4.5696,85,4
3.7550926208496094e-06,0.0,0.04431649886916601,100.0,X10,2.5611405354568664,85,5
1.3828277587890625e-05,0.0,0.0406637537237229,10.040663753723724,X2,-2.9274,85,6
3.123283386230469e-05,0.0,0.03269524674535975,10.03269524674536,X2,-4.07,85,7
1.6614794731140137e-06,0.0,0.029158790303464563,100.0,X10,0.5928105667126191,85,8
4.5299530029296875e-05,0.0,0.030342921362444982,10.030342921362445,X2,-3.6866,85,9
3.123283386230469e-05,0.0,1.5936297789566305,11.59362977895663,X2,-0.5366,86,0
1.6614794731140137e-06,0.0,2.8566277707301087,100.0,X10,4.943329540686706,86,1
0.0181884765625,0.0,0.25701814837333287,10.257018148373334,X2,2.8279,86,2
0.000148773193359375,0.0,0.05685287320261602,10.056852873202615,X2,-4.4021,86,3
0.26171875,0.0,0.045584612609081115,10.045584612609082,X2,0.2926,86,4
1.6614794731140137e-06,0.0,0.03503250412594936,100.0,X10,4.121046211954679,86,5
0.00811767578125,0.0,0.03127704433122554,10.031277044331226,X2,4.6816,86,6
0.00010251998901367188,0.0,0.02576419704798114,10.02576419704798,X2,-1.2369,86,7
1.7881393432617188e-05,0.0,0.026109031408225222,100.0,X10,1.8834664197655524,86,8
0.000148773193359375,0.0,0.02529757195623479,10.025297571956235,X2,-4.9355,86,9
0.0002307891845703125,0.0,1.6446042921183912,11.644604292118391,X2,-0.4461,87,0
8.463859558105469e-06,0.0,3.5198165828978953,100.0,X10,3.3141618186604376,87,1
0.000335693359375,0.0,0.2356501462869951,10.235650146286995,X2,-1.2185,87,2
0.0037078857421875,0.0,0.0682901737734053,10.068290173773406,X2,4.617,87,3
0.005584716796875,0.0,0.04115709460118137,10.041157094601182,X2,4.4486,87,4
1.2278556823730469e-05,0.0,0.034775123165988533,100.0,X10,-2.7764215224448985,87,5
0.000148773193359375,0.0,0.03810543044432581,10.038105430444325,X2,-4.3733,87,6
0.059326171875,0.0,0.029457827524199842,10.0294578275242,X2,0.3887,87,7
1.2278556823730469e-05,0.0,0.027671964933570912,100.0,X10,-4.407347629287664,87,8
0.0002307891845703125,0.0,0.028584214190103943,10.028584214190104,X2,-1.6621,87,9
0.00164794921875,0.0,0.024729885490728458,10.024729885490729,X2,4.5059,87,10
2.765655517578125e-05,0.0,0.023396531483990672,100.0,X10,-1.5216345822659685,87,11
0.000335693359375,0.0,0.022294713028563732,10.022294713028563,X2,-3.7909,87,12
0.0002307891845703125,0.0,0.021318645081771385,10.021318645081772,X2,-3.915,87,13
9.059906005859375e-05,0.0,1.432582446270341,100.0,X10,-0.6033417080696157,88,0
0.37109375,0.0,1.7686222920219314,11.76862229202193,X2,1.8981,88,1
0.000148773193359375,0.0,0.17438315444416308,10.174383154444163,X2,-4.3819,88,2
2.4139881134033203e-06,-1.955825,0.06902869305058784,100.0,X10,-1.7188459266936187,88,3
0.37109375,0.0,0.05932350506861551,10.059323505068615,X2,1.56,88,4
0.00075531005859375,0.0,0.05091966907691697,10.050919669076917,X2,4.2768,88,5
1.1399388313293457e-06,0.0,0.041564873568164795,100.0,X10,4.987233256858506,88,6
0.0181884765625,0.0,0.03675377067110171,10.036753770671101,X2,0.5086,88,8
0.08642578125,0.0,1.428504525396733,11.428504525396733,X2,1.6932,89,0
8.463859558105469e-06,0.0,1.9832954308734567,100.0,X10,2.134938073603224,89,1
0.000335693359375,0.0,0.37714944442765636,10.377149444427657,X2,-1.7808,89,2
0.000335693359375,0.0,0.05612437374135453,10.056124373741355,X2,-2.5773,89,3
5.453824996948242e-06,0.0,0.03906606711100556,100.0,X10,-3.6539161928204065,89,4
0.039794921875,0.0,0.038108034754560406,10.038108034754561,X2,3.3905,89,5
1.7881393432617188e-05,0.0,0.028411993404361454,100.0,X10,1.6209323330148342,89,7
0.0002307891845703125,0.0,0.029150191287647655,10.029150191287648,X2,-0.7016,89,8
0.69140625,0.0,2.7128081461264797,12.71280814612648,X2,4.3135,90,1
0.26171875,0.0,0.07660402033200517,10.076604020332006,X2,-2.6635,90,2
0.18359375,0.0,0.06768803820169597,10.067688038201696,X2,2.1686,90,3
0.69140625,0.0,0.04348169536451469,10.043481695364514,X2,0.7387,90,4
0.37109375,0.0,0.03812030263127299,10.038120302631272,X2,-3.4067,90,5
0.37109375,0.0,0.03718398650456714,10.037183986504568,X2,4.1186,90,6
0.08642578125,0.0,0.029696697333406245,10.029696697333407,X2,-4.4322,90,7
0.37109375,0.0,1.4200635603346352,11.420063560334635,X2,2.7991,91,0
0.039794921875,0.0,1.8181061845222923,11.818106184522293,X2,-4.3178,91,1
0.18359375,0.0,0.11893081145625906,10.11893081145626,X2,4.2626,91,2
0.01214599609375,0.0,0.07997105753621786,10.079971057536218,X2,-4.5804,91,3
0.0037078857421875,0.0,0.03142028686021767,10.031420286860218,X2,-3.1828,91,4
0.0032958984375,0.0,0.027946834493276708,100.0,X10,2.3448040709084665,91,5
0.000461578369140625,0.0,0.026139176609955277,100.0,X10,-2.4819194155595383,91,6
9.059906005859375e-05,0.0,0.02318128374311481,100.0,X10,0.8432622058120636,91,7
4.029273986816406e-05,0.0,1.4504713023290652,100.0,X10,-3.248457445643199,92,0
4.029273986816406e-05,0.0,1.00801286852834,100.0,X10,-1.2529501542733823,92,1
2.5,0.0,0.38065454425567397,10.380654544255673,X2,3.4137,92,2
5.066394805908203e-07,0.0,0.15376781788307317,100.0,X10,-4.7892578955443526,92,3
0.039794921875,0.0,0.07288848017201031,10.07288848017201,X2,3.3111,92,4
1.8775463104248047e-06,0.0,0.07049132415434325,10.070491324154343,X2,-2.2364,92,5
5.699694156646729e-07,0.0,0.043590874862149916,10.04359087486215,X2,-4.3897,92,6
5.566107574850321e-10,0.0,0.032565836362148486,100.0,X10,-2.444663099878419,92,7
1.171875,0.0,0.03582224282319593,10.035822242823196,X2,1.0519,92,8
0.08642578125,0.0,0.029852378241623383,10.029852378241623,X2,3.8337,92,9
1.178705133497715e-09,0.0,0.025266783115457627,100.0,X10,-0.8703868145870262,92,10
0.00164794921875,0.0,0.02490695055237602,10.024906950552376,X2,4.1012,92,11
5.699694156646729e-07,0.0,1.3573824976631617,11.357382497663162,X2,-1.9894,93,0
1.6614794731140137e-06,0.0,2.52521838482119,100.0,X10,1.3015634151849866,93,1
3.688037395477295e-07,0.0,0.14096850990601578,10.140968509906015,X2,-1.8585,93,2
1.126900315284729e-07,0.0,0.09688651467378531,10.096886514673786,X2,-0.1517,93,3
0.000335693359375,0.0,0.05104829430039976,10.051048294300399,X2,3.9632,93,4
1.1004885891452432e-10,0.0,0.039437268897303764,100.0,X10,2.9952866794017936,93,5
6.628036499023438e-05,0.0,0.03546272907252717,10.035462729072528,X2,4.382,93,6
2.2118911147117615e-08,0.0,0.03518427202708742,10.035184272027088,X2,-0.3844,93,7
1.48929757415317e-11,0.0,1.4831881122607968,100.0,X10,-3.3124404363495885,94,0
5.3085386753082275e-08,0.0,1.4161483346978305,11.41614833469783,X2,-4.5547,94,1
2.2118911147117615e-08,0.0,0.6998348196678855,10.699834819667885,X2,-2.8242,94,2
5.184119800105691e-11,0.0,0.24085663778571423,100.0,X10,3.619367242858738,94,3
3.213062882423401e-08,0.0,0.05211306828697251,10.052113068286973,X2,-4.349,94,4
0.000148773193359375,0.0,0.04657230022354074,10.046572300223541,X2,3.3859,94,5
2.2118911147117615e-08,0.0,0.036411516087383695,10.036411516087384,X2,-3.691,94,6
1.6007106751203537e-10,-1.9849999999999999,0.029247274758992064,100.0,X10,-3.6679506397661967,94,7
2.2118911147117615e-08,0.0,0.03216651390167089,10.032166513901672,X2,-1.4333,94,8
0.000335693359375,0.0,0.028038750463170448,10.028038750463171,X2,0.2938,94,9
7.02016222930979e-12,0.0,1.657763625963578,100.0,X10,0.9823206595753096,95,0
6.628036499023438e-05,0.0,1.3618040015370763,11.361804001537076,X2,3.0983,95,1
2.2118911147117615e-08,0.0,0.3994641130499451,10.399464113049945,X2,-2.2022,95,2
2.637534635141492e-10,0.0,0.05587587513748718,100.0,X10,-1.8268261320698587,95,3
0.000148773193359375,0.0,0.04144276862852796,10.041442768628528,X2,0.2208,95,4
6.628036499023438e-05,0.0,0.039483910104782506,10.039483910104783,X2,4.6312,95,5
2.2118911147117615e-08,0.0,0.033188974008544925,10.033188974008546,X2,-3.6812,95,6
7.02016222930979e-12,0.0,1.32447948295785,100.0,X10,3.5303366126755478,96,0
0.000148773193359375,0.0,1.1244763638875042,11.124476363887505,X2,0.7431,96,1
3.123283386230469e-05,0.0,0.23813838643665772,10.238138386436658,X2,2.1821,96,2
5.184119800105691e-11,0.0,0.13133055986219372,100.0,X10,-0.07011449988999363,96,3
2.066371962428093e-09,0.0,0.04877327783421969,10.04877327783422,X2,-4.5321,96,4
0.37109375,0.0,0.04057064915161151,10.040570649151611,X2,1.364,96,5
4.831690603168681e-12,0.0,0.03232022003104201,100.0,X10,-0.8358100861003104,96,6
3.123283386230469e-05,0.0,0.029997396013465346,10.029997396013465,X2,2.9517,96,8
1.418811734765768e-09,0.0,0.024672341658761938,10.024672341658762,X2,-0.8465,96,9
7.02016222930979e-12,0.0,0.023841895421896818,100.0,X10,1.561727570173506,96,10
3.123283386230469e-05,0.0,1.6149230586143484,11.614923058614348,X2,3.6716,97,0
7.188646122813225e-09,0.0,2.7559701920384705,12.75597019203847,X2,-1.7818,97,1
4.831690603168681e-12,0.0,0.10579453620460792,100.0,X10,-3.2198919922053726,97,2
2.9976945370435715e-09,0.0,0.05867994055141325,10.058679940551412,X2,-0.7383,97,3
1.418811734765768e-09,0.0,0.0367932863940658,10.036793286394065,X2,-1.7297,97,4
2.1600499167107046e-11,0.0,0.031717308464670316,100.0,X10,-3.6871333152767827,97,5
7.188646122813225e-09,0.0,0.03222346317683807,10.032223463176837,X2,-2.5519,97,6
2.9976945370435715e-09,0.0,0.026834661739847582,10.026834661739848,X2,-1.2175,97,7
4.3655745685100555e-09,0.0,1.4286468012104945,11.428646801210494,X2,-4.7978,98,0
4.831690603168681e-12,0.0,2.442448964340565,100.0,X10,1.2955958133358791,98,1
1.3828277587890625e-05,0.0,0.0973298766733955,10.097329876673395,X2,4.536,98,2
6.139278411865234e-06,0.0,0.0676260097940589,10.06762600979406,X2,4.2077,98,3
4.831690603168681e-12,0.0,0.03586663518629969,100.0,X10,-0.7508647879198636,98,4
7.188646122813225e-09,0.0,0.0377129630462393,10.03771296304624,X2,-3.7331,98,5
3.123283386230469e-05,0.0,0.036210588651680614,10.03621058865168,X2,3.3079,98,6
4.831690603168681e-12,0.0,0.02995896832187249,100.0,X10,0.8720838818024603,98,7
2.066371962428093e-09,0.0,1.4048600259168895,11.40486002591689,X2,-3.6746,99,0
6.139278411865234e-06,0.0,2.636740382317874,12.636740382317875,X2,3.7351,99,1
7.188646122813225e-09,0.0,0.08546178033969354,10.085461780339694,X2,-4.9708,99,2
4.831690603168681e-12,0.0,0.05980695888604824,100.0,X10,1.0188744012945437,99,3
0.69140625,0.0,0.03663796519604569,10.036637965196046,X2,1.8036,99,4
7.02016222930979e-12,0.0,0.031197722567223994,100.0,X10,1.4862322170402242,99,6
1.3828277587890625e-05,0.0,0.029972044214677133,10.029972044214677,X2,3.9501,99,7
