loss,preference_margin,ref_margin,kl_from_ref,sigmoid_input,winner_target,loser_target
0.6931471824645996,-6.9536590576171875,-6.9536590576171875,0.0,0.0,X20,X12
0.7820274829864502,2.17425537109375,3.8792724609375,9.4476318359375,-1.70501708984375,X11,X28
0.6495225429534912,1.0220947265625,0.12969970703125,30.4200439453125,0.89239501953125,X11,X1
0.6965510845184326,3.2015380859375,3.269500732421875,25.877456665039062,-0.067962646484375,X19,X21
0.3598466217517853,7.83746337890625,-0.530181884765625,21.963943481445312,8.367645263671875,X13,X3
0.7264001965522766,0.86358642578125,1.5179443359375,26.860687255859375,-0.65435791015625,X17,X15
0.7570981979370117,0.468658447265625,1.709228515625,23.552536010742188,-1.240570068359375,X18,X12
0.6197311878204346,-1.310760498046875,-2.8372802734375,1.9970550537109375,1.526519775390625,X20,X14
0.4130552411079407,2.777740478515625,-3.927734375,7.8521575927734375,6.705474853515625,X20,X9
0.2215489000082016,15.002197265625,1.05926513671875,25.413909912109375,13.94293212890625,X20,X14
0.49070289731025696,-1.36944580078125,-5.934967041015625,-12.854782104492188,4.565521240234375,X17,X10
0.27425745129585266,5.27984619140625,-6.254425048828125,-12.126815795898438,11.534271240234375,X20,X10
0.6931471824645996,0.0,0.0,-43.7362060546875,0.0,X10,X10
2.1964151859283447,-15.990234375,4.795074462890625,-25.810714721679688,-20.785308837890625,X10,X20
0.43337586522102356,-7.3897705078125,-13.506256103515625,-83.22898864746094,6.116485595703125,X11,X10
0.6226286888122559,-3.11627197265625,-4.580169677734375,-104.44664001464844,1.463897705078125,X20,X25
0.036070842295885086,24.30828857421875,-8.7335205078125,-119.08102416992188,33.04180908203125,X17,X10
0.0151425926014781,33.1068115234375,-8.719818115234375,-170.97410583496094,41.826629638671875,X19,X10
0.00045389196020551026,70.267333984375,-6.7069091796875,-323.73095703125,76.9742431640625,X19,X10
1.3209017879489693e-06,127.4542236328125,-7.917724609375,-442.1787109375,135.3719482421875,X19,X10
0.6931471824645996,0.0,0.0,-634.1217041015625,0.0,X10,X10
0.6931471824645996,0.0,0.0,-780.452392578125,0.0,X10,X10
0.6931471824645996,0.0,0.0,-856.4722290039062,0.0,X10,X10
4.383668056107126e-06,109.1566162109375,-14.219573974609375,-972.5240478515625,123.376220703125,X8,X10
1.3621171319755376e-06,127.7003173828125,-7.36444091796875,-1097.7672119140625,135.064697265625,X9,X10
3.1182200473267585e-05,94.604736328125,-9.15167236328125,-1151.3759765625,103.7564697265625,X8,X10
0.0071549974381923676,41.0517578125,-8.3118896484375,-1308.28076171875,49.3636474609375,X9,X10
2.5035686235241883e-07,142.4075927734375,-9.596160888671875,-1305.748046875,152.0037841796875,X8,X10
6.754232373396007e-08,156.925537109375,-8.1795654296875,-1356.05078125,165.1051025390625,X9,X10
9.226095581960081e-12,242.476318359375,-11.613616943359375,-1372.236572265625,254.08984375,X8,X10
1.0789131366095717e-08,174.9716796875,-8.47552490234375,-1474.015380859375,183.447265625,X9,X10
2.7757683304652225e-11,229.4158935546875,-13.65911865234375,-1402.525634765625,243.0750732421875,X8,X10
2.4749604587981366e-09,189.5975341796875,-8.572845458984375,-1567.86328125,198.17041015625,X9,X10
7.148789116229182e-09,177.277099609375,-10.286163330078125,-1593.8018798828125,187.563232421875,X8,X10
8.237922011211651e-10,199.96533203125,-9.2056884765625,-1659.22021484375,209.1710205078125,X9,X10
4.3931240481347167e-13,276.41552734375,-8.1201171875,-1665.923828125,284.53564453125,X8,X10
4.1654615867692257e-10,206.5009765625,-9.489288330078125,-1711.010986328125,215.990234375,X9,X10
4.852840795877e-09,182.5400390625,-8.89703369140625,-1755.324951171875,191.43701171875,X8,X10
1.4582435259313797e-09,189.74755859375,-13.71270751953125,-1696.335693359375,203.4603271484375,X9,X10
4.511878432822414e-05,94.593017578125,-5.4688720703125,-1720.953857421875,100.0618896484375,X10,X10
8.498882847485234e-11,225.37646484375,-6.50860595703125,-1822.5716552734375,231.885009765625,X10,X10
4.706736111970145e-10,205.8974609375,-8.87109375,-1709.9326171875,214.7685546875,X8,X10
1.6558542037525825e-10,219.306640625,-5.9088134765625,-1871.14794921875,225.21533203125,X10,X10
1.5672206865602334e-09,192.989990234375,-9.74957275390625,-1893.331787109375,202.7396240234375,X9,X10
1.2370427612040658e-05,105.55029296875,-7.45159912109375,-1956.0673828125,113.001953125,X10,X10
1.2079480029569822e-06,129.51416015625,-6.75177001953125,-1966.1851806640625,136.265869140625,X10,X10
6.020389076155652e-09,183.390380859375,-5.89080810546875,-1943.21826171875,189.2811279296875,X10,X10
6.3844190351103336e-12,251.027099609375,-6.744598388671875,-1939.488037109375,257.7716064453125,X8,X10
2.3565313256312947e-08,169.1904296875,-6.444427490234375,-1906.1103515625,175.6348876953125,X10,X10
5.353111873773742e-07,138.993896484375,-5.41021728515625,-1848.55908203125,144.4041748046875,X10,X10
1.3142929800036285e-10,215.801025390625,-11.724517822265625,-1922.767578125,227.5255126953125,X9,X10
2.318873912332542e-11,240.380615234375,-4.49273681640625,-2053.622314453125,244.87353515625,X10,X10
1.5547279019756388e-07,151.16943359375,-5.59844970703125,-1920.549072265625,156.7679443359375,X10,X10
4.537383720159584e-14,297.08154296875,-10.15679931640625,-1948.819091796875,307.2384033203125,X8,X10
5.221194214755087e-07,137.762939453125,-6.890655517578125,-1934.173095703125,144.6536865234375,X10,X10
1.2348871925027538e-11,243.325927734375,-7.84857177734375,-1903.9195556640625,251.174560546875,X10,X10
3.3997403079411015e-05,96.754150390625,-6.138031005859375,-2106.48046875,102.89208984375,X10,X10
4.083627967027548e-12,254.026611328125,-8.213714599609375,-2021.606689453125,262.2403564453125,X9,X10
7.249089435390488e-07,133.971435546875,-7.400665283203125,-2096.065185546875,141.3721923828125,X10,X10
1.8841275761793952e-11,240.25830078125,-6.69146728515625,-2053.291748046875,246.94970703125,X10,X10
8.804060258604807e-11,225.9248046875,-5.60723876953125,-2031.97802734375,231.5322265625,X8,X10
6.70208246447146e-05,88.05859375,-8.046142578125,-2133.07666015625,96.104736328125,X10,X10
3.1636872677154315e-07,143.38671875,-6.276885986328125,-2060.83642578125,149.66357421875,X10,X10
1.07672253274807e-14,308.64111328125,-12.9815673828125,-1950.321044921875,321.6226806640625,X9,X10
2.836638736403163e-11,233.3173828125,-9.540802001953125,-1963.1568603515625,242.858154296875,X10,X10
9.512131668998336e-07,135.78759765625,-2.86773681640625,-2181.87646484375,138.6552734375,X10,X10
5.034863761466113e-07,138.33544921875,-6.681732177734375,-2199.778076171875,145.01708984375,X10,X10
3.137160797185199e-15,324.0830078125,-9.871673583984375,-2103.69677734375,333.95458984375,X8,X10
5.034419929550449e-12,254.22705078125,-5.92010498046875,-2123.779296875,260.147216796875,X10,X10
1.748768774234577e-08,173.56494140625,-5.05279541015625,-2062.20361328125,178.61767578125,X10,X10
1.3184287374953113e-13,287.998046875,-8.57354736328125,-1993.389892578125,296.5716552734375,X9,X10
3.9268406777127896e-13,280.176025390625,-5.48162841796875,-2008.302734375,285.65771484375,X10,X10
1.0396179156804165e-14,317.346923828125,-4.62640380859375,-1940.0562744140625,321.973388671875,X17,X10
6.277044720592526e-14,296.00732421875,-7.98553466796875,-2032.4273681640625,303.992919921875,X8,X10
1.3663272770136903e-11,242.46044921875,-7.70269775390625,-2089.697509765625,250.1630859375,X9,X10
1.8290262637776777e-09,189.09765625,-12.097137451171875,-2040.696533203125,201.19482421875,X8,X10
1.2591890149928758e-13,289.0107421875,-8.02069091796875,-2014.081787109375,297.0313720703125,X9,X10
3.2418286805002694e-12,253.379638671875,-11.16925048828125,-2007.322021484375,264.548828125,X8,X10
2.3134445747974297e-11,235.59912109375,-9.298004150390625,-2028.645263671875,244.89697265625,X9,X10
5.252472905264071e-15,318.931396484375,-9.869232177734375,-2016.90283203125,328.80078125,X8,X10
1.0585758615164198e-12,268.202880859375,-7.538238525390625,-2056.32080078125,275.740966796875,X9,X10
4.608035480968553e-11,231.68994140625,-6.316375732421875,-2070.951171875,238.00634765625,X8,X10
7.440304586155068e-16,338.478515625,-9.865936279296875,-2038.7943115234375,348.344482421875,X9,X10
7.40759537043445e-12,247.382568359375,-8.9024658203125,-2066.996826171875,256.28515625,X8,X10
4.463788457856094e-16,342.503662109375,-10.94989013671875,-2089.5078125,353.45361328125,X9,X10
1.183585712857154e-15,334.6865234375,-9.015869140625,-2124.72412109375,343.7022705078125,X8,X10
3.25187637505598e-14,302.605224609375,-7.9644775390625,-2162.5869140625,310.569580078125,X9,X10
1.4286685549869116e-11,239.86376953125,-9.85302734375,-2095.5166015625,249.7169189453125,X8,X10
6.674001290312391e-16,340.9482421875,-8.48297119140625,-2096.99609375,349.431396484375,X9,X10
8.100506417442303e-15,315.277587890625,-9.19085693359375,-2126.296875,324.468505859375,X8,X10
2.4020256270129714e-11,235.312744140625,-9.2083740234375,-2099.78515625,244.521240234375,X9,X10
1.1323101498786413e-15,334.21142578125,-9.933624267578125,-1944.178955078125,344.1451416015625,X8,X10
2.1804049885054688e-11,235.83642578125,-9.652862548828125,-1987.000244140625,245.4892578125,X9,X10
5.82203331734915e-16,335.960205078125,-14.83697509765625,-1990.7447509765625,350.797119140625,X8,X10
1.5226086450687015e-12,264.23486328125,-7.87115478515625,-2035.02001953125,272.10595703125,X9,X10
4.1200034920155226e-14,299.27734375,-8.925994873046875,-2038.1461181640625,308.203369140625,X8,X10
2.7249056265917946e-15,324.619384765625,-10.744110107421875,-1991.2080078125,335.3634033203125,X9,X10
6.228237496325607e-16,342.934814453125,-7.1878662109375,-1979.9921875,350.1226806640625,X8,X10
0.6931471824645996,0.0,0.0,-2134.82080078125,0.0,X10,X10
4.793040222970089e-16,343.010986328125,-9.73089599609375,-1961.0958251953125,352.741943359375,X9,X10
1.2852491648290691e-17,379.30712890625,-9.62274169921875,-1971.4447021484375,388.929931640625,X19,X10
1.2624440555442096e-11,238.811767578125,-12.14215087890625,-2026.9359130859375,250.953857421875,X8,X10
8.921280055841641e-13,269.3544921875,-8.097076416015625,-2201.42041015625,277.45166015625,X9,X10
2.9027062004027826e-11,234.543701171875,-8.08416748046875,-2175.8876953125,242.6279296875,X8,X10
6.237356551391793e-12,245.302001953125,-12.702606201171875,-2054.982421875,258.004638671875,X9,X10
3.503928917847343e-12,255.029541015625,-8.741668701171875,-2096.70849609375,263.7713623046875,X8,X10
3.764525041520528e-13,276.156005859375,-9.923858642578125,-2026.2083740234375,286.079833984375,X9,X10
4.195577465635446e-14,300.513671875,-7.507965087890625,-2079.572509765625,308.0216064453125,X19,X10
7.932200123789927e-15,319.610595703125,-5.067840576171875,-2004.5943603515625,324.678466796875,X17,X10
4.862601003818336e-15,327.337158203125,-2.23480224609375,-1981.8846435546875,329.572021484375,X8,X10
9.359087949079026e-10,199.657958984375,-8.237030029296875,-2149.281005859375,207.89501953125,X9,X10
2.3089040292726846e-15,329.22216796875,-7.797943115234375,-1931.75634765625,337.02001953125,X8,X10
2.0283816672735794e-13,284.67578125,-7.58782958984375,-2013.089111328125,292.263671875,X9,X10
4.5354869165903366e-11,229.41748046875,-8.74737548828125,-2168.63916015625,238.1650390625,X8,X10
5.2903581478959145e-15,313.57080078125,-15.158172607421875,-2063.671630859375,328.7288818359375,X9,X10
3.5491377198271223e-11,231.756103515625,-8.86114501953125,-2162.117431640625,240.6173095703125,X8,X10
5.869131949106515e-15,319.488525390625,-8.202117919921875,-1973.8367919921875,327.690673828125,X9,X10
1.044024935947796e-11,244.09814453125,-8.755462646484375,-2022.8759765625,252.853515625,X8,X10
8.77614127203774e-12,239.5966796875,-14.9932861328125,-2030.3115234375,254.58984375,X9,X10
5.762003287695938e-12,251.51025390625,-7.286956787109375,-2109.966796875,258.79736328125,X8,X10
5.118498940664962e-13,272.25146484375,-10.756072998046875,-2088.1513671875,283.0074462890625,X9,X10
1.550839505270595e-16,353.22705078125,-10.798583984375,-2018.7652587890625,364.025634765625,X8,X10
1.1453390624425411e-14,309.538818359375,-11.46624755859375,-2086.10400390625,321.0048828125,X9,X10
8.178191197166784e-15,315.056396484375,-9.316619873046875,-2046.670166015625,324.373046875,X8,X10
3.7692166553714157e-13,278.386962890625,-7.680572509765625,-1985.271484375,286.0673828125,X9,X10
4.0179200244683244e-11,232.59765625,-6.7789306640625,-1999.8834228515625,239.376708984375,X8,X10
5.422513075359478e-15,321.7255859375,-6.756591796875,-1942.7899169921875,328.482177734375,X9,X10
4.299094971481994e-15,315.14697265625,-15.65667724609375,-1981.6787109375,330.8037109375,X8,X10
5.093129694030973e-13,272.99658203125,-10.06048583984375,-2007.862548828125,283.05712890625,X9,X10
0.6931471824645996,336.901611328125,336.901611328125,0.0,0.0,X8,X10
2.8412910978659056e-05,439.4052734375,334.71875,-103.677734375,104.6865234375,X9,X10
5.743830115534365e-05,435.512451171875,337.86474609375,-199.2186279296875,97.647705078125,X8,X10
0.058576904237270355,299.31494140625,271.235107421875,-238.9752197265625,28.079833984375,X9,X10
33.31423568725586,-3.837158203125,329.30517578125,223.2489013671875,-333.142333984375,X8,X10
34.31987380981445,5.08447265625,348.283203125,69.748291015625,-343.19873046875,X9,X10
17.257104873657227,29.306396484375,201.87744140625,-117.1859130859375,-172.571044921875,X8,X10
16.426538467407227,59.88525390625,224.150634765625,-550.1680908203125,-164.265380859375,X9,X10
20.092920303344727,101.31982421875,302.2490234375,-1439.06201171875,-200.92919921875,X8,X10
0.019686384126544,353.5751953125,314.3955078125,189.802001953125,39.1796875,X9,X10
2.6934991183225065e-05,443.854248046875,338.633544921875,-160.898681640625,105.220703125,X8,X10
2.961145071367355e-07,468.53076171875,318.20556640625,-576.942138671875,150.3251953125,X9,X10
2.2255429499296042e-08,503.005615234375,326.798828125,-786.5760498046875,176.206787109375,X8,X10
4.267401436663931e-07,402.690673828125,256.019775390625,-992.514404296875,146.6708984375,X9,X10
8.274378160422202e-07,485.672119140625,345.622802734375,-1170.994384765625,140.04931640625,X8,X10
2.741758862612187e-06,362.494384765625,234.42529296875,-1478.2071533203125,128.069091796875,X9,X10
2.9819689189025667e-06,389.8857421875,262.656494140625,-1580.5047607421875,127.229248046875,X8,X10
8.107931548373415e-10,512.31396484375,302.98388671875,-1622.2734375,209.330078125,X9,X10
2.2413045641656026e-08,443.97314453125,267.8369140625,-1745.814697265625,176.13623046875,X8,X10
1.3529329123684875e-07,406.2080078125,248.0498046875,-1835.149658203125,158.158203125,X9,X10
3.690966252634098e-07,493.3642578125,345.2421875,-1962.25390625,148.1220703125,X8,X10
1.2595373846124858e-06,495.185546875,359.337890625,-1987.171142578125,135.84765625,X9,X10
6.410509172383172e-07,379.42724609375,236.82568359375,-2021.927001953125,142.6015625,X8,X10
3.103545509475225e-08,409.6259765625,236.74462890625,-2156.490966796875,172.88134765625,X9,X10
1.8400567114440491e-06,461.42822265625,329.37109375,-2030.871826171875,132.05712890625,X8,X10
8.911413829082449e-07,353.33740234375,214.02978515625,-2139.705078125,139.3076171875,X9,X10
0.6931471824645996,0.0,0.0,-2255.33154296875,0.0,X10,X10
3.612142140951846e-09,430.76904296875,236.37939453125,-2330.81103515625,194.3896484375,X8,X10
2.824769085307821e-09,457.2265625,260.378173828125,-2254.8544921875,196.848388671875,X9,X10
1.1119090093103523e-09,461.39501953125,255.22314453125,-2187.62451171875,206.171875,X8,X10
6.1429608066987385e-09,523.4462890625,334.36669921875,-2276.322509765625,189.07958984375,X9,X10
3.1732781735627213e-07,472.96875,323.33544921875,-2291.340087890625,149.63330078125,X8,X10
1.1594818438709353e-09,483.55859375,277.8056640625,-2262.374755859375,205.7529296875,X9,X10
9.422198132824633e-08,503.2783203125,341.502197265625,-2510.68017578125,161.776123046875,X8,X10
4.847644774486071e-08,438.9765625,270.5546875,-2322.138671875,168.421875,X9,X10
6.100683691556696e-08,496.47314453125,330.350341796875,-2383.3779296875,166.122802734375,X8,X10
1.5550845944289904e-08,511.8623046875,332.07080078125,-2407.152587890625,179.79150390625,X9,X10
3.03335845330821e-08,520.8115234375,347.701416015625,-2336.52001953125,173.110107421875,X8,X10
5.5360462880571504e-08,484.505859375,317.411865234375,-2273.0537109375,167.093994140625,X9,X10
2.177863445140815e-09,464.10009765625,264.65087890625,-2293.39111328125,199.44921875,X8,X10
1.250651280315651e-06,493.486328125,357.56787109375,-2360.507568359375,135.91845703125,X9,X10
6.013597612763988e-06,432.400390625,312.185546875,-2360.83544921875,120.21484375,X8,X10
1.0726610710776185e-08,537.01708984375,353.51171875,-2471.552978515625,183.50537109375,X9,X10
2.9425981096231624e-10,474.0947265625,254.629150390625,-2510.169921875,219.465576171875,X8,X10
3.5081856863961036e-10,521.353515625,303.64599609375,-2501.321533203125,217.70751953125,X9,X10
4.121271324208919e-09,537.3046875,344.233642578125,-2375.04296875,193.071044921875,X8,X10
3.8012043660273775e-05,382.51171875,280.73583984375,-2525.833251953125,101.77587890625,X9,X10
4.6017921704333276e-06,355.296875,232.40625,-2384.51123046875,122.890625,X8,X10
1.1168364011382437e-08,507.51953125,324.417724609375,-2417.90380859375,183.101806640625,X9,X10
3.0107059956208104e-08,414.1494140625,240.96435546875,-2253.257080078125,173.18505859375,X8,X10
12.506205558776855,-415.802734375,-290.74072265625,-2208.886474609375,-125.06201171875,X10,X9
14.219043731689453,152.77294921875,294.96337890625,-1819.8759765625,-142.1904296875,X9,X10
8.991715003503487e-05,340.16943359375,247.003662109375,-1985.8502197265625,93.165771484375,X8,X10
0.00017398656927980483,327.63671875,241.072265625,-2108.950439453125,86.564453125,X9,X10
9.334756851196289,182.53564453125,275.88232421875,-2079.76953125,-93.3466796875,X9,X10
0.0007053972221910954,400.8603515625,328.29638671875,-2461.560302734375,72.56396484375,X8,X10
1.2151057262599352e-06,462.8330078125,326.626220703125,-2987.32373046875,136.206787109375,X8,X10
0.0001570776366861537,383.55126953125,295.96435546875,-3260.24951171875,87.5869140625,X9,X10
1.6066877606135677e-07,471.08642578125,314.647216796875,-3257.11181640625,156.439208984375,X8,X10
1.5243075495163794e-06,477.11669921875,343.177001953125,-3467.2802734375,133.939697265625,X9,X10
5.358552880352363e-05,351.13916015625,252.797119140625,-3554.56689453125,98.342041015625,X8,X10
2.9162231740542666e-08,449.0244140625,275.5205078125,-3468.233642578125,173.50390625,X9,X10
2.062957860093917e-10,515.5078125,292.49072265625,-3552.696533203125,223.01708984375,X8,X10
1.4340819198821464e-08,400.27685546875,219.67529296875,-3545.902099609375,180.6015625,X9,X10
3.090816491635451e-11,509.75146484375,267.75146484375,-3759.89794921875,242.0,X8,X10
7.329958151558458e-08,495.080078125,330.79296875,-3633.1142578125,164.287109375,X9,X10
8.436673581968535e-10,537.029296875,328.0966796875,-3614.7490234375,208.9326171875,X8,X10
4.0915159615906305e-07,511.7470703125,364.6552734375,-3721.38916015625,147.091796875,X9,X10
3.650081126238547e-09,422.10498046875,227.81982421875,-3762.30224609375,194.28515625,X8,X10
5.558503102243151e-10,543.80908203125,330.703857421875,-3743.6669921875,213.105224609375,X9,X10
1.538914329302088e-09,532.69677734375,329.775146484375,-4075.6884765625,202.921875,X8,X10
1.6655960166644945e-08,524.8134765625,345.70849609375,-4133.677734375,179.10498046875,X9,X10
7.758955700154502e-10,524.5927734375,314.82275390625,-4067.774169921875,209.77001953125,X8,X10
4.233239536688416e-09,513.97119140625,321.16796875,-4122.0322265625,192.802978515625,X9,X10
1.8914164678918155e-10,435.79345703125,211.908447265625,-4214.96875,223.88525390625,X8,X10
1.2043195773969728e-08,515.3916015625,333.0439453125,-4200.541015625,182.34765625,X9,X10
2.002073680451577e-11,497.11669921875,250.774169921875,-4206.5673828125,246.342529296875,X8,X10
1.4261739575763266e-12,542.23974609375,269.4794921875,-4103.4306640625,272.76025390625,X9,X10
3.559051653650308e-13,517.611328125,230.969970703125,-4057.341552734375,286.64111328125,X8,X10
7.529966233876806e-11,543.86962890625,310.7744140625,-4125.408203125,233.095458984375,X9,X10
3.3859992587537135e-10,536.25439453125,318.192626953125,-4085.401611328125,218.06201171875,X8,X10
3.1350419222447856e-12,482.3037109375,217.419921875,-4219.27685546875,264.8837890625,X9,X10
2.2115993932037004e-12,557.6923828125,289.3193359375,-4213.720703125,268.373046875,X8,X10
5.134316976023075e-14,558.830078125,252.82763671875,-4227.4765625,306.00244140625,X9,X10
4.5934037188999355e-05,270.2099609375,170.3271484375,-4351.9580078125,99.8828125,X10,X10
2.0927934940573323e-09,528.5244140625,328.676513671875,-4301.892578125,199.84765625,X8,X10
7.223025932034943e-06,301.00830078125,182.6259765625,-4544.1259765625,118.38232421875,X10,X10
5.42594307262334e-06,294.7236328125,173.480712890625,-4530.25732421875,121.2431640625,X10,X10
1.8784286192480293e-12,545.466796875,275.4609375,-4497.8193359375,270.005859375,X9,X10
7.105821708819349e-08,373.0654296875,208.4677734375,-4399.904296875,164.59765625,X10,X10
2.5004865165101364e-06,303.1318359375,174.1416015625,-4489.39453125,128.990234375,X10,X10
1.869549870817111e-12,539.50048828125,269.447509765625,-4483.3837890625,270.05322265625,X8,X10
6.15379894952639e-06,301.2705078125,181.2861328125,-4384.45361328125,119.984375,X10,X10
0.0010676122037693858,332.34619140625,263.928466796875,-4920.6953125,68.41796875,X10,X10
1.936256927362323e-12,521.02099609375,251.318359375,-4496.1748046875,269.70263671875,X9,X10
0.0005620751762762666,200.4775390625,125.64111328125,-4424.4462890625,74.8359375,X10,X10
3.171109028698993e-07,323.6640625,174.02392578125,-4495.7109375,149.64013671875,X10,X10
7.508931503252825e-07,320.99658203125,179.976318359375,-4526.8935546875,141.02001953125,X10,X10
0.00016171560855582356,348.220703125,260.9248046875,-4025.58447265625,87.2958984375,X8,X10
2.482115348811931e-07,431.990234375,279.900634765625,-4289.3779296875,152.08984375,X10,X10
2.1710673536290415e-05,225.6552734375,118.2783203125,-4411.77001953125,107.376953125,X10,X10
5.92202814564402e-11,502.23681640625,266.739013671875,-4321.27734375,235.49755859375,X9,X10
4.560161581679267e-09,457.900390625,265.841064453125,-4467.1123046875,192.05908203125,X10,X10
5.7024504229730155e-08,423.63720703125,256.83935546875,-4454.548828125,166.7978515625,X10,X10
7.231045189709517e-12,530.5146484375,273.988525390625,-4420.18408203125,256.5263671875,X8,X10
2.0384443644161365e-07,416.4111328125,262.35205078125,-4689.8525390625,154.05908203125,X10,X10
2.3042330212774687e-06,384.0859375,254.278076171875,-4328.22705078125,129.8076171875,X10,X10
6.5776080191426445e-06,333.1591796875,213.84033203125,-4524.48828125,119.318359375,X10,X10
3.18225362727631e-10,481.53515625,262.8525390625,-4257.34814453125,218.6826171875,X9,X10
0.014641687273979187,245.8955078125,203.730224609375,-4436.6318359375,42.16552734375,X10,X10
6.152296464279061e-06,406.5771484375,286.59033203125,-4427.1171875,119.98681640625,X10,X10
3.559574239097446e-13,614.70947265625,328.070068359375,-4268.52197265625,286.6396484375,X8,X10
6.744777465428342e-07,411.763671875,269.67041015625,-4257.6328125,142.09326171875,X10,X10
1.0916606640876125e-07,421.83447265625,261.530517578125,-4042.90625,160.303955078125,X10,X10
9.403728490342544e-11,492.5791015625,261.705810546875,-3918.69189453125,230.873291015625,X9,X10
0.00010078796913148835,241.2197265625,149.1953125,-3926.60205078125,92.0244140625,X10,X10
1.3585275837613153e-07,387.6142578125,229.497314453125,-3888.91162109375,158.116943359375,X10,X10
1.7589616874147396e-08,412.19775390625,233.63818359375,-3883.6181640625,178.5595703125,X10,X10
8.808439844187888e-08,429.8701171875,267.420166015625,-4112.8310546875,162.44970703125,X8,X10
8.35532620868662e-09,443.1513671875,257.147705078125,-3840.80126953125,186.003662109375,X10,X10
1.6290776727601042e-08,415.001953125,235.67529296875,-3885.387451171875,179.32666015625,X10,X10
7.626207221278491e-09,465.23291015625,278.31591796875,-4040.56005859375,186.916748046875,X9,X10
2.0339702189176023e-07,426.46533203125,272.38427734375,-4005.023193359375,154.0810546875,X10,X10
1.5770899126563154e-12,541.7861328125,270.03173828125,-3783.697509765625,271.75439453125,X8,X10
1.0671822110452922e-06,307.19873046875,169.69384765625,-3998.6005859375,137.5048828125,X10,X10
9.128902078714418e-10,430.0126953125,221.86865234375,-4090.072021484375,208.14404296875,X10,X10
1.1491128049101462e-08,442.94140625,260.12451171875,-4021.433837890625,182.81689453125,X10,X10
9.244239862482573e-08,346.90625,184.939453125,-4002.38720703125,161.966796875,X10,X10
9.046154381131544e-10,487.755859375,279.520751953125,-3855.74365234375,208.235107421875,X8,X10
2.0126313415858021e-07,437.56689453125,283.38037109375,-3892.439453125,154.1865234375,X10,X10
2.4221249006473045e-08,441.84912109375,266.48876953125,-3850.332763671875,175.3603515625,X10,X10
4.0648769072948454e-12,583.20751953125,320.921142578125,-3970.39990234375,262.286376953125,X9,X10
9.950001760017368e-12,580.33203125,326.99755859375,-3873.210693359375,253.33447265625,X8,X10
9.060521777293218e-10,474.7080078125,266.48876953125,-3849.066650390625,208.21923828125,X9,X10
1.0244152193195077e-08,412.38330078125,228.417724609375,-3971.81103515625,183.965576171875,X8,X10
7.147886171843254e-10,450.2001953125,239.60986328125,-3724.705322265625,210.59033203125,X9,X10
4.960740151993548e-11,563.587890625,326.319091796875,-3853.21533203125,237.268798828125,X8,X10
9.78193415157591e-10,451.15625,243.703125,-3969.4208984375,207.453125,X9,X10
1.3369683138364508e-09,452.12255859375,247.7939453125,-4012.675048828125,204.32861328125,X8,X10
0.6931471824645996,118.14041137695312,118.14041137695312,0.0,0.0,X9,X10
0.01016742829233408,173.8594970703125,128.02471923828125,-39.072357177734375,45.83477783203125,X19,X10
3.570538638086873e-06,249.40228271484375,123.974365234375,-126.24197387695312,125.42791748046875,X8,X10
1.3647137393490993e-06,264.16253662109375,129.11688232421875,-198.742431640625,135.045654296875,X20,X10
8.965561733020877e-07,261.045166015625,121.79812622070312,-252.4005889892578,139.24703979492188,X7,X10
2.3303666239371523e-05,229.87872314453125,123.2098388671875,-355.3120422363281,106.66888427734375,X7,X10
7.762339009786956e-06,255.32666015625,137.6644287109375,-399.36865234375,117.6622314453125,X18,X10
13.940122604370117,-271.272705078125,-131.87149047851562,-447.52703857421875,-139.40121459960938,X10,X23
0.03318656235933304,159.67913818359375,125.7894287109375,-434.7730407714844,33.88970947265625,X9,X10
2.4812283299979754e-05,235.4708251953125,129.42922973632812,-505.93988037109375,106.04159545898438,X9,X10
0.002099866047501564,186.1796875,124.53140258789062,-703.3334350585938,61.6483154296875,X8,X10
1.607479149789981e-10,351.1497802734375,125.637939453125,-765.8506469726562,225.5118408203125,X9,X10
1.679995899339648e-11,374.70166015625,126.60519409179688,-922.012451171875,248.096435546875,X8,X10
2.941045407212073e-09,319.646240234375,123.20123291015625,-1013.5576171875,196.44500732421875,X9,X10
8.152377427642077e-13,401.478759765625,123.1258544921875,-1048.238037109375,278.35296630859375,X8,X10
1.2528261034931015e-13,413.02294921875,115.94091796875,-1323.4248046875,297.08203125,X9,X10
7.920125330313638e-14,422.57568359375,120.90777587890625,-1533.021240234375,301.6678466796875,X8,X10
6.594769489613045e-14,430.98974609375,127.49066162109375,-1843.310302734375,303.4991455078125,X9,X10
3.9966582154231725e-14,439.130615234375,130.623291015625,-2218.209716796875,308.50732421875,X8,X10
2.63300276357294e-14,441.16943359375,128.48883056640625,-2665.5146484375,312.6806640625,X8,X10
1.0985942109362559e-13,423.99072265625,125.59490966796875,-2871.755859375,298.395751953125,X9,X10
7.765514034759058e-14,428.7001953125,126.83505249023438,-3190.353515625,301.864990234375,X8,X10
1.880986584209838e-14,437.74658203125,121.70266723632812,-3512.671630859375,316.0439453125,X9,X10
6.266993868297988e-11,353.38525390625,118.453857421875,-3841.1279296875,234.931396484375,X8,X10
5.022720300519026e-15,458.1416015625,128.8935546875,-3885.783203125,329.248046875,X9,X10
3.949195814811901e-08,294.458984375,123.98724365234375,-4216.89111328125,170.4716796875,X9,X10
6.3057452461641114e-15,455.21875,128.24591064453125,-4266.3623046875,326.97314453125,X8,X10
9.085232024162726e-14,427.87744140625,127.58200073242188,-4585.2744140625,300.29541015625,X8,X10
3.5174196454795803e-13,410.1669921875,123.40863037109375,-4625.27001953125,286.7587890625,X9,X10
2.2744696751009208e-11,372.6103515625,127.54364013671875,-4783.388671875,245.06689453125,X8,X10
4.184762464261608e-15,456.43408203125,125.3609619140625,-4856.09228515625,331.0732421875,X9,X10
4.756577466294041e-15,454.91162109375,125.11920166015625,-4876.1005859375,329.79248046875,X8,X10
1.3284841451330397e-15,468.861328125,126.31411743164062,-4889.6123046875,342.54736328125,X9,X10
2.7281599288692115e-12,392.4375,126.16342163085938,-5098.611328125,266.27392578125,X8,X10
5.561291376954096e-14,432.029296875,126.82568359375,-5114.2822265625,305.20361328125,X9,X10
3.914823132333822e-09,318.40234375,124.81735229492188,-5172.8583984375,193.5849609375,X10,X10
3.051948816823295e-14,440.19921875,128.99508666992188,-5176.2119140625,311.2041015625,X8,X10
0.0008421750972047448,194.8330078125,124.04183959960938,-5412.19482421875,70.791015625,X10,X10
3.0797093586443225e-06,249.310546875,122.4039306640625,-5294.91796875,126.90673828125,X10,X10
1.0608183033172444e-14,449.1181640625,127.3465576171875,-4982.275390625,321.771484375,X9,X10
6.478319209442111e-16,475.7041015625,125.97515869140625,-4937.8037109375,349.72900390625,X8,X10
9.588028981877272e-11,346.296875,115.61773681640625,-4884.8974609375,230.67919921875,X9,X10
4.58914644566738e-13,408.5751953125,124.47613525390625,-4680.2861328125,284.09912109375,X8,X10
2.1468044356098837e-12,393.55029296875,124.87969970703125,-4588.0361328125,268.67041015625,X9,X10
4.0584216217699753e-13,409.2666015625,123.9383544921875,-4536.6376953125,285.328125,X8,X10
1.9405208342981872e-11,371.4921875,124.83740234375,-4731.1513671875,246.65478515625,X9,X10
2.4779607619290767e-12,390.12451171875,122.88897705078125,-4433.59375,267.23583984375,X8,X10
2.0789306040547295e-11,363.81640625,117.85089111328125,-4673.04150390625,245.9658203125,X9,X10
1.52790124302582e-11,372.54638671875,123.50115966796875,-4205.8251953125,249.04541015625,X8,X10
8.827735764604938e-11,353.8115234375,122.305908203125,-4429.35546875,231.50537109375,X9,X10
4.962074501291269e-11,361.0341796875,123.7679443359375,-4520.2470703125,237.26611328125,X8,X10
8.539016715936043e-11,352.5,120.66201782226562,-4190.04052734375,231.837890625,X9,X10
7.965070270010699e-11,346.6064453125,114.072998046875,-4160.6005859375,232.53369140625,X8,X10
3.468160758579586e-10,341.63037109375,123.8079833984375,-4311.990234375,217.822265625,X9,X10
4.1864556959980703e-11,359.87890625,120.9134521484375,-4272.06591796875,238.9658203125,X8,X10
2.360636408571537e-10,337.24560546875,115.576416015625,-4082.2939453125,221.669189453125,X9,X10
2.6988949963779874e-10,344.921875,124.59219360351562,-4233.4501953125,220.330078125,X8,X10
6.664519491828003e-10,331.162109375,119.87158203125,-4058.018310546875,211.29052734375,X9,X10
2.035442231429485e-10,348.0517578125,124.90005493164062,-4223.6240234375,223.1513671875,X8,X10
6.6703984558103e-09,315.3310546875,127.0751953125,-4278.5341796875,188.255859375,X9,X10
8.863588335517036e-11,354.560546875,123.09603881835938,-4227.72900390625,231.46484375,X8,X10
4.077135962177181e-09,317.6318359375,124.4532470703125,-4337.5234375,193.1787109375,X9,X10
9.269955913993044e-10,334.89404296875,126.90328979492188,-4205.3447265625,207.99072265625,X8,X10
1.8145261959645609e-09,324.67822265625,123.40347290039062,-4369.41064453125,201.2744140625,X9,X10
5.036538408553781e-10,337.42724609375,123.33621215820312,-4322.724609375,214.09130859375,X8,X10
4.315992008230296e-09,315.63232421875,123.02288818359375,-4352.27783203125,192.609375,X9,X10
1.680371675139014e-10,342.28076171875,117.2122802734375,-4284.4951171875,225.068359375,X8,X10
2.188147885107128e-09,320.10888671875,120.7066650390625,-4044.7568359375,199.402099609375,X9,X10
1.3138594379125124e-10,348.9052734375,121.37652587890625,-4083.275146484375,227.52880859375,X8,X10
9.914415954881406e-10,328.654296875,121.33575439453125,-4162.7177734375,207.318603515625,X9,X10
4.945176712567445e-09,314.80908203125,123.56082153320312,-4160.599609375,191.24853515625,X8,X10
5.282506654324948e-10,330.6962890625,117.08169555664062,-4199.56640625,213.614501953125,X9,X10
1.3514720453855489e-09,331.4814453125,127.260986328125,-4224.99267578125,204.220703125,X8,X10
2.688184563837126e-09,310.904296875,113.56027221679688,-4161.65673828125,197.343994140625,X9,X10
1.1479855954732443e-10,347.12548828125,118.24746704101562,-4290.6015625,228.87841796875,X8,X10
1.087637979679812e-09,325.2685546875,118.876220703125,-4029.90576171875,206.392578125,X9,X10
6.772776228736177e-10,337.353515625,126.224365234375,-4181.763671875,211.12939453125,X8,X10
1.4456824182218497e-08,302.64404296875,122.12286376953125,-4416.7744140625,180.52099609375,X9,X10
5.421402882177517e-09,311.72607421875,121.3970947265625,-4211.8037109375,190.3291015625,X8,X10
2.6123547769429933e-09,320.765625,123.13583374023438,-4098.75146484375,197.630126953125,X9,X10
1.5092238569991423e-09,329.1123046875,125.99557495117188,-4183.5068359375,203.11669921875,X8,X10
3.662934844328447e-09,315.98095703125,121.7310791015625,-4078.212890625,194.25,X9,X10
3.2339531053082737e-09,318.38818359375,122.89263916015625,-4124.548828125,195.49560546875,X8,X10
2.64264041760498e-08,295.13330078125,120.64434814453125,-4064.80859375,174.489013671875,X9,X10
2.294782586176325e-09,324.1943359375,125.26824951171875,-4149.173828125,198.92626953125,X8,X10
2.123881959192886e-09,321.71240234375,122.01226806640625,-4063.580078125,199.7001953125,X9,X10
1.962924267573385e-10,339.515625,116.00128173828125,-4387.1572265625,223.51416015625,X8,X10
4.991991708891419e-09,310.5361328125,119.38201904296875,-4292.39892578125,191.154296875,X9,X10
4.713635592956678e-10,338.2919921875,123.5380859375,-4035.27001953125,214.75390625,X8,X10
1.530110371739113e-09,323.91259765625,120.93341064453125,-4059.30859375,202.979248046875,X9,X10
2.764652673459267e-10,338.28369140625,118.19415283203125,-4323.3759765625,220.08935546875,X8,X10
1.222389212074404e-08,303.7958984375,121.59738159179688,-4249.0390625,182.19873046875,X9,X10
4.025894728698631e-09,316.81005859375,123.5048828125,-4324.134765625,193.30517578125,X8,X10
6.014742481852409e-09,313.27978515625,123.9892578125,-3992.374755859375,189.29052734375,X9,X10
8.882907742702173e-09,308.55908203125,123.16775512695312,-4153.94287109375,185.391357421875,X8,X10
5.458995921969745e-09,313.8642578125,123.604248046875,-4096.88525390625,190.260009765625,X9,X10
5.806369829386426e-10,335.94775390625,123.27880859375,-4105.1103515625,212.6689453125,X8,X10
5.7454738744411316e-09,304.44384765625,114.695556640625,-4278.373046875,189.74853515625,X9,X10
1.0987663001671422e-09,330.5703125,124.27932739257812,-4192.79296875,206.290771484375,X8,X10
1.7798645890465536e-09,319.9619140625,118.4945068359375,-4168.833984375,201.46728515625,X9,X10
2.9628560715977414e-10,341.4619140625,122.06466674804688,-4217.1416015625,219.39697265625,X8,X10
4.254690821881013e-09,311.95751953125,119.20513916015625,-4043.913818359375,192.75244140625,X9,X10
2.2742650429563582e-08,298.0458984375,122.05560302734375,-4107.45263671875,175.990234375,X9,X10
5.441808670347825e-10,339.07470703125,125.75726318359375,-4005.5927734375,213.3173828125,X8,X10
5.910634204298049e-10,340.9130859375,128.42214965820312,-4097.919921875,212.490966796875,X8,X10
1.3416794786280661e-08,305.87255859375,124.60488891601562,-4144.31884765625,181.267578125,X9,X10
2.2333233040683353e-09,327.462890625,128.26528930664062,-4133.69921875,199.19775390625,X8,X10
5.155487148300608e-09,309.35693359375,118.52468872070312,-4076.2421875,190.83203125,X9,X10
8.628115999442798e-10,337.02197265625,128.31393432617188,-4168.849609375,208.708251953125,X8,X10
1.7660574114231053e-09,326.392578125,124.84759521484375,-4091.99560546875,201.545166015625,X9,X10
2.4694166711469734e-08,297.4306640625,122.263916015625,-4126.2373046875,175.1669921875,X8,X10
1.2208374755573459e-08,308.01806640625,125.806640625,-4170.556640625,182.21142578125,X9,X10
2.022077838503833e-09,327.095703125,126.90447998046875,-4208.2548828125,200.19140625,X8,X10
3.1877043227268587e-09,322.27099609375,126.63125610351562,-4230.87841796875,195.6396484375,X9,X10
1.876655275623307e-09,328.21337890625,127.27569580078125,-4183.06689453125,200.937744140625,X8,X10
1.4519103785914922e-07,281.38330078125,123.9310302734375,-4189.44775390625,157.4521484375,X9,X10
6.094124671562895e-08,291.88720703125,125.75390625,-4167.06005859375,166.133544921875,X8,X10
2.8019059072903474e-08,292.986328125,119.08273315429688,-4265.7841796875,173.90380859375,X9,X10
0.6931471824645996,334.05908203125,334.05908203125,0.0,0.0,X8,X10
2.0439262016225257e-07,479.755859375,325.7236328125,-955.79345703125,154.0322265625,X9,X10
5.660998431267217e-05,403.4794921875,305.6865234375,-1545.794921875,97.79296875,X8,X10
1.758187018197077e-08,494.0712890625,315.50732421875,-1948.198486328125,178.56396484375,X9,X10
6.926307083432448e-09,511.81103515625,323.931640625,-2049.901123046875,187.87939453125,X8,X10
6.093106549087679e-06,416.3193359375,296.23583984375,-2123.617431640625,120.08349609375,X9,X10
8.071958379485267e-11,569.484375,337.083984375,-1849.97412109375,232.400390625,X8,X10
1.5042241230389664e-08,469.68994140625,289.56591796875,-2000.2978515625,180.1240234375,X9,X10
6.699427679279779e-10,545.826171875,334.587890625,-1979.90869140625,211.23828125,X8,X10
4.68816319099119e-10,535.291015625,320.48291015625,-2038.179443359375,214.80810546875,X9,X10
8.171700028469786e-05,421.435546875,327.3134765625,-2198.939453125,94.1220703125,X8,X10
2.652521757795512e-09,510.919921875,313.4423828125,-2301.34130859375,197.4775390625,X9,X10
2.7117314971292217e-07,482.8818359375,331.6767578125,-2529.02734375,151.205078125,X8,X10
2.774670049277006e-09,516.3876953125,319.3603515625,-2568.6474609375,197.02734375,X9,X10
0.001783786341547966,309.92578125,246.64453125,-2591.630859375,63.28125,X10,X10
19.773778915405273,129.1357421875,326.87353515625,-2473.967529296875,-197.73779296875,X8,X10
25.145898818969727,-3.8408203125,247.6181640625,-3571.923828125,-251.458984375,X10,X10
18.262256622314453,37.18896484375,219.8115234375,-3234.185302734375,-182.62255859375,X10,X10
17.66748046875,75.7509765625,252.42578125,-3848.310546875,-176.6748046875,X10,X10
20.093652725219727,114.0703125,315.0068359375,-3696.28564453125,-200.9365234375,X9,X10
9.159284591674805,132.892578125,224.484375,-3544.4423828125,-91.591796875,X10,X10
0.41998836398124695,239.4267578125,232.9248046875,-4501.0341796875,6.501953125,X10,X10
0.02624448761343956,373.388671875,337.1171875,-5231.8056640625,36.271484375,X8,X10
0.042524874210357666,275.146484375,243.783203125,-6681.19921875,31.36328125,X10,X10
1.2951887845993042,180.603515625,190.35546875,-8093.48291015625,-9.751953125,X10,X10
0.00464980723336339,370.71484375,317.02880859375,-7971.234375,53.68603515625,X9,X10
0.0005146692274138331,307.0908203125,231.37353515625,-7207.80859375,75.71728515625,X10,X10
0.3940843641757965,195.74609375,188.46923828125,-5169.7802734375,7.27685546875,X10,X10
1.0785376758359888e-10,472.9609375,243.45849609375,-4501.416015625,229.50244140625,X10,X10
3.5519720498200513e-09,519.1220703125,324.564453125,-4399.41162109375,194.5576171875,X8,X10
3.208756827952075e-12,495.529296875,230.8779296875,-3859.13037109375,264.6513671875,X10,X10
1.929823962849679e-15,662.4609375,323.6474609375,-3641.27783203125,338.8134765625,X9,X10
7.394946634209365e-12,504.14794921875,247.845703125,-3620.458251953125,256.30224609375,X10,X10
2.1361254440104525e-14,649.91259765625,335.140625,-3634.068115234375,314.77197265625,X8,X10
1.188085860803767e-07,386.19384765625,226.736328125,-3767.563720703125,159.45751953125,X10,X10
1.3222194606560267e-12,506.77099609375,233.25390625,-3728.294189453125,273.51708984375,X10,X10
9.58614090884602e-12,494.716796875,241.009765625,-3765.4521484375,253.70703125,X10,X10
3.5558977815283483e-16,677.466796875,321.7392578125,-3784.05078125,355.7275390625,X9,X10
8.111558599921409e-06,319.8056640625,202.58349609375,-3909.718994140625,117.22216796875,X10,X10
9.569864545255768e-08,386.794921875,225.17431640625,-3955.275146484375,161.62060546875,X10,X10
8.002500051507155e-11,556.724609375,324.23779296875,-4002.859619140625,232.48681640625,X8,X10
2.465669604134746e-05,321.9716796875,215.8671875,-3996.474609375,106.1044921875,X10,X10
4.322767495068547e-07,372.78125,226.2392578125,-3830.09619140625,146.5419921875,X10,X10
2.9178694199156585e-16,693.6494140625,335.9443359375,-4119.77783203125,357.705078125,X9,X10
1.7591124954266513e-12,513.8955078125,243.2333984375,-3914.283203125,270.662109375,X10,X10
0.00038352340925484896,268.0478515625,189.388671875,-4088.12060546875,78.6591796875,X10,X10
4.460370267578284e-11,481.5390625,243.20703125,-3907.072265625,238.33203125,X10,X10
7.226061112322602e-14,624.0859375,321.5009765625,-3805.77587890625,302.5849609375,X8,X10
1.2302785743281697e-12,514.76806640625,240.5302734375,-3621.312744140625,274.23779296875,X10,X10
1.8778552357527368e-16,682.369140625,320.2568359375,-3666.55615234375,362.1123046875,X9,X10
2.0366243413949547e-12,511.2958984375,242.0986328125,-3588.20703125,269.197265625,X10,X10
4.286304085764184e-16,696.9345703125,343.0751953125,-3506.0009765625,353.859375,X8,X10
2.70481857397864e-12,502.12744140625,235.767578125,-3530.824951171875,266.35986328125,X10,X10
4.777140016898329e-09,418.51953125,226.92529296875,-3498.031494140625,191.59423828125,X10,X10
9.00760976918491e-09,407.98876953125,222.73681640625,-3442.96142578125,185.251953125,X10,X10
1.0279798312159082e-15,681.7353515625,336.62353515625,-3258.483154296875,345.11181640625,X8,X10
6.025647508067777e-06,318.4423828125,198.24755859375,-3364.146728515625,120.19482421875,X10,X10
7.402189278193916e-11,496.37646484375,263.10986328125,-3348.81005859375,233.2666015625,X9,X10
1.9324835134892915e-11,570.41796875,323.7216796875,-3342.056640625,246.6962890625,X8,X10
3.540875231911045e-11,555.2666015625,314.6259765625,-3559.8828125,240.640625,X9,X10
3.438091909828628e-15,661.8427734375,328.80419921875,-3178.602783203125,333.03857421875,X8,X10
4.320978491190782e-15,643.505859375,312.7529296875,-3175.76220703125,330.7529296875,X9,X10
5.574397055063685e-10,505.11328125,292.03662109375,-3213.639404296875,213.07666015625,X8,X10
8.237956757722875e-13,578.04638671875,299.7978515625,-3187.383544921875,278.24853515625,X9,X10
2.216248885800187e-12,597.40771484375,329.0556640625,-3228.032470703125,268.35205078125,X8,X10
1.8868805443886943e-13,585.208984375,292.22216796875,-3404.748291015625,292.98681640625,X9,X10
7.078660269434819e-15,648.36376953125,322.546875,-3202.729248046875,325.81689453125,X9,X10
2.4062866025372116e-14,656.68603515625,343.10498046875,-3148.3330078125,313.5810546875,X8,X10
5.972509271000292e-14,645.2275390625,340.7373046875,-3019.38720703125,304.490234375,X8,X10
1.0751587405208492e-14,644.57177734375,322.9345703125,-3196.329833984375,321.63720703125,X9,X10
1.488571852586995e-12,600.69775390625,328.36572265625,-3156.5732421875,272.33203125,X8,X10
7.897207498672957e-15,646.1513671875,321.4287109375,-3089.4853515625,324.72265625,X9,X10
1.7229013354880252e-12,576.72265625,305.8525390625,-3115.83349609375,270.8701171875,X9,X10
3.3882791727500236e-14,630.53271484375,320.3740234375,-3080.125732421875,310.15869140625,X9,X10
2.4888743409973157e-12,600.896484375,333.70458984375,-3177.459716796875,267.19189453125,X8,X10
1.4579300223679925e-12,595.2734375,322.7333984375,-3422.14013671875,272.5400390625,X9,X10
1.999662506977154e-14,649.1064453125,333.67431640625,-3059.720458984375,315.43212890625,X8,X10
7.420265790702985e-12,575.39599609375,319.1279296875,-2971.384521484375,256.26806640625,X9,X10
2.3116196592532293e-14,652.38720703125,338.40478515625,-3085.74853515625,313.982421875,X8,X10
1.6983431804992732e-12,578.81640625,307.802734375,-3081.060546875,271.013671875,X9,X10
1.5572719979858873e-12,598.79833984375,326.91748046875,-3149.37255859375,271.880859375,X8,X10
3.5666948046278804e-14,641.2685546875,331.623046875,-3333.59326171875,309.6455078125,X9,X10
1.9427852610085644e-13,608.43115234375,315.736328125,-3103.272216796875,292.69482421875,X8,X10
2.1055817408643235e-13,583.44384765625,291.5537109375,-2949.533935546875,291.89013671875,X8,X10
2.2925008127326315e-15,637.59912109375,300.5078125,-3127.209228515625,337.09130859375,X9,X10
2.734147814837523e-14,651.9814453125,339.677734375,-3164.97509765625,312.3037109375,X8,X10
6.000916430437542e-11,545.62109375,310.255859375,-3084.5693359375,235.365234375,X9,X10
8.489914500586782e-13,608.07861328125,330.13134765625,-3118.396484375,277.947265625,X8,X10
1.8238276150829916e-14,636.78466796875,320.43212890625,-3308.4658203125,316.3525390625,X9,X10
1.1083225266370067e-12,580.62353515625,305.341796875,-3138.727294921875,275.28173828125,X9,X10
2.4573598364496796e-12,595.7490234375,328.4296875,-3120.12890625,267.3193359375,X8,X10
1.4744658402218724e-12,594.8076171875,322.38037109375,-3068.697509765625,272.42724609375,X8,X10
8.600035288942875e-14,624.044921875,323.20068359375,-3103.557861328125,300.84423828125,X9,X10
2.1986683239566367e-14,651.951171875,337.4677734375,-3142.8466796875,314.4833984375,X8,X10
1.131442978723066e-14,636.40966796875,315.28271484375,-3083.9990234375,321.126953125,X9,X10
1.218975143263759e-13,641.1552734375,343.79931640625,-3283.843017578125,297.35595703125,X8,X10
9.370835609757468e-15,642.61376953125,319.60205078125,-3165.78662109375,323.01171875,X9,X10
7.590312406380306e-11,561.505859375,328.490234375,-3199.720703125,233.015625,X8,X10
1.19745144355754e-10,456.8017578125,228.34521484375,-3191.940673828125,228.45654296875,X10,X10
2.0339324435835263e-14,632.578125,317.31591796875,-3065.893310546875,315.26220703125,X9,X10
8.7236284862513e-10,452.478515625,243.88037109375,-3143.244873046875,208.59814453125,X10,X10
1.3564392986609164e-07,388.95947265625,230.8271484375,-3152.698486328125,158.13232421875,X10,X10
5.2885142418730366e-14,649.54736328125,343.8408203125,-3123.672607421875,305.70654296875,X8,X10
4.637611406010933e-10,456.98583984375,242.0693359375,-3143.915283203125,214.91650390625,X10,X10
1.952215888945119e-10,518.66552734375,295.0966796875,-3176.181396484375,223.56884765625,X9,X10
1.6046654022910944e-12,605.220703125,333.6396484375,-3108.91064453125,271.5810546875,X8,X10
7.719222938802617e-13,576.15478515625,297.255859375,-3069.488525390625,278.89892578125,X9,X10
4.531018436967557e-14,648.0126953125,340.76025390625,-3331.156005859375,307.25244140625,X8,X10
7.721858092182843e-13,583.302734375,304.4072265625,-3019.00830078125,278.8955078125,X9,X10
3.042594388241726e-12,593.56591796875,328.3828125,-2951.452392578125,265.18310546875,X8,X10
1.7427934095870512e-10,513.23486328125,288.53125,-3067.649658203125,224.70361328125,X9,X10
8.934379278069393e-12,530.6669921875,276.255859375,-3084.86767578125,254.4111328125,X8,X10
3.559043047795564e-14,629.80859375,320.1416015625,-3021.3662109375,309.6669921875,X9,X10
3.758716750253957e-15,647.99560546875,315.8486328125,-3018.407958984375,332.14697265625,X8,X10
2.035919582877785e-14,642.8798828125,327.62744140625,-3237.041748046875,315.25244140625,X9,X10
1.0418813571220695e-13,634.84521484375,335.91943359375,-2979.44140625,298.92578125,X8,X10
8.066740296032958e-15,644.68115234375,320.1708984375,-2958.120849609375,324.51025390625,X9,X10
2.898286875795998e-14,654.587890625,342.8671875,-3420.7294921875,311.720703125,X8,X10
4.198082989093424e-14,628.732421875,320.716796875,-3131.33837890625,308.015625,X9,X10
1.3670590267439442e-12,597.47509765625,324.29150390625,-3111.017578125,273.18359375,X8,X10
7.750226155289752e-11,543.3037109375,310.49658203125,-2938.603271484375,232.80712890625,X9,X10
6.445923239617457e-10,509.54638671875,297.92236328125,-3100.86669921875,211.6240234375,X8,X10
9.369563284955529e-12,521.998046875,268.0625,-3100.4072265625,253.935546875,X9,X10
2.1951530870811808e-10,545.2666015625,322.87060546875,-3205.536376953125,222.39599609375,X8,X10
1.3197114234753116e-10,539.9423828125,312.4580078125,-3064.57763671875,227.484375,X9,X10
3.1817647475063104e-12,591.0087890625,326.27294921875,-3056.803466796875,264.73583984375,X8,X10
3.5009592880969054e-14,637.02783203125,327.1962890625,-3024.672119140625,309.83154296875,X9,X10
1.1136896255464074e-13,646.1162109375,347.85693359375,-3164.365966796875,298.25927734375,X8,X10
0.6931471824645996,0.0,0.0,-3155.37646484375,0.0,X10,X10
9.125245860591019e-14,630.4365234375,330.18505859375,-3396.976806640625,300.25146484375,X9,X10
1.4531722179744744e-11,539.4052734375,289.8583984375,-3123.9462890625,249.546875,X8,X10
1.9977106042535012e-14,639.29541015625,323.853515625,-3082.492919921875,315.44189453125,X9,X10
5.1471220813064864e-14,646.9736328125,340.99609375,-3302.01513671875,305.9775390625,X8,X10
1.076997733752633e-14,634.70703125,313.0869140625,-3071.3115234375,321.6201171875,X9,X10
8.936156675742879e-11,555.81103515625,324.427734375,-3181.445556640625,231.38330078125,X8,X10
6.234184002362753e-11,523.29931640625,288.3154296875,-3097.155029296875,234.98388671875,X9,X10
6.850272571412575e-10,543.634765625,332.619140625,-3349.13330078125,211.015625,X8,X10
3.20639206104114e-14,637.12744140625,326.4169921875,-3102.822509765625,310.71044921875,X9,X10
1.1262218241325783e-10,557.2880859375,328.21826171875,-3129.405029296875,229.06982421875,X8,X10
8.961014981261062e-13,588.0302734375,310.623046875,-3138.40234375,277.4072265625,X9,X10
6.844172581108032e-14,636.63427734375,333.50634765625,-3112.96875,303.1279296875,X8,X10
2.0904055277813334e-15,636.99072265625,298.9765625,-3062.709228515625,338.01416015625,X9,X10
5.1753458967353574e-14,646.5498046875,340.626953125,-3049.478515625,305.9228515625,X8,X10
0.6931471824645996,57.93658447265625,57.93658447265625,0.0,0.0,X19,X10
1.4719104766845703,-2.1348876953125,9.97723388671875,-5.10107421875,-12.11212158203125,X18,X3
3.8514870539074764e-05,397.86920166015625,296.2247314453125,-74.18545532226562,101.64447021484375,X13,X10
0.01820731908082962,43.5032958984375,3.53515625,-38.87322998046875,39.9681396484375,X17,X20
1.12136308416666e-06,450.03692626953125,313.02728271484375,-106.57318115234375,137.0096435546875,X19,X10
3.330823346914258e-06,441.8099060058594,315.68701171875,-96.09309387207031,126.12289428710938,X18,X10
14.369004249572754,-458.0109558105469,-314.3209228515625,-123.43507385253906,-143.69003295898438,X10,X18
11.411467552185059,124.21551513671875,238.330078125,-112.89096069335938,-114.11456298828125,X17,X10
0.6798818111419678,311.17529296875,310.908203125,-93.10101318359375,0.26708984375,X18,X10
1.5939635886752512e-06,436.35589599609375,302.863037109375,-179.33767700195312,133.49285888671875,X17,X10
1.710946406774383e-07,462.04290771484375,306.232421875,-214.02120971679688,155.81048583984375,X17,X10
7.280422210693359,-377.383544921875,-304.5862121582031,-338.0860595703125,-72.79733276367188,X10,X21
0.003121576039120555,364.84027099609375,307.1617126464844,-242.5498809814453,57.678558349609375,X17,X10
5.3297888371162117e-05,391.06982421875,292.6739501953125,-306.88104248046875,98.3958740234375,X18,X10
8.781044743955135e-05,398.21380615234375,304.8109436035156,-422.8642578125,93.40286254882812,X19,X10
1.6073890947154723e-05,413.0311279296875,302.6480712890625,-448.65936279296875,110.383056640625,X18,X10
2.4303504687850364e-05,414.75634765625,308.507568359375,-459.474853515625,106.248779296875,X18,X10
9.26340180740226e-06,423.54052734375,307.64617919921875,-539.9503173828125,115.89434814453125,X18,X10
3.844415914500132e-05,410.92041015625,309.257568359375,-604.58642578125,101.662841796875,X9,X10
9.65942945185816e-06,422.5899658203125,307.1142578125,-562.5419921875,115.4757080078125,X8,X10
9.435157153347973e-06,422.114501953125,306.4039001464844,-644.275390625,115.71063232421875,X9,X10
14.561169624328613,-456.558349609375,-310.9466552734375,-654.9337768554688,-145.6116943359375,X10,X18
0.021939611062407494,337.3538818359375,299.2691650390625,-598.1151123046875,38.084716796875,X8,X10
0.0010289845522493124,373.2088623046875,304.42218017578125,-585.9996337890625,68.78668212890625,X18,X10
0.0002883625274989754,387.69384765625,306.182373046875,-636.441162109375,81.511474609375,X8,X10
9.597396274330094e-05,406.7095947265625,314.19573974609375,-706.875244140625,92.51385498046875,X18,X10
15.901318550109863,-417.215576171875,-258.2023620605469,-743.63037109375,-159.01318359375,X10,X17
0.0010221836855635047,382.3756103515625,313.5226135253906,-682.174072265625,68.85302734375,X18,X10
0.008177951909601688,351.9005126953125,303.8782958984375,-703.2308349609375,48.022216796875,X9,X10
0.0017978952964767814,364.71728515625,301.514892578125,-742.4908447265625,63.202392578125,X9,X10
4.4605141738429666e-05,399.16259765625,298.9862060546875,-785.1265258789062,100.1763916015625,X8,X10
1.014148710964946e-05,416.304443359375,301.31573486328125,-834.4666748046875,114.98870849609375,X8,X10
8.321111636178102e-06,422.35546875,305.38836669921875,-865.0936279296875,116.96710205078125,X9,X10
1.4583714573745965e-06,433.00390625,298.6219482421875,-981.4873046875,134.38189697265625,X8,X10
1.295685592594964e-06,437.3382568359375,301.7735900878906,-967.6885986328125,135.564697265625,X9,X10
1.5343127870437456e-06,436.2767333984375,302.4024963378906,-998.3641357421875,133.874267578125,X8,X10
1.289791384806449e-06,420.008544921875,284.3983154296875,-1004.345947265625,135.61029052734375,X9,X10
1.413733912158932e-06,442.427978515625,307.7352600097656,-978.6176147460938,134.6927490234375,X8,X10
2.2102037746662972e-06,437.4649658203125,307.24072265625,-981.4902954101562,130.2242431640625,X9,X10
1.1040455092370394e-06,437.4891357421875,300.3238525390625,-996.0294189453125,137.165283203125,X8,X10
2.8912299967487343e-06,432.8699951171875,305.33172607421875,-1009.6556396484375,127.53826904296875,X9,X10
3.849378572340356e-06,432.8994140625,308.22344970703125,-1013.9315185546875,124.67596435546875,X8,X10
3.69759959539806e-06,428.9456787109375,303.8674621582031,-1022.3693237304688,125.0782470703125,X9,X10
4.1298817450297065e-06,425.8604736328125,301.8878173828125,-1069.870361328125,123.97259521484375,X8,X10
1.2655596037802752e-05,419.109375,306.3353271484375,-1083.2158203125,112.7740478515625,X9,X10
2.7457440410216805e-06,433.7410888671875,305.6865234375,-1065.32568359375,128.0545654296875,X8,X10
3.1836423204367748e-06,432.2547607421875,305.6798400878906,-1008.7763061523438,126.5748291015625,X9,X10
2.15747741094674e-06,437.8719482421875,307.40618896484375,-1015.5191040039062,130.4656982421875,X8,X10
9.002548040371039e-07,441.247314453125,302.04144287109375,-1031.3851318359375,139.20587158203125,X9,X10
1.563506202728604e-06,438.361083984375,304.6753234863281,-1114.5093994140625,133.685791015625,X8,X10
5.994172056489333e-07,444.6312255859375,301.3581848144531,-1030.244384765625,143.2730712890625,X9,X10
3.8219624798330187e-07,452.065673828125,304.2923583984375,-1095.004638671875,147.7733154296875,X8,X10
3.600407296744379e-07,451.8369140625,303.4664611816406,-1056.643310546875,148.3704833984375,X9,X10
6.457990480157605e-07,451.0816650390625,308.55389404296875,-1052.267822265625,142.52777099609375,X8,X10
7.918820301711094e-07,449.89453125,309.406005859375,-1140.716552734375,140.488525390625,X9,X10
3.8698482285326463e-07,456.771484375,309.1225891113281,-1056.835205078125,147.6488037109375,X8,X10
3.105166115346947e-07,456.9482421875,307.0980224609375,-1047.8233642578125,149.85028076171875,X9,X10
4.1843512121886306e-07,453.530029296875,306.66259765625,-1060.2391357421875,146.867431640625,X8,X10
0.002089979825541377,314.08447265625,252.388916015625,-1097.507080078125,61.695556640625,X10,X10
1.1900237240070055e-07,466.0401611328125,306.59893798828125,-1079.4405517578125,159.44122314453125,X9,X10
0.0003863987512886524,322.762451171875,244.177978515625,-1231.0496826171875,78.58447265625,X10,X10
8.611925395030084e-09,488.944580078125,303.243408203125,-1225.095458984375,185.701171875,X8,X10
4.51590349257458e-05,351.27783203125,251.22482299804688,-1212.4013671875,100.052978515625,X10,X10
3.16072218993213e-05,355.236083984375,251.61492919921875,-1223.71923828125,103.62109375,X10,X10
2.439622585370671e-05,357.083740234375,250.8731689453125,-1244.7655029296875,106.210693359375,X10,X10
1.2136279758934165e-09,499.605224609375,294.3087158203125,-1198.99267578125,205.2965087890625,X9,X10
1.474952296121046e-05,362.5672607421875,251.32440185546875,-1267.1507568359375,111.242919921875,X10,X10
6.670761649729684e-06,360.5721435546875,241.3944091796875,-1274.341796875,119.177734375,X10,X10
7.831094661625571e-10,514.929443359375,305.2519836425781,-1231.3460693359375,209.677490234375,X8,X10
1.1267124136793427e-05,365.0738525390625,251.1376953125,-1304.168212890625,113.9361572265625,X10,X10
6.48845298201195e-06,370.64306640625,251.188232421875,-1341.81103515625,119.454833984375,X10,X10
3.8284694858781165e-10,515.8746337890625,299.04071044921875,-1306.643310546875,216.8338623046875,X9,X10
7.682398063479923e-06,368.7615966796875,250.995849609375,-1344.00341796875,117.7657470703125,X10,X10
1.0457215466885827e-05,368.081298828125,253.39923095703125,-1350.7734375,114.68212890625,X10,X10
1.579542526997102e-06,369.47119140625,235.88751220703125,-1372.3868408203125,133.583740234375,X10,X10
4.217240723303206e-10,515.01025390625,299.1435546875,-1348.678955078125,215.86669921875,X8,X10
9.034631148097105e-06,359.6326904296875,243.48822021484375,-1345.400146484375,116.1444091796875,X10,X10
1.792322876781327e-07,445.107177734375,289.7613830566406,-1367.93603515625,155.3458251953125,X9,X10
4.327260739955818e-06,368.6129150390625,245.10711669921875,-1364.1572265625,123.5057373046875,X10,X10
4.047060883749509e-06,368.36083984375,244.18563842773438,-1393.673828125,124.1751708984375,X10,X10
3.172048457233956e-10,519.298095703125,300.5834045410156,-1314.5263671875,218.7147216796875,X8,X10
1.2611487363756169e-05,353.8447265625,241.0357666015625,-1408.391845703125,112.8089599609375,X10,X10
3.874718004226452e-06,378.683349609375,254.072998046875,-1477.918701171875,124.6103515625,X10,X10
3.7261979612956964e-10,520.1072998046875,303.002685546875,-1398.531982421875,217.1046142578125,X9,X10
5.7836455198412295e-06,370.673095703125,250.068359375,-1359.0321044921875,120.604736328125,X10,X10
6.204033979884116e-06,370.9774169921875,251.07440185546875,-1370.2244873046875,119.903076171875,X10,X10
4.3903250479537803e-10,521.29150390625,305.82696533203125,-1310.413330078125,215.4644775390625,X8,X10
0.0002750787534750998,322.3416748046875,240.3585205078125,-1371.7803955078125,81.983154296875,X10,X10
4.27773238698137e-06,376.74658203125,253.125732421875,-1351.2449951171875,123.620849609375,X10,X10
1.3335244020140635e-10,528.658935546875,301.2786560058594,-1327.44140625,227.3802490234375,X9,X10
1.7891134120873176e-06,380.3173828125,247.97943115234375,-1431.31884765625,132.337890625,X10,X10
1.9022940023205592e-06,383.84228515625,252.1177978515625,-1432.010986328125,131.7244873046875,X10,X10
1.6609753850094222e-10,532.8018798828125,307.6175231933594,-1301.0654296875,225.1844482421875,X8,X10
5.2589581173378974e-05,340.4244384765625,241.89483642578125,-1428.677490234375,98.5296630859375,X10,X10
8.22372328457277e-07,388.07421875,247.96343994140625,-1347.240478515625,140.1107177734375,X10,X10
5.1574092219119905e-11,540.6959228515625,303.81591796875,-1306.72314453125,236.8800048828125,X9,X10
7.341257060033968e-07,388.1114501953125,246.8656005859375,-1348.75,141.245849609375,X10,X10
4.9709313054702164e-11,538.8739013671875,301.6255798339844,-1309.4544677734375,237.248291015625,X8,X10
1.690924023023399e-06,384.628173828125,251.725830078125,-1399.4437255859375,132.90234375,X10,X10
1.506584794697119e-06,386.896728515625,252.84005737304688,-1339.84228515625,134.056640625,X10,X10
5.583432880484906e-07,396.1392822265625,252.15634155273438,-1338.30859375,143.98291015625,X10,X10
5.423552238426055e-07,396.047607421875,251.7740478515625,-1348.566650390625,144.2734375,X10,X10
3.2191034282647024e-09,492.995849609375,297.4541931152344,-1325.991943359375,195.5416259765625,X8,X10
5.669147640219308e-07,395.489501953125,251.65899658203125,-1362.072265625,143.83056640625,X10,X10
1.2432828953024e-06,389.0963134765625,253.1187744140625,-1369.21533203125,135.9775390625,X10,X10
3.268421991386994e-11,545.971435546875,304.5301513671875,-1316.204833984375,241.4412841796875,X9,X10
4.460097915992556e-11,544.8194580078125,306.48681640625,-1336.610595703125,238.3326416015625,X8,X10
4.819518048537752e-11,547.641357421875,310.0837097167969,-1465.762939453125,237.5576171875,X9,X10
3.531546929891327e-11,546.3907470703125,305.7237854003906,-1327.3048095703125,240.6669921875,X8,X10
3.444393728568862e-11,546.7786865234375,305.8617858886719,-1381.67578125,240.9168701171875,X9,X10
1.7093314610971966e-11,548.7099609375,300.7865905761719,-1386.60009765625,247.92333984375,X8,X10
3.290922742649194e-11,545.4324951171875,304.05975341796875,-1337.415283203125,241.3726806640625,X9,X10
2.14309091306486e-11,547.8876953125,302.2257995605469,-1342.4482421875,245.661865234375,X8,X10
2.915451213780784e-11,546.7574462890625,304.1733703613281,-1327.099853515625,242.5841064453125,X9,X10
1.0768006625250237e-10,523.449951171875,293.9315185546875,-1355.659423828125,229.5185546875,X9,X10
3.713247764824956e-11,547.2064208984375,307.04107666015625,-1440.5338134765625,240.165283203125,X8,X10
2.7300352950510032e-11,548.454345703125,305.21319580078125,-1326.827880859375,243.2412109375,X8,X10
1.2490480871818477e-11,550.94384765625,299.88330078125,-1320.365234375,251.060546875,X9,X10
4.071590634091571e-11,544.1038818359375,304.85980224609375,-1315.2138671875,239.2440185546875,X8,X10
