episode,step,total_loss,loss_X1,loss_X3,loss_X4,loss_X10,loss_X11,loss_X12,loss_X13,loss_X14,loss_X15,loss_X16,loss_X17,loss_X18,loss_X19,loss_X20,loss_X21,loss_X22,loss_X23,loss_X24,loss_X25,loss_X26,loss_X27,loss_X28,loss_X29,loss_X30,loss_X6,loss_X7,loss_X8,loss_X9
0,0,49.79935762882233,1.0352318286895752,1.0370131731033325,0.9817642569541931,1.7205506563186646,1.5060139894485474,5.175987243652344,0.772723913192749,0.8306480646133423,2.9207470417022705,1.537943720817566,2.7293457984924316,1.1665459871292114,1.8961788415908813,1.3509763479232788,3.1638240814208984,3.9121460914611816,1.879236102104187,1.3024779558181763,1.417576551437378,1.8843066692352295,0.553928792476654,2.6463167667388916,1.363248586654663,1.0469516515731812,2.877869129180908,2.217886447906494,2.593971014022827,0.7211543321609497
0,1,11.834449473023415,1.0362153053283691,1.0215823650360107,0.9818412661552429,0.02258560247719288,0.03620535507798195,0.10647007822990417,0.1291542798280716,0.04568399861454964,0.03458138182759285,0.08516915142536163,2.7023775577545166,0.06363639235496521,0.039417579770088196,0.02846972644329071,0.3691650927066803,2.0082430839538574,0.19890084862709045,0.32850298285484314,0.3637869358062744,0.4586627781391144,0.05957875773310661,0.488002747297287,1.64505136013031,1.8699814081192017,0.05633796751499176,0.025744352489709854,0.03633493185043335,0.024477334693074226
0,2,7.208265921846032,1.038949966430664,1.048649787902832,0.9845813512802124,0.028095558285713196,0.03170277178287506,0.1078270748257637,0.19598397612571716,0.0386081300675869,0.04001203924417496,0.03079931251704693,0.06087741255760193,0.07748251408338547,0.027824407443404198,0.04423610866069794,0.6426730751991272,0.09011730551719666,0.2684432864189148,0.15869514644145966,0.37372517585754395,0.9693106412887573,0.61135333776474,0.27255958318710327,1.354854702949524,1.0446990728378296,0.033038340508937836,0.029606077820062637,0.02879338152706623,0.03251126781105995
0,3,6.768903348222375,1.0395288467407227,1.0441622734069824,0.981958270072937,0.028642844408750534,0.031140534207224846,0.24346883594989777,0.296555757522583,0.03217795863747597,0.050044745206832886,0.02828720025718212,0.08496131747961044,0.12500448524951935,0.025711005553603172,0.054325222969055176,0.45815008878707886,0.14705826342105865,0.30271613597869873,0.4670316278934479,0.501626193523407,0.6793167591094971,0.5897150635719299,0.34051963686943054,0.5545985102653503,0.993299663066864,0.03481696918606758,0.023648802191019058,0.030235160142183304,0.03272068873047829
0,4,6.777594924718142,1.0391708612442017,1.044333815574646,0.9823344945907593,0.03321333974599838,0.03691007196903229,0.0751890018582344,0.15930697321891785,0.08653336763381958,0.05917874351143837,0.029860084876418114,0.06781790405511856,0.297084242105484,0.024394523352384567,0.029884736984968185,0.7780809998512268,0.3051513731479645,0.10484825074672699,0.16790194809436798,0.7538023591041565,0.7030572891235352,0.7287483811378479,0.5711185932159424,0.07663028687238693,0.9459841251373291,0.034457508474588394,0.03991643339395523,0.02805628627538681,0.027300266548991203
0,5,7.122338230162859,1.0384892225265503,1.0403074026107788,0.9835018515586853,0.02952577918767929,0.035093311220407486,0.12809738516807556,0.14376035332679749,0.10480128973722458,0.04826406016945839,0.03423472121357918,0.0705409124493599,0.36208608746528625,0.031800705939531326,0.024408571422100067,0.6981058120727539,0.1215536892414093,0.20163147151470184,0.1815076619386673,0.3863772451877594,0.9352965950965881,0.7013958096504211,1.1093835830688477,0.07082588970661163,0.9808945059776306,0.027572140097618103,0.026211194694042206,0.031576089560985565,0.024933669716119766
0,6,9.019408155605197,1.036532998085022,1.044856309890747,0.9820151329040527,0.03268066793680191,0.03257498890161514,0.18104736506938934,0.13066430389881134,0.14070340991020203,0.05641777068376541,0.13852114975452423,0.06833038479089737,0.3378709852695465,0.03512423858046532,0.025243554264307022,0.8606602549552917,0.1734810173511505,0.11392585933208466,0.2556716799736023,0.669664740562439,1.0968250036239624,0.8422940969467163,1.8366193771362305,0.08860702067613602,1.1799936294555664,0.025679107755422592,0.02610824815928936,0.033589161932468414,0.02442925050854683
0,7,11.010321974381805,1.03969407081604,1.0423082113265991,0.9818139672279358,0.026171021163463593,0.031113456934690475,0.2361024022102356,0.09893573820590973,0.14267916977405548,0.04700670391321182,0.14473506808280945,0.06702760607004166,0.2613453269004822,0.02902563475072384,0.031115980818867683,0.4944566786289215,0.1813277304172516,0.06504713743925095,0.4025386571884155,1.5049322843551636,1.2303004264831543,1.0477793216705322,2.7889559268951416,0.11171146482229233,1.3558592796325684,0.026305098086595535,0.02438998594880104,0.02565695345401764,0.023039670661091805
0,8,8.562165476381779,1.0397080183029175,1.0402582883834839,0.9819016456604004,0.029507482424378395,0.032177895307540894,0.2597314417362213,0.11573078483343124,0.13902689516544342,0.04813354089856148,0.1806412786245346,0.09068416804075241,0.30632299184799194,0.025230074301362038,0.03256756067276001,0.5173898339271545,0.2438557893037796,0.05338570475578308,0.21747614443302155,1.4818400144577026,0.9556700587272644,1.0629791021347046,0.5267435908317566,0.18140847980976105,1.3453474044799805,0.027862226590514183,0.022329803556203842,0.030291974544525146,0.023457644507288933
0,9,5.902696313336492,1.0397080183029175,1.0434530973434448,0.9819889664649963,0.02793394774198532,0.0238780677318573,0.2901395857334137,0.1212591677904129,0.13901719450950623,0.03189140185713768,0.12896789610385895,0.02545296773314476,0.38863664865493774,0.024572227150201797,0.02278374880552292,0.5033608675003052,0.04345119372010231,0.10901229828596115,0.06290221214294434,0.6243304014205933,0.6709223985671997,0.06738285720348358,0.305327832698822,0.19390933215618134,1.3894712924957275,0.022928403690457344,0.02399444207549095,0.025898637250065804,0.022241273894906044
0,10,4.659808304533362,1.03854238986969,1.0403047800064087,0.9816992282867432,0.022909415885806084,0.02474159188568592,0.2524365782737732,0.09124905616044998,0.220779687166214,0.03246592357754707,0.20966708660125732,0.024434547871351242,0.6151590347290039,0.02662365511059761,0.02284938655793667,0.3437230885028839,0.05212831869721413,0.1575721949338913,0.07788613438606262,0.5773767828941345,0.543045699596405,0.0655440092086792,0.3736916482448578,0.18040750920772552,0.042227182537317276,0.023948287591338158,0.0227937251329422,0.02466592565178871,0.01937255449593067
0,11,4.841650400310755,1.0375454425811768,1.0418674945831299,0.9816977381706238,0.024222780019044876,0.023336637765169144,0.2239895910024643,0.05305733531713486,0.10059334337711334,0.033269003033638,0.23159225285053253,0.025265410542488098,0.7963051795959473,0.032486893236637115,0.02396218851208687,0.18250294029712677,0.05760089308023453,0.2289450764656067,0.12733767926692963,0.8597262501716614,0.49866536259651184,0.08893280476331711,0.32107046246528625,0.1485024392604828,0.049344711005687714,0.024369945749640465,0.023818474262952805,0.026831496506929398,0.023699114099144936
0,12,3.4194176729768513,1.0369724035263062,1.0417976379394531,0.9817510843276978,0.02487175539135933,0.02218061499297619,0.06225850060582161,0.043165866285562515,0.08681784570217133,0.033018678426742554,0.36932429671287537,0.021382229402661324,0.35408034920692444,0.026099923998117447,0.023808052763342857,0.21661758422851562,0.07387873530387878,0.24928173422813416,0.06336269527673721,0.40158140659332275,0.21093511581420898,0.07063820958137512,0.20323102176189423,0.10003088414669037,0.05999770388007164,0.02394697815179825,0.023188944905996323,0.02027706429362297,0.02333725616335869
0,13,2.9877896007150415,1.0358328819274902,1.0419251918792725,0.9816977977752686,0.021475927904248238,0.02287864312529564,0.05612789839506149,0.03540808707475662,0.08856353908777237,0.03140782564878464,0.0984039455652237,0.02549469843506813,0.16396082937717438,0.022616615518927574,0.024056944996118546,0.3774302899837494,0.09222948551177979,0.3043456971645355,0.03742026165127754,0.33529195189476013,0.059316571801900864,0.09413483738899231,0.24251791834831238,0.0918145552277565,0.051589980721473694,0.02657793089747429,0.02242228202521801,0.026961758732795715,0.02344994992017746
0,14,2.4450087416917086,1.0357177257537842,1.0438507795333862,0.9817224740982056,0.022971412166953087,0.02194647304713726,0.0499688982963562,0.034566741436719894,0.07471667230129242,0.03557656332850456,0.08067328482866287,0.02580137364566326,0.1364503651857376,0.025605609640479088,0.022124432027339935,0.10283070802688599,0.08023707568645477,0.3199324309825897,0.04253590106964111,0.14420129358768463,0.0572238527238369,0.11976265162229538,0.18884362280368805,0.0789906308054924,0.07073727995157242,0.023968353867530823,0.025974160060286522,0.026293061673641205,0.020817697048187256
0,15,2.6114844873547556,1.0357469320297241,1.040605068206787,0.981714129447937,0.023246189579367638,0.02513411082327366,0.04012884944677353,0.033104248344898224,0.07181203365325928,0.031963132321834564,0.08638865500688553,0.023439759388566017,0.1605912744998932,0.024042075499892235,0.02225087769329548,0.09980975091457367,0.08309685438871384,0.5739829540252686,0.06022758036851883,0.14593321084976196,0.02809714525938034,0.04874814301729202,0.19503439962863922,0.06817988306283951,0.06244371831417084,0.02159677818417549,0.02031680755317211,0.027819018810987473,0.022483810782432556
0,16,2.646036709845066,1.0358295440673828,1.0361167192459106,0.9818335771560669,0.02628411538898945,0.022532399743795395,0.039880793541669846,0.023440437391400337,0.13430316746234894,0.03395625948905945,0.09325796365737915,0.028299324214458466,0.14794348180294037,0.023881785571575165,0.022686127573251724,0.16209851205348969,0.08300405740737915,0.3719543218612671,0.07691268622875214,0.1974567025899887,0.02838577702641487,0.05739990621805191,0.21551932394504547,0.07230018824338913,0.07417786866426468,0.024919651448726654,0.02191716432571411,0.03104463219642639,0.021724093705415726
0,17,2.6252861469984055,1.0357165336608887,1.0358363389968872,0.9817180037498474,0.026089824736118317,0.023817189037799835,0.043362535536289215,0.02438800409436226,0.11639878153800964,0.030672160908579826,0.08215120434761047,0.02448815107345581,0.13054555654525757,0.027122173458337784,0.021113689988851547,0.17183510959148407,0.08417587727308273,0.35094279050827026,0.06694462150335312,0.2220071405172348,0.02966267429292202,0.054265689104795456,0.2102271318435669,0.08199307322502136,0.0974937379360199,0.024130050092935562,0.023786649107933044,0.025365669280290604,0.02165248617529869
0,18,2.6899994507431986,1.0360323190689087,1.0354217290878296,0.9817009568214417,0.023854849860072136,0.020900463685393333,0.04413693770766258,0.024276958778500557,0.09723222255706787,0.03529055044054985,0.0815063938498497,0.02586786262691021,0.11064191162586212,0.028001772239804268,0.019619178026914597,0.23925405740737915,0.07592349499464035,0.46901166439056396,0.0688704252243042,0.1880633682012558,0.031935229897499084,0.0478668287396431,0.246866375207901,0.07051088660955429,0.02800603024661541,0.02559170499444008,0.025089025497436523,0.027406375855207443,0.02364388108253479
0,19,2.3702018786221744,1.0361748933792114,1.0364313125610352,0.9817255139350891,0.024767260998487473,0.02244877628982067,0.05213887616991997,0.02732372283935547,0.11586962640285492,0.033849261701107025,0.08794970065355301,0.022416673600673676,0.08655208349227905,0.02963278442621231,0.02157958596944809,0.13673758506774902,0.06570745259523392,0.29139623045921326,0.0625460296869278,0.16318008303642273,0.03671443462371826,0.050086189061403275,0.23001189529895782,0.07107646018266678,0.030497023835778236,0.025530638173222542,0.02389354445040226,0.027536515146493912,0.01989310048520565
0,20,2.3574149552732706,1.0356913805007935,1.036806344985962,0.9817807674407959,0.024220600724220276,0.022699397057294846,0.05054085701704025,0.024077368900179863,0.1258145421743393,0.035527706146240234,0.0782938227057457,0.025216303765773773,0.07727248966693878,0.02637317404150963,0.02328517474234104,0.1206250861287117,0.06327104568481445,0.32286614179611206,0.07314207404851913,0.15701605379581451,0.03545805439352989,0.04058077558875084,0.2198462188243866,0.08373120427131653,0.02681167609989643,0.019869854673743248,0.02346113882958889,0.024584004655480385,0.021974490955471992
0,21,2.316822515055537,1.0356509685516357,1.036609411239624,0.9817516207695007,0.026043705642223358,0.021024435758590698,0.039264705032110214,0.025312937796115875,0.1061776727437973,0.03649737685918808,0.07652229815721512,0.023259110748767853,0.09234887361526489,0.028221528977155685,0.02321792207658291,0.07837747782468796,0.06887754797935486,0.3656323254108429,0.07894721627235413,0.14918439090251923,0.03098589926958084,0.051671940833330154,0.17634236812591553,0.08776501566171646,0.026317261159420013,0.02360646240413189,0.020945075899362564,0.027791252359747887,0.021685313433408737
0,22,2.214416092634201,1.0355618000030518,1.0385541915893555,0.981721043586731,0.022889727726578712,0.024394359439611435,0.04780491441488266,0.03094089962542057,0.058790482580661774,0.03544415161013603,0.07969469577074051,0.025056399405002594,0.09838292002677917,0.031001199036836624,0.024113034829497337,0.126146137714386,0.0737057626247406,0.14343909919261932,0.07087600976228714,0.2002636045217514,0.03190402314066887,0.0421893335878849,0.20351678133010864,0.10146098583936691,0.03366238623857498,0.025371799245476723,0.022336870431900024,0.028291868045926094,0.021571239456534386
0,23,2.2274806667119265,1.0355243682861328,1.0385397672653198,0.9817298054695129,0.026340220123529434,0.022350525483489037,0.04795848950743675,0.025299321860074997,0.07504213601350784,0.03332475945353508,0.06103286147117615,0.022368092089891434,0.09308446943759918,0.033614084124565125,0.0213653352111578,0.10338534414768219,0.07412845641374588,0.13700133562088013,0.07394866645336151,0.22890201210975647,0.03829880431294441,0.052930548787117004,0.21879348158836365,0.09956041723489761,0.0279758982360363,0.02516866661608219,0.023587070405483246,0.027003932744264603,0.02385694906115532
0,24,2.1228294748812915,1.035541296005249,1.0384098291397095,0.9817062020301819,0.02494003064930439,0.020482558757066727,0.04522817209362984,0.03666219115257263,0.1624845415353775,0.03729189559817314,0.06325789541006088,0.023263098672032356,0.09023580700159073,0.025711148977279663,0.021530503407120705,0.09718456864356995,0.07941914349794388,0.12751580774784088,0.07445705682039261,0.18605150282382965,0.03589427098631859,0.03744585067033768,0.04433701932430267,0.10682762414216995,0.07109901309013367,0.026010947301983833,0.02349083125591278,0.027973392978310585,0.022903136909008026
1,0,49.57695738077164,1.0352318286895752,1.0370131731033325,0.9817642569541931,1.6719062328338623,2.6236016750335693,5.040767669677734,1.2484357357025146,0.9823341965675354,2.748465061187744,1.3258488178253174,1.8894948959350586,1.2488338947296143,1.7810609340667725,1.9708750247955322,2.3231091499328613,3.518911600112915,1.4460190534591675,1.4305641651153564,1.615829586982727,1.4958980083465576,1.3904895782470703,2.677277088165283,0.9432374835014343,1.2826764583587646,3.1557092666625977,1.2324271202087402,2.5833072662353516,1.3390755653381348
1,1,9.064135536924004,1.0361076593399048,1.0642062425613403,0.9838097095489502,1.725891351699829,0.027834223583340645,0.464339941740036,0.03526600822806358,0.06101757287979126,0.5562806129455566,0.0366261750459671,0.1240682527422905,0.10769008845090866,0.034275759011507034,0.03974011912941933,1.4771279096603394,0.8358625173568726,0.27820077538490295,0.5766245126724243,0.767352283000946,0.23203875124454498,0.16834145784378052,0.07302142679691315,0.34396693110466003,0.347225159406662,0.03961220756173134,0.036856696009635925,0.03003406897187233,0.02801601216197014
1,2,13.512399154901505,1.036076307296753,1.0703972578048706,0.9825618267059326,1.7267581224441528,0.04904104024171829,1.8188600540161133,0.06361602246761322,0.23249098658561707,0.5490489602088928,0.11505424976348877,0.032753221690654755,0.05711635202169418,0.05976754054427147,0.046740032732486725,2.378732919692993,0.6335135698318481,0.11452041566371918,1.0170282125473022,1.13735032081604,0.3164033889770508,0.14644181728363037,0.128947913646698,1.4136823415756226,0.7363132834434509,0.027825891971588135,0.03350174427032471,0.032863058149814606,0.026220615953207016
1,3,13.2909274533391,1.0392011404037476,1.0609577894210815,0.9826557636260986,0.02860339917242527,0.05474238470196724,1.7729008197784424,0.08257509022951126,0.4447859227657318,0.04663250595331192,0.11007066816091537,0.025932541117072105,0.05401325598359108,0.024587474763393402,0.051268503069877625,6.362639904022217,0.49142882227897644,0.15050886571407318,0.6592042446136475,1.189589500427246,0.03697774559259415,0.188956618309021,0.055594008415937424,0.03370240703225136,0.6899696588516235,0.037880316376686096,0.028023026883602142,0.02852214127779007,0.025254689157009125
1,4,12.757726517319679,1.0390329360961914,1.05332350730896,0.9825950860977173,0.02127540297806263,0.047517213970422745,2.611163854598999,0.07537289708852768,0.3558378219604492,0.05131227895617485,0.17284609377384186,0.023168399930000305,0.03645984083414078,0.026747191324830055,0.047181665897369385,2.718186378479004,0.4551246464252472,0.16106460988521576,1.250934362411499,2.828800678253174,0.02355281636118889,0.3524361550807953,0.06903721392154694,0.02172628790140152,0.6874994039535522,0.029017331078648567,0.02529081702232361,0.027964340522885323,0.023218508809804916
1,5,10.986371675133705,1.039029598236084,1.0468568801879883,0.9832080602645874,0.021485866978764534,0.04485117271542549,2.6902596950531006,0.0840890109539032,0.6199408173561096,0.034872788935899734,0.10218752175569534,0.02618163265287876,0.036677803844213486,0.028761710971593857,0.03810166195034981,3.0810225009918213,0.08909765630960464,0.15038156509399414,0.1446812003850937,1.4514080286026,0.0235303845256567,0.3023745119571686,0.1033681333065033,0.02519983984529972,1.169169545173645,0.02433389239013195,0.027420636266469955,0.028320331126451492,0.024834858253598213
1,6,9.79165354706347,1.0369540452957153,1.049781084060669,0.9837973713874817,0.022989967837929726,0.05581483244895935,2.554788112640381,0.0456191748380661,0.5389824509620667,0.035425104200839996,0.1235307827591896,0.02376626431941986,0.031357504427433014,0.028438957408070564,0.0429004430770874,2.53120756149292,0.1059536412358284,0.19093593955039978,0.12924885749816895,1.075462818145752,0.023683521896600723,0.24439655244350433,0.06312377005815506,0.02492019161581993,1.1875813007354736,0.0255192331969738,0.023693814873695374,0.022908836603164673,0.025297412648797035
1,7,9.280471554771065,1.0359241962432861,1.0494660139083862,0.9821447134017944,0.0241694413125515,0.05039620026946068,2.998894453048706,0.054129812866449356,0.47548308968544006,0.03340652957558632,0.11341137439012527,0.024914322420954704,0.043072205036878586,0.023371532559394836,0.046964049339294434,2.422865390777588,0.12147469818592072,0.09565906226634979,0.1323346495628357,1.1417313814163208,0.028147874400019646,0.029683541506528854,0.08326653391122818,0.02613445371389389,0.5934532284736633,0.027148734778165817,0.02424093708395958,0.025702672079205513,0.026908401399850845
2,0,48.71363834142685,1.0352318286895752,1.0370131731033325,0.9817642569541931,2.2971789836883545,1.9281951189041138,4.407560348510742,0.6320112347602844,0.7565598487854004,2.1957294940948486,1.3408324718475342,2.752333879470825,1.4814670085906982,2.2116949558258057,1.6992048025131226,2.8574607372283936,3.5172836780548096,1.4496476650238037,2.0052778720855713,1.4689210653305054,1.5565887689590454,1.0375388860702515,2.7606313228607178,0.7950681447982788,0.6974748969078064,2.742447853088379,1.5705512762069702,2.5465667247772217,1.3946094512939453
2,1,10.612372434139251,1.0369930267333984,1.0169986486434937,0.9870660901069641,0.029780719429254532,0.02524014189839363,0.11372482031583786,0.08762629330158234,0.09100064635276794,0.08879468590021133,0.11114497482776642,3.089722156524658,0.056173618882894516,0.037140220403671265,0.02617349661886692,0.10603996366262436,2.3712587356567383,0.58320152759552,0.2126331329345703,0.6313872933387756,0.5642145276069641,0.3635178804397583,0.18410135805606842,0.18610690534114838,0.8560912609100342,0.032158415764570236,0.0416405089199543,0.08912184089422226,0.026165755465626717
2,2,6.5752001971006395,1.0386720895767212,1.0205249786376953,0.9818096160888672,0.03576609119772911,0.024405574426054955,0.09134247899055481,0.2099163979291916,0.06191924214363098,0.06763044744729996,0.17616167664527893,0.04222365468740463,0.13862894475460052,0.14894823729991913,0.029743041843175888,0.4143737256526947,0.15564607083797455,0.6117782592773438,0.3015144467353821,0.45484232902526855,1.0938891172409058,0.3916666507720947,0.2805541157722473,0.09022689610719681,0.9717076420783997,0.029848279431462288,0.024314265698194504,0.09746471047401428,0.02248656377196312
2,3,5.978226101770997,1.0378015041351318,1.0257411003112793,0.9816980957984924,0.03861493244767189,0.0228315107524395,0.06440673768520355,0.14565914869308472,0.11614760756492615,0.045823946595191956,0.10678760707378387,0.025625014677643776,0.19075500965118408,0.06060360372066498,0.025544339790940285,0.2154686599969864,0.25776490569114685,0.8247425556182861,0.5897077322006226,0.09179005026817322,1.5954198837280273,0.2520691156387329,0.33202648162841797,0.2036896049976349,0.02615087479352951,0.02751980535686016,0.0317390151321888,0.05358010530471802,0.024709712713956833
2,4,5.749205921590328,1.0351507663726807,1.0280181169509888,0.981895387172699,0.02729678899049759,0.023573599755764008,0.06565964221954346,0.13548637926578522,0.04649830982089043,0.04012756049633026,0.06361336261034012,0.02364823780953884,0.2522478401660919,0.03528932109475136,0.021765723824501038,0.11434394866228104,0.42579004168510437,0.32065561413764954,0.8499763607978821,0.2160957306623459,1.7875059843063354,0.19412794709205627,0.24758128821849823,0.10251468420028687,0.022920699790120125,0.03547133505344391,0.02355211414396763,0.03749721869826317,0.026953333988785744
2,5,5.608836392313242,1.0352517366409302,1.0271247625350952,0.981856107711792,0.026197414845228195,0.02421034872531891,0.04805070906877518,0.024787554517388344,0.027195317670702934,0.04442416876554489,0.0426139310002327,0.02374458685517311,0.16241240501403809,0.030738763511180878,0.02305234596133232,0.13328444957733154,0.27201470732688904,0.3383648693561554,0.5790371894836426,0.3020522892475128,2.1631200313568115,0.301467627286911,0.18833746016025543,0.0999222844839096,0.02025623992085457,0.035050421953201294,0.023943165317177773,0.039552319794893265,0.026159269735217094
2,6,5.8168277248740194,1.0351955890655518,1.0261857509613037,0.9818964600563049,0.027847474440932274,0.027897970750927925,0.04786919057369232,0.02696126140654087,0.02779848501086235,0.04996798560023308,0.038503438234329224,0.024535000324249268,0.062401287257671356,0.026777606457471848,0.022958768531680107,0.13086247444152832,0.2665870189666748,0.3777378797531128,0.6525321006774902,0.4718984365463257,2.1660373210906982,0.288959801197052,0.24268561601638794,0.08479157835245132,0.025789545848965645,0.029922837391495705,0.021981924772262573,0.03811785206198692,0.02674930915236473
2,7,5.512425587698817,1.0351721048355103,1.0266234874725342,0.981779932975769,0.028491558507084846,0.020607689395546913,0.04748683050274849,0.028107188642024994,0.046437911689281464,0.06238110363483429,0.02886391244828701,0.023727385327219963,0.09129925072193146,0.026329046115279198,0.03171180561184883,0.1320267617702484,0.15100398659706116,1.1027716398239136,0.48551005125045776,0.9282109141349792,1.0126917362213135,0.22495299577713013,0.2408105731010437,0.05439351871609688,0.022339515388011932,0.031083205714821815,0.023976046591997147,0.03423437848687172,0.02426147647202015
2,8,4.2639234635978935,1.0352420806884766,1.029415488243103,0.9817280173301697,0.02810646966099739,0.022610176354646683,0.053438302129507065,0.02242729812860489,0.04509532451629639,0.05383365973830223,0.024783389642834663,0.02239801362156868,0.09759479761123657,0.0242390688508749,0.028307540342211723,0.10750063508749008,0.1760292500257492,0.6892930269241333,0.11142972856760025,0.8960016369819641,0.5112146139144897,0.24393168091773987,0.31408947706222534,0.05588747560977936,0.024343004450201988,0.027667609974741936,0.0223371721804142,0.031160078942775726,0.020926915109157562
2,9,4.122508429735899,1.035139799118042,1.029852271080017,0.9818281531333923,0.024061065167188644,0.026825610548257828,0.04511508345603943,0.027001339942216873,0.04470475763082504,0.06040884554386139,0.024901090189814568,0.025580238550901413,0.05992916226387024,0.024925872683525085,0.03335455432534218,0.17275744676589966,0.10996441543102264,0.34844285249710083,0.0820690244436264,1.0435972213745117,0.4987119138240814,0.30565178394317627,0.34566786885261536,0.07634411752223969,0.026165273040533066,0.02666930854320526,0.02406967617571354,0.03428386524319649,0.02194199711084366
2,10,3.415767065435648,1.035169243812561,1.0321704149246216,0.981772243976593,0.024061139672994614,0.02538721077144146,0.06656340509653091,0.02550354041159153,0.04020079970359802,0.026338767260313034,0.025064833462238312,0.023746633902192116,0.06688317656517029,0.05731542035937309,0.022441597655415535,0.19836178421974182,0.05335719883441925,0.7068928480148315,0.12803924083709717,0.4537365436553955,0.17905862629413605,0.11374513059854507,0.1259760707616806,0.3049158751964569,0.026197776198387146,0.029187440872192383,0.02423027716577053,0.03426985815167427,0.024469489231705666
2,11,9.723848958313464,1.0357903242111206,1.036414623260498,0.9825367331504822,0.03454434126615524,0.03125259280204773,0.32717975974082947,0.02332991361618042,0.07955733686685562,0.14994247257709503,0.039464160799980164,0.2994006872177124,0.65547776222229,0.029697712510824203,0.05815991386771202,0.11954072117805481,0.6698658466339111,1.449634075164795,0.49790745973587036,0.22456787526607513,0.09447014331817627,0.4618646800518036,0.2090785652399063,3.498589038848877,0.02262893319129944,0.03179013729095459,0.027741992846131325,0.05396716669201851,0.023247333243489265
2,12,10.016276501864194,1.035441517829895,1.0281713008880615,0.9821047186851501,0.030097423121333122,0.04777307063341141,0.21175958216190338,0.03262251615524292,0.12135620415210724,0.35735493898391724,0.025474999099969864,0.16290637850761414,0.449980229139328,0.025568440556526184,0.03068714775145054,0.05606432259082794,1.5687780380249023,3.1463122367858887,1.8144643306732178,0.141200989484787,0.29166704416275024,0.5258517265319824,0.028735823929309845,0.0335879847407341,0.15723364055156708,0.048742011189460754,0.02652377262711525,0.04946950078010559,0.0229206420481205
2,13,12.293087318912148,1.035467505455017,1.0218058824539185,0.9829433560371399,0.030723081901669502,0.03853889927268028,0.2517930269241333,0.6501849293708801,0.05637719854712486,0.40953901410102844,0.06903987377882004,0.09203388541936874,0.5456361770629883,0.03397832810878754,0.10239075869321823,0.14315389096736908,0.5703819990158081,4.327843189239502,2.5694429874420166,0.15149709582328796,0.04408876597881317,0.7480714917182922,0.4239030182361603,0.04310493543744087,0.2285773903131485,0.06614291667938232,0.02746661752462387,0.040848392993211746,0.020286105573177338
2,14,10.837374918535351,1.0354865789413452,1.0247743129730225,0.9822509288787842,0.026754308491945267,0.026217671111226082,0.3968665599822998,0.38808751106262207,0.08235162496566772,0.4049369990825653,0.08157187700271606,0.036647409200668335,0.5027345418930054,0.025600919499993324,0.15173590183258057,0.47443291544914246,0.37773144245147705,4.885205268859863,0.19139178097248077,0.1504836529493332,0.032869335263967514,0.9671996235847473,0.7340072989463806,0.030821973457932472,0.11313606798648834,0.05906471982598305,0.029538080096244812,0.03561253473162651,0.023872535675764084
2,15,11.411866377294064,1.0359992980957031,1.0287461280822754,0.9817736744880676,0.026888752356171608,0.029634490609169006,0.39314618706703186,0.061454858630895615,0.030437758192420006,0.6241148710250854,0.07573362439870834,0.047633782029151917,0.6465092301368713,0.02527276985347271,0.1926518827676773,0.09856516122817993,0.3680892288684845,5.891511917114258,0.20211033523082733,0.18472221493721008,0.032078519463539124,0.9347082376480103,0.7417052388191223,0.033124931156635284,0.02385833114385605,0.0473146066069603,0.028759712353348732,0.036664921790361404,0.025870993733406067
2,16,9.506125681474805,1.0368455648422241,1.0387170314788818,0.9822932481765747,0.02197546511888504,0.02141718752682209,0.5558614134788513,0.34941333532333374,0.02278844825923443,0.47734424471855164,0.05095652490854263,0.08507644385099411,0.4531271457672119,0.023941246792674065,0.06913676112890244,0.05118561163544655,0.3866836428642273,3.96189546585083,0.13624097406864166,0.3320664167404175,0.032745361328125,0.940700352191925,0.7408445477485657,0.030163323506712914,0.02219265326857567,0.04085357114672661,0.032004691660404205,0.034661758691072464,0.02127792499959469
3,0,51.451778346300124,1.036533236503601,1.0404284000396729,0.9833397269248962,1.9286607503890991,2.471604108810425,4.5827507972717285,0.43091288208961487,0.7734754681587219,2.1879091262817383,1.6765645742416382,2.5026352405548096,1.770491600036621,2.9800970554351807,1.52544367313385,3.1973485946655273,4.023331642150879,1.6466424465179443,1.3184902667999268,2.012080669403076,1.8100827932357788,1.2515103816986084,2.145092010498047,1.120157241821289,0.7912324666976929,3.0281856060028076,1.9828248023986816,2.6089723110198975,1.0732215642929077
3,1,10.426321065798401,1.0353548526763916,1.1114791631698608,0.9858681559562683,0.03474293276667595,0.03514442965388298,0.3521859347820282,0.11432093381881714,0.054315026849508286,0.05089550092816353,0.026438022032380104,2.3724284172058105,0.2165883332490921,0.04195572808384895,0.10693150013685226,0.5168108344078064,1.9094208478927612,0.4028109610080719,1.097916603088379,0.28602880239486694,0.23213611543178558,0.22218742966651917,0.15785494446754456,0.4163055419921875,1.0179122686386108,0.03656826913356781,0.03513307496905327,0.029762160032987595,0.03298601880669594
3,2,8.723766247183084,1.037057876586914,1.1181724071502686,0.9855770468711853,0.019973542541265488,0.03046373836696148,0.3317829370498657,0.04623335599899292,0.02832406759262085,0.04908366501331329,0.03703349456191063,0.03889618068933487,0.28925782442092896,0.04291374981403351,0.13611803948879242,1.2753701210021973,0.13972577452659607,1.1159886121749878,0.49724915623664856,0.44309648871421814,0.3772464394569397,0.5750619173049927,0.0846571996808052,0.7848815321922302,1.6234580278396606,0.048965442925691605,0.0256035216152668,0.027847841382026672,0.026372110471129417
3,3,7.7642043847590685,1.035787582397461,1.0652344226837158,0.9856799244880676,0.02276492677628994,0.033753395080566406,0.16517403721809387,0.04546281322836876,0.044139739125967026,0.05681921914219856,0.06772294640541077,0.02668783813714981,0.32519471645355225,0.042513974010944366,0.20071929693222046,1.219706654548645,0.0729399174451828,1.6303249597549438,0.38442888855934143,0.4062800407409668,0.09863429516553879,0.5325219631195068,0.04093850776553154,0.966360330581665,0.6345434188842773,0.04958952218294144,0.02217496931552887,0.033401813358068466,0.024065814912319183
3,4,6.760083159431815,1.035436749458313,1.0458643436431885,0.9832782745361328,0.019626837223768234,0.0404777005314827,0.47088709473609924,0.024974144995212555,0.035662226378917694,0.07151626795530319,0.03369162231683731,0.020521003752946854,0.21102872490882874,0.033010803163051605,0.026426902040839195,0.657866358757019,0.05865228921175003,1.0972448587417603,0.2735479474067688,0.14394089579582214,0.06786833703517914,0.2911619246006012,0.48325827717781067,1.2403781414031982,0.7307043671607971,0.03405602276325226,0.024934565648436546,0.035516172647476196,0.02021379955112934
3,5,7.852313427254558,1.0359073877334595,1.044147253036499,0.9828686118125916,0.02305280975997448,0.03930329158902168,0.2288987934589386,0.023378895595669746,0.03594519942998886,0.07482430338859558,0.054082922637462616,0.024949409067630768,0.2381121963262558,0.03515227884054184,0.0374789722263813,1.1102097034454346,0.07096415758132935,1.3068232536315918,0.24958764016628265,0.16390646994113922,0.09624167531728745,0.44477760791778564,0.5993818044662476,1.4145548343658447,0.8582562208175659,0.030651215463876724,0.02651672065258026,0.02956272102892399,0.023115679621696472
3,6,8.837387810274958,1.0358829498291016,1.0387142896652222,0.9821018576622009,0.026128914207220078,0.050116751343011856,0.2923312485218048,0.023607105016708374,0.02709912322461605,0.08302827179431915,0.04723420366644859,0.024308208376169205,0.18954409658908844,0.041499312967061996,0.04258475825190544,0.9498658180236816,0.07571767270565033,1.653322458267212,0.2668962776660919,0.15297889709472656,0.1157551035284996,0.524182140827179,0.7665058374404907,1.5552130937576294,1.2036906480789185,0.03149529919028282,0.02692354843020439,0.03275051340460777,0.0232686884701252
3,7,5.197357048094273,1.03583562374115,1.0375585556030273,0.9817739725112915,0.030660981312394142,0.06126663461327553,0.6303853392601013,0.041705504059791565,0.032262396067380905,0.08188483864068985,0.07173304259777069,0.022868065163493156,0.2001325637102127,0.03822196647524834,0.0609334260225296,0.06982891261577606,0.06175267696380615,1.0923221111297607,0.20847196877002716,0.1243053525686264,0.03688100725412369,0.3349993824958801,0.1549774706363678,0.9393581748008728,0.17147234082221985,0.03078300505876541,0.03307579457759857,0.03327368199825287,0.022766780108213425
3,8,3.5031921532005073,1.0352635383605957,1.0405166149139404,0.981846809387207,0.02205367013812065,0.05765187367796898,0.42377105355262756,0.04153362289071083,0.045312389731407166,0.059297289699316025,0.08270034939050674,0.02396717481315136,0.21928197145462036,0.04270583391189575,0.023905407637357712,0.11249148100614548,0.04875057190656662,0.06406199932098389,0.20981702208518982,0.15482430160045624,0.02827773615717888,0.28109705448150635,0.035434138029813766,0.6082894206047058,0.1954261213541031,0.028296053409576416,0.027785394340753555,0.03037315607070923,0.024561673402786255
3,9,3.0692329443991184,1.0351734161376953,1.0416221618652344,0.9817368984222412,0.022261036559939384,0.027701711282134056,0.12076776474714279,0.02824404090642929,0.05611971765756607,0.04073557257652283,0.09771358221769333,0.02253764308989048,0.189303919672966,0.03547609969973564,0.023155616596341133,0.12601827085018158,0.05859031155705452,0.06413102895021439,0.1745871752500534,0.17561441659927368,0.024145856499671936,0.3473600447177887,0.041405316442251205,0.45954054594039917,0.21873973309993744,0.03333006799221039,0.022362273186445236,0.023992350324988365,0.023692352697253227
3,10,3.329406413435936,1.035238265991211,1.0441607236862183,0.9820016026496887,0.027180148288607597,0.026697373017668724,0.14430290460586548,0.028333965688943863,0.082210473716259,0.03872636333107948,0.08547913283109665,0.024629836902022362,0.24557238817214966,0.03048994205892086,0.023768384009599686,0.21453897655010223,0.06399020552635193,0.08701253682374954,0.13600896298885345,0.22032813727855682,0.025893134996294975,0.35605815052986145,0.056143663823604584,0.4033697545528412,0.2954027056694031,0.029879065230488777,0.023887842893600464,0.025417374446988106,0.021804871037602425
3,11,2.9821633260697125,1.03523850440979,1.0423716306686401,0.9817707538604736,0.029035823419690132,0.025450780987739563,0.16152112185955048,0.026440486311912537,0.08217664062976837,0.045213405042886734,0.07773689925670624,0.022545810788869858,0.23742708563804626,0.035317838191986084,0.02754928357899189,0.17338794469833374,0.05396568402647972,0.09115433692932129,0.10974055528640747,0.2192387580871582,0.03490403667092323,0.2807214856147766,0.03636385127902031,0.29465624690055847,0.2026495486497879,0.029115501791238785,0.021445903927087784,0.029644740745425224,0.022883377969264984
3,12,3.1887154180556534,1.0354219675064087,1.0415425300598145,0.981778621673584,0.02559521794319153,0.0280139297246933,0.16541633009910583,0.033167146146297455,0.09440812468528748,0.04233337566256523,0.11087234318256378,0.021236151456832886,0.18586932122707367,0.027435414493083954,0.023418361321091652,0.24060390889644623,0.044778093695640564,0.11626000702381134,0.06990225613117218,0.19647854566574097,0.05776209011673927,0.34970903396606445,0.03523153066635132,0.37200766801834106,0.22968576848506927,0.0274321548640728,0.026307348161935806,0.030394356697797775,0.022648315876722336
3,13,3.042456866055727,1.0353212356567383,1.040355920791626,0.9818057417869568,0.025306928902864456,0.026501096785068512,0.1257043033838272,0.034101806581020355,0.10817743092775345,0.04003007709980011,0.06880408525466919,0.021150212734937668,0.18995799124240875,0.02841569110751152,0.024649333208799362,0.21385425329208374,0.053441308438777924,0.17791329324245453,0.060405317693948746,0.15914976596832275,0.040446240454912186,0.24763277173042297,0.02258274145424366,0.4268561601638794,0.23353049159049988,0.028455322608351707,0.021958153694868088,0.028567295521497726,0.023368213325738907
3,14,2.880007357522845,1.0351771116256714,1.0422598123550415,0.981861412525177,0.02475702203810215,0.023688726127147675,0.09710521996021271,0.03575887903571129,0.08747203648090363,0.04109177365899086,0.05428188666701317,0.020286113023757935,0.17822527885437012,0.02845929004251957,0.021981552243232727,0.13690118491649628,0.05103648081421852,0.07850255072116852,0.060922324657440186,0.25490322709083557,0.045427534729242325,0.26104187965393066,0.02463441900908947,0.4278637170791626,0.2095431387424469,0.028080958873033524,0.023042581975460052,0.02711937576532364,0.026020538061857224
3,15,2.572174532338977,1.0351643562316895,1.042191982269287,0.9818586111068726,0.021445151418447495,0.023985300213098526,0.04616721346974373,0.036939069628715515,0.026095382869243622,0.04264421761035919,0.05348316952586174,0.019284453243017197,0.13741719722747803,0.02779071033000946,0.024172378703951836,0.13137011229991913,0.049180418252944946,0.08897848427295685,0.05334647372364998,0.18414799869060516,0.046138014644384384,0.2194460779428482,0.0266510508954525,0.3905416429042816,0.2152063101530075,0.023058129474520683,0.022126102820038795,0.026022305712103844,0.024694176390767097
3,16,2.4020216722041368,1.035162091255188,1.0429726839065552,0.9820661544799805,0.028715066611766815,0.023688094690442085,0.050466474145650864,0.03287997841835022,0.025442201644182205,0.044222570955753326,0.07839787751436234,0.023150326684117317,0.1027076244354248,0.024977633729577065,0.023607634007930756,0.1223839521408081,0.0563792809844017,0.08619002997875214,0.051716335117816925,0.11993923038244247,0.04691733419895172,0.08859481662511826,0.06748614460229874,0.44315385818481445,0.15580891072750092,0.023191576823592186,0.022690758109092712,0.024710973724722862,0.022562801837921143
3,17,2.3706748850643633,1.0351625680923462,1.0421373844146729,0.9820877909660339,0.02341272309422493,0.02268926426768303,0.05173991993069649,0.036551862955093384,0.025568407028913498,0.03576945140957832,0.07917416840791702,0.019162461161613464,0.09309656918048859,0.023761393502354622,0.0240166038274765,0.15143917500972748,0.04850231483578682,0.05756840109825134,0.041762735694646835,0.1237654909491539,0.0433284193277359,0.03769195079803467,0.025117656216025352,0.5313875079154968,0.17146117985248566,0.019606269896030426,0.018724825233221054,0.028054893016815186,0.02544369176030159
3,18,2.383270377665758,1.0351622104644775,1.0417603254318237,0.9819665551185608,0.024934859946370125,0.023808792233467102,0.04871152713894844,0.023845603689551353,0.02679293416440487,0.03799627721309662,0.06259559094905853,0.023342683911323547,0.09894349426031113,0.02455710619688034,0.022037513554096222,0.1260036826133728,0.05093349143862724,0.056181348860263824,0.06300722807645798,0.13541510701179504,0.04391876608133316,0.03447248414158821,0.02335805632174015,0.5608108043670654,0.16956202685832977,0.023510845378041267,0.021651461720466614,0.02386551722884178,0.021235356107354164
3,19,2.5108949478715656,1.0351536273956299,1.0423309803009033,0.9818211793899536,0.025638049468398094,0.02269028313457966,0.046698544174432755,0.0353749617934227,0.024063048884272575,0.049952685832977295,0.09234008938074112,0.02156480774283409,0.05901282653212547,0.02686726488173008,0.024371692910790443,0.10742474347352982,0.04928600788116455,0.06255201250314713,0.07976841181516647,0.11396442353725433,0.07433556765317917,0.032862644642591476,0.023989181965589523,0.5804873108863831,0.25065144896507263,0.024949904531240463,0.02338399738073349,0.025467224419116974,0.02133665606379509
3,20,2.5379403587430716,1.035144567489624,1.0415596961975098,0.9818079471588135,0.024845028296113014,0.024972926825284958,0.042771175503730774,0.037688881158828735,0.026810096576809883,0.05605075880885124,0.11164688318967819,0.023188956081867218,0.05467100441455841,0.02509903721511364,0.020016150549054146,0.10399463027715683,0.05254335328936577,0.05111224949359894,0.06928166002035141,0.1439789980649948,0.08196847140789032,0.03372563049197197,0.024986833333969116,0.5614712238311768,0.26276496052742004,0.02420266531407833,0.021095527336001396,0.02505611814558506,0.022294696420431137
3,21,2.4604718662798404,1.0351918935775757,1.0414094924926758,0.9819183945655823,0.02421000227332115,0.023524878546595573,0.05473463237285614,0.03309660404920578,0.02390381693840027,0.0639238953590393,0.09569620341062546,0.023121245205402374,0.04129986837506294,0.02228918857872486,0.025630857795476913,0.14396288990974426,0.05404907837510109,0.044883180409669876,0.054902732372283936,0.09927166998386383,0.08053871244192123,0.03674991428852081,0.02453434094786644,0.5834686160087585,0.2012171894311905,0.02564639039337635,0.02160622738301754,0.024141894653439522,0.022363880649209023
3,22,2.242206871137023,1.0351536273956299,1.0411372184753418,0.981735110282898,0.023828677833080292,0.023213041946291924,0.04852478206157684,0.0357230082154274,0.025311050936579704,0.054048117250204086,0.09264413267374039,0.022036170586943626,0.040928181260824203,0.02381402626633644,0.025142930448055267,0.12850165367126465,0.03748199716210365,0.05068998411297798,0.06256765872240067,0.09255113452672958,0.07902607321739197,0.031005408614873886,0.02236425131559372,0.4018506109714508,0.21314498782157898,0.02619427815079689,0.023575134575366974,0.022703316062688828,0.02373107150197029
3,23,2.2919018011540175,1.035139799118042,1.0409988164901733,0.9817383885383606,0.025432510301470757,0.023198142647743225,0.05504835024476051,0.035245299339294434,0.026326069608330727,0.053654659539461136,0.10429555177688599,0.021256573498249054,0.0411096066236496,0.0222917627543211,0.020800255239009857,0.1289450228214264,0.041952986270189285,0.05589069426059723,0.08920689672231674,0.09713832288980484,0.08842461556196213,0.03252013400197029,0.02491895668208599,0.3800387382507324,0.21843001246452332,0.02425987459719181,0.022852811962366104,0.023710090667009354,0.023378461599349976
3,24,2.3619587402790785,1.0351407527923584,1.040452480316162,0.9817441701889038,0.029148496687412262,0.023619912564754486,0.06047150492668152,0.040657881647348404,0.021555252373218536,0.05374765023589134,0.10084731131792068,0.023678453639149666,0.047625329345464706,0.026071133092045784,0.023559466004371643,0.1423114836215973,0.04361126199364662,0.03848396986722946,0.0806172639131546,0.08301012963056564,0.09970078617334366,0.028048040345311165,0.020812561735510826,0.42067766189575195,0.24653491377830505,0.025161221623420715,0.02372715435922146,0.022841140627861023,0.023971278220415115
4,0,48.55342320203781,1.0352318286895752,1.0370131731033325,0.9817642569541931,1.6963768005371094,2.362123489379883,4.593929290771484,0.6842871308326721,0.9197624325752258,2.8688876628875732,1.12532639503479,2.0348992347717285,1.2466362714767456,2.364368438720703,1.9244587421417236,2.6289312839508057,3.2133612632751465,1.443036675453186,1.222316861152649,1.7390832901000977,1.8633867502212524,0.6500875353813171,3.09216046333313,0.8394846320152283,1.0791946649551392,2.5477652549743652,1.2227839231491089,3.3155016899108887,1.264471173286438
4,1,5.74508539699018,1.0378166437149048,1.034042477607727,0.9997428059577942,0.025802429765462875,0.04472452402114868,0.049188509583473206,0.02278098836541176,0.10452402383089066,0.14844951033592224,1.242905616760254,0.03073946386575699,0.20763112604618073,0.04326559975743294,0.06756553798913956,0.8651244044303894,0.253021776676178,0.2792713940143585,0.1854429990053177,0.18941046297550201,0.2802574336528778,0.678134024143219,0.05631926655769348,0.19954469799995422,0.04312460124492645,0.026405196636915207,0.028348475694656372,0.032247819006443024,0.02653512917459011
4,2,4.608664400875568,1.0368409156799316,1.029719352722168,0.9855936169624329,0.027668870985507965,0.02601276896893978,0.21772927045822144,0.027501529082655907,0.2068084478378296,0.033200837671756744,0.03033844195306301,0.03220994770526886,0.19365783035755157,0.05395820736885071,0.05038168653845787,0.5424860119819641,0.36218518018722534,0.3075304925441742,0.25002726912498474,0.8957568407058716,0.12282069027423859,0.07602022588253021,0.1699567586183548,0.134207621216774,0.13295568525791168,0.028892742469906807,0.02457582764327526,0.025834564119577408,0.025515874847769737
4,3,6.120678490027785,1.036853313446045,1.0370184183120728,0.9845042824745178,0.022171959280967712,0.023193417116999626,0.09517264366149902,0.06867317110300064,0.11407250910997391,0.030127238482236862,0.031472790986299515,0.030216190963983536,0.0758989080786705,0.02984609641134739,0.0537530779838562,1.1823444366455078,0.12425579875707626,1.8435331583023071,0.6229315400123596,0.35367661714553833,0.12415362894535065,0.13761182129383087,0.12377086281776428,0.22496049106121063,0.0915355458855629,0.031021689996123314,0.02206074818968773,0.030191611498594284,0.022357333451509476
4,4,10.356447899714112,1.036274790763855,1.0284792184829712,0.982563853263855,0.021521417424082756,0.023303154855966568,0.07984510064125061,0.07981742918491364,0.07949518412351608,0.02848009020090103,0.06908296048641205,0.024500412866473198,0.1249971017241478,0.04468356445431709,0.023749809712171555,1.8100582361221313,0.09447435289621353,4.140298366546631,1.398063063621521,0.46112173795700073,0.30667993426322937,0.39315950870513916,0.04663974791765213,0.3237209916114807,0.0684124231338501,0.026097385212779045,0.02320038340985775,0.03494513779878616,0.02063683234155178
4,5,13.846162801235915,1.0377988815307617,1.0357998609542847,0.9823023080825806,0.025133194401860237,0.024047737941145897,0.06486587226390839,0.060534439980983734,0.07763483375310898,0.027237415313720703,0.052773699164390564,0.02131883054971695,0.1953147053718567,0.03925301134586334,0.025298604741692543,4.1705169677734375,0.13459697365760803,5.237388610839844,1.384883999824524,0.4936562478542328,0.32083216309547424,0.25804516673088074,0.13722078502178192,0.323992520570755,0.04132562875747681,0.02715953439474106,0.023151608183979988,0.04333196580410004,0.025468073785305023
4,6,12.902107245475054,1.0367481708526611,1.0401874780654907,0.9821814894676208,0.020653726533055305,0.020897695794701576,0.03979356586933136,0.048237621784210205,0.069214828312397,0.026264388114213943,0.0734032690525055,0.02622954547405243,0.25191038846969604,0.025400452315807343,0.02356177754700184,3.9276537895202637,0.170798659324646,3.7861385345458984,1.7400306463241577,0.7304056286811829,0.3103764057159424,0.26634544134140015,0.16071683168411255,0.34741705656051636,0.09327013790607452,0.030529649928212166,0.02562865801155567,0.04947379603981972,0.02593132294714451
4,7,9.524313962459564,1.0360620021820068,1.0371657609939575,0.9822638630867004,0.026420453563332558,0.023945968598127365,0.033119525760412216,0.05104251950979233,0.028178714215755463,0.02769218571484089,0.07014492154121399,0.022760631516575813,0.2206524908542633,0.030948229134082794,0.03236088901758194,0.748410701751709,0.1894347369670868,3.486203193664551,2.58370041847229,0.1830814778804779,0.258252888917923,0.2390470802783966,0.2618931829929352,0.22556914389133453,0.06955303996801376,0.026704629883170128,0.023958200588822365,0.02775174006819725,0.022388672456145287
4,8,7.792714500799775,1.0353732109069824,1.0365756750106812,0.9821183085441589,0.022075535729527473,0.02161920815706253,0.031772565096616745,0.048101745545864105,0.03424275293946266,0.02920512668788433,0.08477522432804108,0.023562069982290268,0.19705019891262054,0.041129447519779205,0.034763846546411514,0.8062154650688171,0.2257416546344757,4.358960151672363,0.051211610436439514,0.10911554098129272,0.10885082930326462,0.3200022578239441,0.26875224709510803,0.19825629889965057,0.07274363189935684,0.024364616721868515,0.02150345779955387,0.024889161810278893,0.022996416315436363
5,0,47.923881924152376,1.0352318286895752,1.0370131731033325,0.9817642569541931,2.066542387008667,1.5774736404418945,4.589691638946533,0.5573756694793701,1.1380552053451538,3.0110385417938232,1.0415440797805786,1.8872392177581787,1.7540020942687988,1.6932151317596436,1.6002041101455688,2.744157314300537,3.733064651489258,1.7778944969177246,1.1626468896865845,1.8638801574707031,1.173822283744812,0.867715060710907,2.564563512802124,0.7615988254547119,0.7195510268211365,2.860736846923828,1.4259384870529175,3.1395761966705322,1.6015526056289673
5,1,9.282314071431756,1.0370253324508667,1.0341123342514038,0.9819114804267883,0.027390070259571075,0.03954794630408287,0.06487112492322922,0.17550750076770782,1.1675055027008057,0.06952585279941559,0.14469698071479797,0.05992991477251053,0.06493484228849411,0.02424967661499977,0.05638398975133896,0.299886018037796,1.4890938997268677,0.24436898529529572,0.8382864594459534,0.5242718458175659,1.7590380907058716,0.8281885385513306,0.26771125197410583,0.047195445746183395,0.33980903029441833,0.040658701211214066,0.03724934905767441,0.03782562166452408,0.023577602580189705
5,2,8.961222064495086,1.0351738929748535,1.0253955125808716,0.984306812286377,0.021827518939971924,0.0344117097556591,0.14278727769851685,0.04608094319701195,0.059718355536460876,0.08998670428991318,0.8240084052085876,0.06801851093769073,0.03497856855392456,0.02676607482135296,0.036105506122112274,0.737268328666687,0.5133956670761108,0.2613847553730011,0.16667920351028442,0.6129711866378784,0.21650317311286926,0.9105370044708252,0.4769130349159241,0.281167596578598,2.654953956604004,0.056501563638448715,0.02686471678316593,0.027509445324540138,0.024907613173127174
5,3,10.799832519516348,1.035563349723816,1.0353121757507324,0.9853072166442871,0.024974431842565536,0.036111362278461456,0.16751644015312195,0.05802983045578003,0.06813972443342209,0.0826311856508255,0.10395830124616623,0.024353576824069023,0.033180661499500275,0.029512977227568626,0.026105858385562897,2.2949602603912354,0.34954825043678284,0.3686656355857849,0.0779278576374054,0.5811337828636169,0.19905149936676025,1.8639113903045654,0.20362386107444763,0.07304288446903229,3.3958921432495117,0.03649960830807686,0.022505152970552444,0.03774051368236542,0.029578780755400658
5,4,6.788977846503258,1.0351529121398926,1.0416337251663208,0.983289897441864,0.025341903790831566,0.08708246052265167,0.18976032733917236,0.04830474033951759,0.04429561644792557,0.07431814819574356,0.030653148889541626,0.027985505759716034,0.04954748973250389,0.023295287042856216,0.03129897266626358,0.7791534662246704,0.1234193816781044,0.4419456720352173,0.0866665169596672,1.1212092638015747,0.5545867085456848,1.646092176437378,0.0268564410507679,0.09987583756446838,0.5308408737182617,0.03586520999670029,0.023817526176571846,0.046682268381118774,0.02806759625673294
5,5,7.782643887400627,1.0351457595825195,1.0363320112228394,0.9833454489707947,0.028135202825069427,0.08661904186010361,0.1155800074338913,0.042576245963573456,0.04340272769331932,0.06749706715345383,0.041323721408843994,0.026451241225004196,0.12099743634462357,0.021944276988506317,0.028442004695534706,0.8378884792327881,0.20371776819229126,0.37356725335121155,0.08535788953304291,1.3114689588546753,0.8072120547294617,2.128021240234375,0.028629321604967117,0.13955505192279816,0.5057620406150818,0.02923080511391163,0.026597237214446068,0.0455964133143425,0.02610575594007969
5,6,7.2237189181149,1.035412311553955,1.0362324714660645,0.9824947714805603,0.02989157661795616,0.11758880317211151,0.12816374003887177,0.045536935329437256,0.046845175325870514,0.08214214444160461,0.03914589062333107,0.026902679353952408,0.060604240745306015,0.025348776951432228,0.03412724658846855,0.4397750496864319,0.24353089928627014,0.31993186473846436,0.1180836483836174,1.1623531579971313,0.8833126425743103,1.9536762237548828,0.0681883916258812,0.16824141144752502,0.4980364441871643,0.02874440886080265,0.023037968203425407,0.047443244606256485,0.022238442674279213
5,7,6.902393002063036,1.0353840589523315,1.0340595245361328,0.9825598001480103,0.02584075927734375,0.11412447690963745,0.1281736046075821,0.030567137524485588,0.04076775163412094,0.10981874167919159,0.10147026181221008,0.02561093308031559,0.0839209035038948,0.021827854216098785,0.05810294672846794,0.30723944306373596,0.5054486393928528,0.4330900311470032,0.15392141044139862,1.2647513151168823,0.5845020413398743,0.9572997093200684,0.09636779874563217,0.5806224346160889,0.5289751291275024,0.03228709474205971,0.023039836436510086,0.06092451140284538,0.023297559469938278
5,8,6.6802566412836315,1.0353878736495972,1.0326952934265137,0.9821288585662842,0.025985104963183403,0.057336416095495224,0.14197102189064026,0.03635118156671524,0.0435185506939888,0.12577064335346222,0.06241622939705849,0.023861665278673172,0.06121927499771118,0.022631943225860596,0.02859904244542122,0.2003963142633438,0.7937283515930176,0.3495137095451355,0.1453419327735901,1.1378761529922485,0.6622366905212402,0.6585292220115662,0.14789126813411713,0.7048280239105225,0.5096189379692078,0.03584277629852295,0.02401297353208065,0.04609089717268944,0.024645911529660225
5,9,6.833899961411953,1.0355204343795776,1.0295428037643433,0.9818786382675171,0.02605346217751503,0.04921669140458107,0.11101721972227097,0.05658022686839104,0.04164326936006546,0.1149672269821167,0.057079508900642395,0.024811146780848503,0.07827714830636978,0.025296710431575775,0.03125103563070297,0.1626841425895691,0.9862952828407288,0.3143663704395294,0.10848890990018845,0.8912242650985718,0.8251638412475586,0.6711607575416565,0.2010284662246704,0.8127977848052979,0.49905383586883545,0.038451794534921646,0.0233569648116827,0.053444068878889084,0.020801454782485962
5,10,6.889509059488773,1.0352187156677246,1.0282154083251953,0.9817266464233398,0.021486621350049973,0.040655381977558136,0.1145586147904396,0.049520302563905716,0.048299483954906464,0.13132525980472565,0.05213816836476326,0.021312111988663673,0.04401186481118202,0.023069405928254128,0.02485916204750538,0.34082069993019104,0.2862478494644165,0.36908313632011414,0.16820886731147766,0.6296247839927673,0.9276703596115112,0.8416001200675964,0.15352411568164825,1.3389472961425781,0.5393813848495483,0.03468262404203415,0.026102276518940926,0.03217262402176857,0.021174389868974686
5,11,7.086295932531357,1.0351821184158325,1.029832363128662,0.981825053691864,0.027124641463160515,0.03611239045858383,0.10792786628007889,0.05035162717103958,0.04851102456450462,0.1402062326669693,0.07776512205600739,0.023840010166168213,0.0817701667547226,0.026039650663733482,0.026978181675076485,0.27277088165283203,0.31409913301467896,0.2980269491672516,0.20938493311405182,0.6534563302993774,0.9537971615791321,0.8402255177497864,0.1418326050043106,1.5645076036453247,0.4600929617881775,0.03511378914117813,0.025107791647315025,0.04076090827584267,0.021124545484781265
5,12,6.800153950229287,1.0352846384048462,1.0304853916168213,0.9819754958152771,0.022667493671178818,0.036228567361831665,0.11106105148792267,0.04812135174870491,0.050652679055929184,0.11526268720626831,0.06722512096166611,0.023272916674613953,0.034520626068115234,0.027814019471406937,0.02424105443060398,0.2748011350631714,0.2859317362308502,0.1252606213092804,0.16294804215431213,0.34665369987487793,1.1097922325134277,0.682991623878479,0.07796322554349899,1.93198561668396,0.5314661860466003,0.028364675119519234,0.022334406152367592,0.026021404191851616,0.023022672161459923
5,13,5.551743018627167,1.0351433753967285,1.0300891399383545,0.9817160367965698,0.022882308810949326,0.037778712809085846,0.1024576872587204,0.04945461452007294,0.05469624698162079,0.10892952233552933,0.09655790030956268,0.024706214666366577,0.04636760056018829,0.0219910629093647,0.02592429332435131,0.15403497219085693,0.2861441969871521,0.1301012486219406,0.22322435677051544,0.14035747945308685,0.9633334875106812,0.6659752130508423,0.13505232334136963,1.5217591524124146,0.03042813390493393,0.028707189485430717,0.022862907499074936,0.024412447586655617,0.024214034900069237
5,14,4.04538808465004,1.035142421722412,1.0319666862487793,0.9817588329315186,0.022638941183686256,0.024837950244545937,0.10233096778392792,0.05025259777903557,0.05583323910832405,0.09489915519952774,0.09392903745174408,0.02420140989124775,0.043625783175230026,0.019945602864027023,0.023298293352127075,0.08418507874011993,0.12659095227718353,0.12858285009860992,0.13432049751281738,0.0847378596663475,0.7406945824623108,0.0489126555621624,0.028636621311306953,1.367434024810791,0.02618429996073246,0.03126445785164833,0.024705640971660614,0.029930440708994865,0.02364155650138855
5,15,3.8870807737112045,1.0351619720458984,1.031146764755249,0.9816990494728088,0.02581861801445484,0.025621330365538597,0.12235356867313385,0.06594354659318924,0.04720345884561539,0.08815296739339828,0.0688508152961731,0.024213969707489014,0.03930339962244034,0.021214991807937622,0.023949211463332176,0.07930366694927216,0.13678887486457825,0.1326320618391037,0.16727615892887115,0.0796734094619751,0.6473634839057922,0.04272281005978584,0.025915158912539482,1.2856559753417969,0.03409096598625183,0.024535147473216057,0.02317277155816555,0.024801991879940033,0.02092086151242256
5,16,4.138248237222433,1.0351767539978027,1.0313447713851929,0.9817102551460266,0.022716563194990158,0.029138797894120216,0.12554743885993958,0.10291627049446106,0.046493835747241974,0.10672886669635773,0.04478548467159271,0.021070335060358047,0.04588086158037186,0.02122614160180092,0.023726055398583412,0.07715099304914474,0.15410403907299042,0.12211663275957108,0.16000421345233917,0.06412424892187119,0.7033420205116272,0.04274645075201988,0.0240972600877285,1.468518853187561,0.027344780042767525,0.027716049924492836,0.020350350067019463,0.0237417109310627,0.023013627156615257
5,17,2.476467849686742,1.0351701974868774,1.0312719345092773,0.9817006587982178,0.02211841568350792,0.02611871436238289,0.056570373475551605,0.08083026111125946,0.023880187422037125,0.06033424288034439,0.0438150018453598,0.02181154303252697,0.028514767065644264,0.019832566380500793,0.022202298045158386,0.07236837595701218,0.13256241381168365,0.11866096407175064,0.1151726245880127,0.06372930854558945,0.20650650560855865,0.06261589378118515,0.025165997445583344,0.5395500659942627,0.025146491825580597,0.029315128922462463,0.02103377878665924,0.026103617623448372,0.02287975326180458
5,18,2.6322547271847725,1.0351511240005493,1.0323894023895264,0.9817046523094177,0.025120120495557785,0.02382729947566986,0.07161805778741837,0.0829179659485817,0.025367818772792816,0.06072621792554855,0.05724435672163963,0.022543681785464287,0.02888297475874424,0.024491161108016968,0.020486611872911453,0.08625664561986923,0.12088343501091003,0.12240943312644958,0.11220882087945938,0.09806979447603226,0.2396920919418335,0.05087537318468094,0.025096025317907333,0.5971212983131409,0.030743924900889397,0.028360730037093163,0.021401816979050636,0.023941120132803917,0.022118914872407913
5,19,2.868450668826699,1.035159707069397,1.033342719078064,0.9817315340042114,0.02292552962899208,0.022426357492804527,0.08046054095029831,0.06433888524770737,0.02332673780620098,0.06542549282312393,0.047174904495477676,0.020854847505688667,0.03323734551668167,0.02504097670316696,0.021521635353565216,0.12935961782932281,0.11286323517560959,0.12888944149017334,0.12162215262651443,0.11949190497398376,0.3614896237850189,0.05566413700580597,0.02663899026811123,0.6423371434211731,0.032258786261081696,0.02786182425916195,0.023312179371714592,0.025534452870488167,0.024347133934497833
5,20,2.9142330713570117,1.0351614952087402,1.0336378812789917,0.9817309975624084,0.02266853302717209,0.024275921285152435,0.06211259216070175,0.06943564862012863,0.02493199147284031,0.0722765401005745,0.04343092814087868,0.023787593469023705,0.030177852138876915,0.019243940711021423,0.024070346727967262,0.0947265774011612,0.1455334573984146,0.12583698332309723,0.0976850837469101,0.13154102861881256,0.4782182574272156,0.05802704021334648,0.025743767619132996,0.6078927516937256,0.031226420775055885,0.025175021961331367,0.022245563566684723,0.019467055797576904,0.024396099150180817
5,21,2.9754137452691793,1.035156011581421,1.032403826713562,0.9816981554031372,0.02431565150618553,0.02332213707268238,0.07134247571229935,0.06293783336877823,0.026401221752166748,0.08431898057460785,0.038134071975946426,0.022346999496221542,0.02895047701895237,0.02295491471886635,0.020268624648451805,0.06129258871078491,0.1400349736213684,0.13416029512882233,0.11214674264192581,0.10219080001115799,0.4688551723957062,0.05652811750769615,0.026216091588139534,0.7166418433189392,0.029493335634469986,0.02631186693906784,0.023405389860272408,0.022067124024033546,0.020924417302012444
5,22,3.0244612812995912,1.0351425409317017,1.0331367254257202,0.9816988110542297,0.02567661739885807,0.021960515528917313,0.05826093256473541,0.06443909555673599,0.023031175136566162,0.050126198679208755,0.042879458516836166,0.021998248994350433,0.036903709173202515,0.02511882595717907,0.0233173631131649,0.06884488463401794,0.13394971191883087,0.10198675841093063,0.13729725778102875,0.21862177550792694,0.4463047683238983,0.03963014855980873,0.028805093839764595,0.7185424566268921,0.028369342908263206,0.026510372757911682,0.02146763727068901,0.025970954447984695,0.024452362209558487
5,23,3.0958479586988688,1.035204291343689,1.0345327854156494,0.9816979765892029,0.022749777883291245,0.025080081075429916,0.06525249779224396,0.07364930212497711,0.021766331046819687,0.034789878875017166,0.04145843908190727,0.0218588225543499,0.030824266374111176,0.024365505203604698,0.02280869334936142,0.07699064165353775,0.15804937481880188,0.11693177372217178,0.143084317445755,0.23478497564792633,0.46003562211990356,0.040108680725097656,0.028676483780145645,0.7130733728408813,0.0340818427503109,0.027994798496365547,0.02262076549232006,0.02302652783691883,0.021498175337910652
6,0,49.39093552827835,1.0357214212417603,1.0441243648529053,0.9830505847930908,2.633141279220581,1.6961629390716553,4.782046318054199,0.5356889963150024,1.492832064628601,2.6560051441192627,1.1431978940963745,2.0160305500030518,1.013532280921936,2.3010153770446777,1.6574640274047852,2.5669972896575928,3.138505220413208,1.8354229927062988,1.1827830076217651,1.864982008934021,2.103119134902954,0.7488908171653748,2.1824257373809814,1.63394296169281,0.7704704999923706,3.3735339641571045,1.4574346542358398,2.8731424808502197,1.1195886135101318
6,1,6.874659319967032,1.0403077602386475,1.0536755323410034,0.9840319752693176,2.492358922958374,0.02810957282781601,0.0767708495259285,0.055009689182043076,0.11178196966648102,0.5280939340591431,0.039572425186634064,0.043356411159038544,0.13283225893974304,0.04358392581343651,0.031030617654323578,0.12778423726558685,0.152897909283638,0.06599509716033936,0.09727153927087784,0.3153916597366333,0.04850897192955017,0.5717266201972961,0.37499070167541504,0.2351469248533249,0.5578581094741821,0.03911147266626358,0.02556464448571205,0.03324074670672417,0.031067054718732834
6,2,4.391093001514673,1.0388518571853638,1.0416347980499268,0.9835834503173828,0.03217754140496254,0.03286992385983467,0.1897614747285843,0.07565835863351822,0.061161141842603683,0.0654495507478714,0.04563647508621216,0.030088210478425026,0.06503797322511673,0.038017094135284424,0.024921603500843048,0.19140921533107758,0.25876885652542114,0.1536944955587387,0.1259688138961792,0.21234196424484253,0.1522788107395172,0.8503352999687195,0.36298084259033203,0.0666985958814621,0.6016188859939575,0.04032814875245094,0.04341011121869087,0.033297907561063766,0.0243676844984293
6,3,2.930600870400667,1.0361323356628418,1.0275390148162842,0.9817659854888916,0.030899720266461372,0.03506898134946823,0.16589362919330597,0.12601424753665924,0.08501286804676056,0.06498456001281738,0.10497550666332245,0.02753123641014099,0.08568979054689407,0.028845947235822678,0.025177862495183945,0.32372647523880005,0.09187543392181396,0.07194121181964874,0.059972427785396576,0.12184008955955505,0.1873166561126709,0.29482024908065796,0.13090349733829498,0.040410518646240234,0.10208282619714737,0.030669763684272766,0.03342288359999657,0.028033431619405746,0.024403588846325874
6,4,3.5792492810636762,1.036009430885315,1.0344369411468506,0.9816974997520447,0.027912572026252747,0.026415549218654633,1.048977017402649,0.07405781745910645,0.05145789310336113,0.05931093543767929,0.11834589391946793,0.034621015191078186,0.08372984081506729,0.04034033790230751,0.035684242844581604,0.26776123046875,0.23307223618030548,0.05479925498366356,0.10510280728340149,0.23744182288646698,0.10779282450675964,0.024898216128349304,0.043726708739995956,0.14245958626270294,0.03503129631280899,0.029667414724826813,0.033836379647254944,0.027750590816140175,0.024627022445201874
6,5,3.110343784838915,1.035239338874817,1.0339586734771729,0.9817408919334412,0.028233615681529045,0.02783087268471718,0.3770521283149719,0.12082720547914505,0.045888520777225494,0.05596109852194786,0.12480252236127853,0.027854379266500473,0.21643677353858948,0.027732249349355698,0.03605509176850319,0.22467173635959625,0.08193861693143845,0.06698348373174667,0.05913626030087471,0.21094660460948944,0.12899675965309143,0.03475038707256317,0.035790033638477325,0.4335406422615051,0.02633046917617321,0.02334548532962799,0.0350126288831234,0.026092732325196266,0.023945705965161324
6,6,3.5063068848103285,1.035287857055664,1.0398858785629272,0.9817053079605103,0.02409352734684944,0.029311172664165497,0.36557161808013916,0.13813965022563934,0.05928879976272583,0.06391259282827377,0.18718625605106354,0.031987015157938004,0.16543489694595337,0.03134904429316521,0.03548465669155121,0.2754901349544525,0.10436870157718658,0.08456044644117355,0.05932748317718506,0.23917266726493835,0.1474902331829071,0.026130838319659233,0.032431717962026596,0.651389479637146,0.028446804732084274,0.027097605168819427,0.03731999546289444,0.024678613990545273,0.02526712417602539
6,7,2.950745203346014,1.035280704498291,1.038988471031189,0.9817599654197693,0.026382476091384888,0.051367949694395065,0.2988111972808838,0.05291617661714554,0.09811762720346451,0.05286649242043495,0.11578918248414993,0.025641825050115585,0.0569380521774292,0.023884214460849762,0.030995046719908714,0.2541992664337158,0.12852917611598969,0.07700235396623611,0.02845952659845352,0.27733778953552246,0.025751762092113495,0.024123631417751312,0.06763845682144165,0.4184642434120178,0.10117653012275696,0.03051554411649704,0.02304251864552498,0.026591690257191658,0.02299664542078972
6,8,3.007582350075245,1.0352286100387573,1.0405359268188477,0.9817044734954834,0.029439739882946014,0.03215958550572395,0.3173487186431885,0.04792512208223343,0.14661939442157745,0.06698502600193024,0.1001528650522232,0.029499676078557968,0.05109313130378723,0.028314949944615364,0.03223100304603577,0.25031721591949463,0.11002413928508759,0.13155965507030487,0.040092065930366516,0.1590779721736908,0.02372288517653942,0.027210133150219917,0.05430637300014496,0.49070146679878235,0.134219229221344,0.02372848428785801,0.022222846746444702,0.024610519409179688,0.022526349872350693
6,9,3.238231613859534,1.035259485244751,1.0405532121658325,0.98189377784729,0.02824789471924305,0.03679980710148811,0.3477662205696106,0.04850515350699425,0.12595023214817047,0.0551520437002182,0.11291143298149109,0.030888056382536888,0.040826037526130676,0.02774098515510559,0.026015503332018852,0.25607502460479736,0.135512575507164,0.1142021045088768,0.045308083295822144,0.13862812519073486,0.02278837561607361,0.024105435237288475,0.06209878996014595,0.6951757073402405,0.15027828514575958,0.02671709470450878,0.023547077551484108,0.025488682091236115,0.02596159093081951
7,0,48.80563405752182,1.0352318286895752,1.0370131731033325,0.9817642569541931,2.254330635070801,1.3653020858764648,4.605380058288574,0.794124960899353,1.2651742696762085,2.8309431076049805,1.8705633878707886,2.7908430099487305,1.3521478176116943,2.5221738815307617,2.152601480484009,2.855109453201294,3.754772901535034,1.4664204120635986,1.1930774450302124,1.5227434635162354,1.0437486171722412,0.7219343185424805,1.7439472675323486,1.0585261583328247,1.2311946153640747,2.3949904441833496,1.55959153175354,2.3358311653137207,1.5093597173690796
7,1,6.922445240616798,1.0456830263137817,1.017958402633667,0.9822637438774109,2.2568368911743164,0.023146819323301315,0.123321034014225,0.038897156715393066,0.12371868640184402,1.2228182554244995,0.11202383786439896,0.06044420599937439,0.042879410088062286,0.04584353417158127,0.030587786808609962,0.44420698285102844,0.24533414840698242,0.0690128356218338,0.19342957437038422,0.1293514519929886,0.2912922501564026,0.4195340871810913,0.037530336529016495,0.20233526825904846,0.07097011804580688,0.027165940031409264,0.03247673064470291,0.042687173932790756,0.027419690042734146
7,2,3.8779056403785943,1.0355312824249268,1.0179976224899292,0.9817718863487244,0.04925005882978439,0.023972420021891594,0.06774280965328217,0.0552445687353611,0.1426413506269455,0.6683506965637207,0.14970766007900238,0.024612171575427055,0.0418618842959404,0.0353831984102726,0.026717286556959152,0.21376574039459229,0.2586109936237335,0.09607275575399399,0.25452762842178345,0.23772898316383362,0.03481610119342804,0.5413767695426941,0.029691508039832115,0.16566023230552673,0.02493266388773918,0.02948056533932686,0.027049250900745392,0.04434959590435028,0.027298588305711746
7,3,2.8747904505580664,1.0351918935775757,1.0240764617919922,0.9817728400230408,0.029587557539343834,0.02529134973883629,0.10350912064313889,0.02318345010280609,0.05253190919756889,0.04277629405260086,0.1410987824201584,0.026106182485818863,0.0715380609035492,0.025935601443052292,0.02185623161494732,0.13828681409358978,0.24138937890529633,0.08002295345067978,0.360745370388031,0.2405610978603363,0.03200608491897583,0.265350878238678,0.13978147506713867,0.04505279287695885,0.029116598889231682,0.027575457468628883,0.03156834468245506,0.04725101962685585,0.02445940487086773
7,4,2.9798655550926925,1.035170316696167,1.0304291248321533,0.9819671511650085,0.026340778917074203,0.029029037803411484,0.0802266076207161,0.02546858601272106,0.03151139244437218,0.02844041772186756,0.09942925721406937,0.028510887175798416,0.08625494688749313,0.02387339062988758,0.022638609632849693,0.15012209117412567,0.11429136991500854,0.2371407300233841,0.21638184785842896,0.5604128837585449,0.046631939709186554,0.253525972366333,0.07962365448474884,0.08681292086839676,0.04155503213405609,0.02927483804523945,0.02200240083038807,0.026553500443696976,0.024299142882227898
7,5,4.113186487555504,1.0354101657867432,1.0390644073486328,0.9817954301834106,0.02507459931075573,0.04307897016406059,0.08810102939605713,0.028442656621336937,0.026535337790846825,0.02821391075849533,0.041342832148075104,0.02770344540476799,0.07392203062772751,0.02333565428853035,0.029316425323486328,0.1722119152545929,0.13000871241092682,0.19097289443016052,0.32342132925987244,0.8532260060310364,0.32814735174179077,0.5578007102012634,0.11595740914344788,0.21797065436840057,0.07895205169916153,0.023793648928403854,0.023848917335271835,0.02792833186686039,0.02262566238641739
7,6,3.7673565078526736,1.0352411270141602,1.0392704010009766,0.9820839762687683,0.029808923602104187,0.02494397759437561,0.06090819090604782,0.04456644877791405,0.02298484928905964,0.02872893214225769,0.027848852798342705,0.027417290955781937,0.08108478784561157,0.025044528767466545,0.023057563230395317,0.14284339547157288,0.20269154012203217,0.21916744112968445,0.42822766304016113,0.6876488924026489,0.44307941198349,0.2675071358680725,0.09013121575117111,0.15403522551059723,0.02680693008005619,0.024608975276350975,0.022163938730955124,0.028781423345208168,0.021949872374534607
7,7,4.519656548649072,1.035256028175354,1.0427802801132202,0.9821023941040039,0.028143905103206635,0.025411849841475487,0.055361274629831314,0.0989040806889534,0.05040528252720833,0.027193598449230194,0.03570565953850746,0.02753119356930256,0.12616419792175293,0.026875972747802734,0.019866444170475006,0.17859940230846405,0.15489360690116882,0.21659743785858154,0.31354400515556335,1.0794275999069214,0.6900283694267273,0.32842403650283813,0.08223820477724075,0.2075084149837494,0.03504440188407898,0.024188976734876633,0.024030357599258423,0.025514429435133934,0.026026105508208275
7,8,4.148436744511128,1.0354770421981812,1.044542670249939,0.982612133026123,0.027448836714029312,0.0249664094299078,0.05823018401861191,0.11598742008209229,0.04318096488714218,0.028387630358338356,0.04234536364674568,0.03054942563176155,0.10546053200960159,0.024437103420495987,0.02417026273906231,0.20693059265613556,0.13550612330436707,0.19161753356456757,0.3365122079849243,0.7375666499137878,0.7247223258018494,0.25121158361434937,0.026556789875030518,0.2690559923648834,0.03111230954527855,0.02360319346189499,0.0230216346681118,0.026074746623635292,0.027254559099674225
7,9,4.451302738487721,1.0352561473846436,1.0431299209594727,0.9823682904243469,0.027019450441002846,0.023265840485692024,0.08507184684276581,0.10271979123353958,0.035269469022750854,0.02615056000649929,0.0680481493473053,0.03135523945093155,0.10026921331882477,0.025671185925602913,0.02443739026784897,0.17320963740348816,0.14010843634605408,0.19103726744651794,0.6485843658447266,0.8508381843566895,0.7946311831474304,0.026588667184114456,0.03211241587996483,0.3081376254558563,0.03057948872447014,0.024746621027588844,0.021484188735485077,0.024766933172941208,0.02304871566593647
8,0,51.13640753030777,1.0352318286895752,1.0370131731033325,0.9817642569541931,2.0560672283172607,1.7364115715026855,5.165149688720703,0.9760931134223938,1.4243707656860352,2.985386371612549,2.0463483333587646,2.51397967338562,1.2158409357070923,2.0865910053253174,1.5916471481323242,2.3314647674560547,3.1426992416381836,1.4718525409698486,1.0442734956741333,1.51249098777771,1.682964563369751,0.9613268971443176,2.7888710498809814,1.1455143690109253,1.1377449035644531,2.7996463775634766,2.3896782398223877,2.5070629119873047,1.8121294975280762
8,1,6.785155918449163,1.0359516143798828,1.024417519569397,0.9911794662475586,2.1452600955963135,0.02801656909286976,0.3622063100337982,0.025503620505332947,0.035190340131521225,0.3811318278312683,0.08221431821584702,0.04709286987781525,0.1335749328136444,0.024740546941757202,0.03904324769973755,0.15776443481445312,0.2935716509819031,0.3735279142856598,0.21057336032390594,0.31858402490615845,0.214433491230011,0.20758815109729767,0.23697017133235931,0.5676332712173462,0.13057026267051697,0.04909053072333336,0.027557840570807457,0.03770104795694351,0.045305367559194565
8,2,8.714345622435212,1.0364288091659546,1.0285793542861938,0.9834229350090027,2.3572685718536377,0.06656014919281006,0.07642786204814911,0.027587832883000374,0.05321899801492691,0.10066162049770355,0.5388045310974121,0.08798646181821823,0.17896191775798798,0.028636686503887177,0.02722766622900963,0.19594894349575043,0.4823703169822693,0.39995908737182617,1.3975427150726318,0.27370205521583557,0.4268092215061188,0.5557408928871155,0.039178986102342606,0.36489415168762207,0.29768484830856323,0.035868510603904724,0.023321442306041718,0.035996876657009125,0.03229905664920807
8,3,8.992656737565994,1.0357060432434082,1.0352222919464111,0.984350323677063,2.207658529281616,0.03141408413648605,0.09591859579086304,0.04942859709262848,0.06106162816286087,0.10214447230100632,0.198828786611557,0.12476423382759094,0.18829941749572754,0.028244607150554657,0.03928803279995918,0.07918751239776611,0.34030070900917053,0.2515794634819031,2.5349693298339844,0.8004696369171143,0.3820827603340149,0.42118051648139954,0.12601302564144135,0.12365701794624329,0.0553162582218647,0.031197166070342064,0.02301076427102089,0.030027227476239204,0.05555863305926323
8,4,7.143140899017453,1.0353856086730957,1.02950119972229,0.9827076196670532,0.02413228154182434,0.037894174456596375,0.06551625579595566,0.08686833828687668,0.26044532656669617,0.3178821802139282,0.3157159984111786,0.10319618880748749,0.10169071704149246,0.03334859386086464,0.035866715013980865,0.07599703222513199,0.24562378227710724,0.6516450047492981,2.5739378929138184,0.2502325177192688,0.5794547200202942,0.17468687891960144,0.3747507929801941,0.07232347130775452,0.027958326041698456,0.03331900015473366,0.02463935874402523,0.035144466906785965,0.03135199844837189
8,5,9.53239561393857,1.0351632833480835,1.033658742904663,0.9826229810714722,0.028020918369293213,0.026519663631916046,0.083626389503479,0.0899842157959938,0.30261528491973877,0.04840443283319473,0.2740046977996826,0.12268105149269104,0.10867815464735031,0.03974882885813713,0.03446730226278305,0.10406865179538727,0.10679364204406738,0.23290976881980896,2.6362242698669434,0.38810107111930847,0.055637963116168976,0.238998144865036,0.7422890663146973,3.1060128211975098,0.02467467077076435,0.032454345375299454,0.02479586936533451,0.036412790417671204,0.033982597291469574
8,6,10.528803255781531,1.0351595878601074,1.0357167720794678,0.9817476868629456,0.027621258050203323,0.023368174210190773,0.0483015701174736,0.04141973704099655,0.1615249365568161,0.05371156707406044,0.026307139545679092,0.11587385088205338,0.0830410048365593,0.043722931295633316,0.02355143427848816,0.11979357898235321,0.10878223180770874,0.1327342838048935,2.734937906265259,0.31641077995300293,0.14488554000854492,0.027273934334516525,0.06636208295822144,5.487325191497803,0.022589318454265594,0.02828616090118885,0.025856036692857742,0.030376078560948372,0.024221718311309814
8,7,12.546880192309619,1.0351433753967285,1.0340697765350342,0.9817342758178711,0.02649310790002346,0.020784737542271614,0.18850404024124146,0.06358377635478973,0.10338613390922546,0.0556027777493,0.028508739545941353,0.09574475884437561,0.10085523873567581,0.02874665893614292,0.02549848146736622,0.1768323928117752,0.08154826611280441,0.05094030871987343,0.652617871761322,0.6048183441162109,0.11807035654783249,0.023068362846970558,0.052261218428611755,9.302186965942383,0.030146034434437752,0.025362512096762657,0.026036512106657028,0.03217263147234917,0.022920478135347366
9,0,47.82834383249283,1.0363800525665283,1.0391266345977783,0.9818665981292725,1.9554089307785034,2.457770347595215,4.435399532318115,0.527038037776947,1.5059680938720703,1.8957083225250244,0.81315016746521,2.1287567615509033,2.127077341079712,2.303251028060913,0.9718462228775024,2.743699073791504,3.6122114658355713,1.6193852424621582,1.294980525970459,1.8896313905715942,1.518096923828125,0.601058840751648,2.1726553440093994,0.9523411989212036,0.8176393508911133,2.5519375801086426,2.0849318504333496,2.691810131072998,1.5451154708862305
9,1,9.816026129201054,1.036083698272705,1.0555893182754517,0.9817560315132141,1.9392775297164917,0.04191923141479492,0.8155035972595215,0.234208345413208,0.038104649633169174,0.19992601871490479,0.6237786412239075,0.05122394114732742,0.05062934383749962,0.11150390654802322,0.04875633493065834,0.40181586146354675,0.5834705829620361,0.15360793471336365,0.47545570135116577,0.924051821231842,0.6415612697601318,0.9310001134872437,0.2725343406200409,0.3825203776359558,0.12699416279792786,0.04134164750576019,0.02453463338315487,0.04167976230382919,0.045940570533275604
9,2,9.117325846478343,1.0356496572494507,1.0665669441223145,0.982697069644928,1.9438953399658203,0.02429620549082756,0.47281843423843384,0.14565785229206085,0.2063896209001541,0.09366856515407562,0.09608729183673859,0.1387069672346115,0.06302965432405472,0.06777206063270569,0.05386064946651459,0.15139402449131012,0.2751709520816803,0.8851760029792786,0.23810461163520813,0.48638132214546204,1.4390374422073364,0.7288129329681396,0.22302889823913574,0.5179262757301331,0.09290789812803268,0.05555332824587822,0.025491738691926003,0.03766559436917305,0.03750944882631302
9,3,4.624965583160519,1.0360957384109497,1.0666617155075073,0.9817205667495728,0.02980642579495907,0.024211211130023003,0.050732024013996124,0.028738508000969887,0.03466878458857536,0.04264545068144798,0.35087236762046814,0.022710779681801796,0.11776036024093628,0.03477795049548149,0.02879122458398342,0.1093447282910347,0.6895792484283447,0.559985339641571,0.13963273167610168,0.2932763993740082,0.302200049161911,0.4940064549446106,0.11302067339420319,0.335368812084198,0.04073231667280197,0.0696113258600235,0.027583211660385132,0.0410148911178112,0.02699870988726616
9,4,7.066553839296103,1.0358717441558838,1.0370051860809326,0.9817678928375244,0.026471618562936783,0.02598464861512184,0.04054703563451767,0.06138234585523605,0.026343967765569687,0.031228194013237953,0.7081760168075562,0.024053093045949936,0.1919909566640854,0.031429823487997055,0.02472291886806488,0.20018896460533142,1.919676661491394,0.9473611116409302,0.09194248169660568,0.2894992530345917,0.23507806658744812,0.6062701344490051,0.09484291821718216,0.6728038191795349,0.04254730045795441,0.07660597562789917,0.02805970050394535,0.03230750933289528,0.02611035853624344
9,5,7.472589456290007,1.0360517501831055,1.03538179397583,0.9818606376647949,0.026960404589772224,0.025131674483418465,0.052361540496349335,0.03739630803465843,0.020605461671948433,0.04748355224728584,0.7630105018615723,0.0231684148311615,0.11636539548635483,0.03402182087302208,0.024582484737038612,0.24162282049655914,1.7006500959396362,1.2486999034881592,0.11045876890420914,0.37505578994750977,0.3263140916824341,0.6811333894729614,0.0936439037322998,0.7377831339836121,0.0483633428812027,0.04918303340673447,0.02497333288192749,0.026961494237184525,0.02599995955824852
9,6,5.614246697723866,1.036253809928894,1.0342748165130615,0.9817055463790894,0.023136114701628685,0.02380255237221718,0.05219581350684166,0.05680426210165024,0.0211406908929348,0.03762734681367874,0.683164119720459,0.025540363043546677,0.10068604350090027,0.030962271615862846,0.0245503019541502,0.26877614855766296,0.6591538190841675,1.0542107820510864,0.0607706643640995,0.4257292151451111,0.3002760410308838,0.27068230509757996,0.13222889602184296,0.4645282030105591,0.15547406673431396,0.05604849383234978,0.02452826127409935,0.025335151702165604,0.02644793502986431
9,7,4.215036586672068,1.0361417531967163,1.0356121063232422,0.9817844033241272,0.022589752450585365,0.02523474395275116,0.03520696237683296,0.022457372397184372,0.022473642602562904,0.033449169248342514,0.7216625809669495,0.02282268926501274,0.07565288990736008,0.02947367914021015,0.022579597309231758,0.23290126025676727,0.449293315410614,1.273059368133545,0.06667420268058777,0.10245263576507568,0.0565100759267807,0.061524614691734314,0.12399618327617645,0.07789665460586548,0.026627765968441963,0.027344603091478348,0.022973237559199333,0.02464437671005726,0.024827560409903526
9,8,3.8743024062365294,1.0359642505645752,1.0361106395721436,0.9817630052566528,0.02169964276254177,0.022598719224333763,0.03423256054520607,0.022527484223246574,0.02456233650445938,0.032145652920007706,0.39133694767951965,0.022771146148443222,0.07930943369865417,0.03356057405471802,0.02599981240928173,0.3287302255630493,0.4408671259880066,1.1411854028701782,0.04432212561368942,0.11702170968055725,0.055543653666973114,0.06493912637233734,0.15041451156139374,0.08528897166252136,0.024409886449575424,0.029203468933701515,0.023398958146572113,0.024738850072026253,0.022726500406861305
9,9,2.7960885252803562,1.0361154079437256,1.0396641492843628,0.9818421006202698,0.02235993929207325,0.023754512891173363,0.04317690059542656,0.02408486232161522,0.02588587999343872,0.02909066528081894,0.3515741527080536,0.02384175732731819,0.09577889740467072,0.028149496763944626,0.02447398751974106,0.22959420084953308,0.40699994564056396,0.23013918101787567,0.04778147116303444,0.09520013630390167,0.06940551102161407,0.06389087438583374,0.12138634920120239,0.0975428894162178,0.03259652853012085,0.02701622061431408,0.024152062833309174,0.02297954075038433,0.023708229884505272
9,10,3.297932955250144,1.0365875959396362,1.039422869682312,0.9818163514137268,0.021559877321124077,0.02506169117987156,0.052827075123786926,0.02356242761015892,0.027302632108330727,0.03411189466714859,0.3926648199558258,0.022294452413916588,0.11544705182313919,0.028478866443037987,0.024877898395061493,0.2511952817440033,0.4765090048313141,0.5429975390434265,0.05630255490541458,0.07267600297927856,0.09278968721628189,0.06028291955590248,0.1340816617012024,0.0982554629445076,0.03443934768438339,0.02767687290906906,0.025062518194317818,0.02143675833940506,0.024473292753100395
9,11,3.174519279971719,1.0358893871307373,1.039089322090149,0.9819194078445435,0.022249160334467888,0.02529602311551571,0.051037080585956573,0.02331336960196495,0.02775714546442032,0.03355079144239426,0.46352365612983704,0.022537216544151306,0.11110810935497284,0.02664855495095253,0.023369258269667625,0.2989840507507324,0.19564351439476013,0.5677889585494995,0.05470478907227516,0.0625157281756401,0.12044569849967957,0.058466024696826935,0.11908278614282608,0.11859621852636337,0.039933010935783386,0.02852536179125309,0.020691607147455215,0.023066459223628044,0.024305082857608795
9,12,3.299404102563858,1.035650372505188,1.0434691905975342,0.9819818139076233,0.022175094112753868,0.024140609428286552,0.06130944937467575,0.020534086972475052,0.023750878870487213,0.032831158488988876,0.42459559440612793,0.023178424686193466,0.10473398119211197,0.031229965388774872,0.024399304762482643,0.32080426812171936,0.2171880453824997,0.6453996300697327,0.07901759445667267,0.060132212936878204,0.1280101239681244,0.06430090218782425,0.1275017410516739,0.11673501133918762,0.037919268012046814,0.025756506249308586,0.023139771074056625,0.021583255380392075,0.026816949248313904
9,13,3.924633943662047,1.0357152223587036,1.0418349504470825,0.9820148944854736,0.0246988944709301,0.02406892739236355,0.054670318961143494,0.020890114828944206,0.026566224172711372,0.03213369846343994,0.13728083670139313,0.02394406870007515,0.06605634838342667,0.031139323487877846,0.02454853244125843,0.2446911633014679,0.20558485388755798,1.2348147630691528,0.07579032331705093,0.05143251270055771,0.5485368371009827,0.061792343854904175,0.12458065897226334,0.1567913293838501,0.05104304477572441,0.02332666702568531,0.02110813371837139,0.023447902873158455,0.023783108219504356
9,14,3.8678724825382234,1.0358463525772095,1.0408529043197632,0.9823993444442749,0.025129929184913635,0.02187596820294857,0.07700857520103455,0.022785328328609467,0.02326713316142559,0.03311214968562126,0.16985075175762177,0.02064027637243271,0.057995930314064026,0.03209417313337326,0.022823140025138855,0.15846648812294006,0.19262562692165375,1.3240724802017212,0.09400524199008942,0.056014809757471085,0.47170692682266235,0.06575433164834976,0.12104745209217072,0.1340966522693634,0.038082305341959,0.023615913465619087,0.023985370993614197,0.023867515847086906,0.022128291428089142
9,15,4.086560206487775,1.0356686115264893,1.0430781841278076,0.9823012948036194,0.024567490443587303,0.02426738291978836,0.05978891998529434,0.02394207753241062,0.024190343916416168,0.03304474428296089,0.18959954380989075,0.024609223008155823,0.05910453572869301,0.029786422848701477,0.024109553545713425,0.21523328125476837,0.21056228876113892,1.3660084009170532,0.08117929100990295,0.06072263792157173,0.5261483192443848,0.07061857730150223,0.13305813074111938,0.1593572050333023,0.03792976960539818,0.0242728590965271,0.022691858932375908,0.026563061401247978,0.022994669154286385
10,0,50.508085107803346,1.0352318286895752,1.0370131731033325,0.9817642569541931,2.573220729827881,1.8379532098770142,4.277449607849121,0.7933231592178345,1.2436463832855225,2.6351263523101807,0.9044976830482483,2.0131118297576904,1.4008774757385254,2.1364758014678955,2.0598044395446777,2.6158413887023926,3.437908887863159,1.8520034551620483,0.9818736910820007,1.277577519416809,1.7321442365646362,0.9459746479988098,2.5659258365631104,1.6255836486816406,1.737128734588623,2.8495914936065674,2.313786268234253,2.6501758098602295,1.4362809658050537
10,1,11.634402720630169,1.0386673212051392,1.0452336072921753,0.9824074506759644,0.037758443504571915,0.034482039511203766,0.06119300425052643,0.12173642218112946,0.04932330176234245,0.061440225690603256,0.12318231910467148,0.0728721171617508,0.4192725419998169,2.1725411415100098,0.060216668993234634,0.9370855093002319,2.175417184829712,0.3253483474254608,1.2842251062393188,0.8169320821762085,0.4858587086200714,0.048189498484134674,0.95662921667099,0.3425401747226715,0.2785267233848572,0.040460679680109024,0.035341646522283554,0.040844205766916275,0.03972373530268669
10,2,7.598882365971804,1.036544919013977,1.037658452987671,0.9817076921463013,0.034214332699775696,0.12161650508642197,0.11621471494436264,0.19425873458385468,0.14777013659477234,0.09700533002614975,0.049962420016527176,0.02692042849957943,0.5185848474502563,0.028946969658136368,0.03297721594572067,0.24320514500141144,0.15462368726730347,0.3415106236934662,2.4741508960723877,0.20797449350357056,1.0354183912277222,0.32820454239845276,0.6273468136787415,0.027765709906816483,0.024477573111653328,0.03162611275911331,0.04961352422833443,0.034280505031347275,0.03903049975633621
10,3,4.552364080771804,1.0365309715270996,1.042181372642517,0.9820280075073242,0.032009825110435486,0.030290039256215096,0.1042507141828537,0.15496301651000977,0.17531000077724457,0.04068577662110329,0.03699890151619911,0.02390633150935173,0.51115882396698,0.05858512595295906,0.034272707998752594,0.27140721678733826,0.16201451420783997,0.47300010919570923,0.32641899585723877,0.19022643566131592,0.6644982695579529,0.05024443939328194,0.32182905077934265,0.09945039451122284,0.024903709068894386,0.02685335837304592,0.054826267063617706,0.03563828393816948,0.036473702639341354
10,4,3.9761826362460853,1.038735032081604,1.0386401414871216,0.9817177653312683,0.025151723995804787,0.03134548291563988,0.10334960371255875,0.0405714325606823,0.10561073571443558,0.04101860150694847,0.027317706495523453,0.023696022108197212,0.5575466156005859,0.026170119643211365,0.02717548795044422,0.14226485788822174,0.14692296087741852,0.6426749229431152,0.23986706137657166,0.07020504772663116,0.5737833380699158,0.05984003469347954,0.1589793562889099,0.145355224609375,0.06329987943172455,0.026057111099362373,0.024018481373786926,0.03620203956961632,0.025940200313925743
10,5,4.049426985904574,1.0387812852859497,1.0404309034347534,0.9818779230117798,0.02106054499745369,0.04987354949116707,0.1073986068367958,0.03797833248972893,0.1093008816242218,0.05870810151100159,0.031457267701625824,0.025080593302845955,0.150448277592659,0.05124110355973244,0.03158921003341675,0.1726473867893219,0.10680369287729263,0.9395477175712585,0.27885565161705017,0.06593034416437149,0.6866812109947205,0.06739059090614319,0.09469572454690933,0.16387426853179932,0.07248806953430176,0.033232785761356354,0.027719223871827126,0.029305916279554367,0.02389991097152233
10,6,3.523226820677519,1.0387812852859497,1.0382646322250366,0.9830953478813171,0.020761094987392426,0.06896387040615082,0.053783029317855835,0.04455408453941345,0.07475188374519348,0.06511694192886353,0.040499940514564514,0.028331249952316284,0.07528538256883621,0.08848830312490463,0.026029720902442932,0.24426373839378357,0.1104997992515564,0.5300790071487427,0.19676417112350464,0.039050083607435226,0.78159499168396,0.04749457165598869,0.089601531624794,0.08724967390298843,0.0870010256767273,0.028513656929135323,0.03189580515027046,0.025251341983675957,0.0253736674785614
10,7,4.294596096873283,1.0409818887710571,1.043750286102295,0.9823945760726929,0.024982376024127007,0.09637660533189774,0.12358612567186356,0.031844671815633774,0.047958485782146454,0.055150825530290604,0.03480781987309456,0.02546047978103161,0.14238564670085907,0.2123650312423706,0.030091697350144386,0.15854376554489136,0.1435299962759018,0.5799664855003357,0.2559770941734314,0.034247614443302155,1.12940514087677,0.03966059163212776,0.15296538174152374,0.15425238013267517,0.09657280892133713,0.026344580575823784,0.034578222781419754,0.02247355319559574,0.027643365785479546
10,8,4.137767707929015,1.0404834747314453,1.0453896522521973,0.9821224808692932,0.024915331974625587,0.11518947780132294,0.10610859096050262,0.03508799150586128,0.06042642518877983,0.04058085009455681,0.07490963488817215,0.026427017524838448,0.15492290258407593,0.14400024712085724,0.028555551543831825,0.17914065718650818,0.17021451890468597,0.48894742131233215,0.2088623046875,0.03251394256949425,1.1219145059585571,0.05087694525718689,0.12208657711744308,0.13447056710720062,0.10520762205123901,0.02577570080757141,0.02274714969098568,0.02632720023393631,0.023959452286362648
10,9,3.7628473583608866,1.0372023582458496,1.0444904565811157,0.9817713499069214,0.02328610233962536,0.045106273144483566,0.06818272918462753,0.03464851900935173,0.030812785029411316,0.03933852165937424,0.08156401664018631,0.02273366041481495,0.12528379261493683,0.15307451784610748,0.026581086218357086,0.13660821318626404,0.16818426549434662,0.4178672432899475,0.11570552736520767,0.0351080484688282,1.2641236782073975,0.03603122755885124,0.11221005022525787,0.08959820121526718,0.025015318766236305,0.02723357453942299,0.02479073964059353,0.02568720281124115,0.02137923054397106
10,10,3.4898017387837172,1.0391682386398315,1.0419180393218994,0.9817134737968445,0.02374306507408619,0.034142542630434036,0.05249551311135292,0.034783899784088135,0.030920539051294327,0.03816845640540123,0.02444426156580448,0.02513914927840233,0.15697863698005676,0.16922299563884735,0.026165686547756195,0.09832974523305893,0.21620532870292664,0.3294409513473511,0.10251004993915558,0.034962981939315796,1.0147476196289062,0.027621982619166374,0.17115142941474915,0.14232343435287476,0.0279099028557539,0.025691965594887733,0.024686358869075775,0.023963186889886856,0.02149210497736931
10,11,3.5833979792892934,1.0382269620895386,1.0385444164276123,0.9817067384719849,0.022697100415825844,0.03823276236653328,0.08883318305015564,0.032439008355140686,0.029431650415062904,0.030389534309506416,0.023188931867480278,0.024493316188454628,0.16606451570987701,0.07997915893793106,0.022095421329140663,0.1199590265750885,0.18331484496593475,0.34845170378685,0.13010656833648682,0.03505591303110123,1.0997201204299927,0.02888583205640316,0.1688866913318634,0.17125734686851501,0.027804117649793625,0.025541799142956734,0.023811573162674904,0.027256792411208153,0.023805443197488785
10,12,3.059185193106532,1.0381897687911987,1.0385562181472778,0.9817241430282593,0.02127462439239025,0.026650097221136093,0.05692198872566223,0.038105640560388565,0.03300304710865021,0.03356397897005081,0.023502981290221214,0.02403988316655159,0.2034979611635208,0.055590324103832245,0.025548873469233513,0.11887914687395096,0.21193918585777283,0.47647953033447266,0.13556738197803497,0.03794313967227936,0.5227721929550171,0.09771984070539474,0.08344866335391998,0.0998692736029625,0.024966377764940262,0.021648958325386047,0.02361530438065529,0.026297541335225105,0.024645229801535606
10,13,2.788131109625101,1.0377708673477173,1.0368618965148926,0.981705904006958,0.02357214130461216,0.028039298951625824,0.06932613253593445,0.030063245445489883,0.027774251997470856,0.03228330984711647,0.025061719119548798,0.02212096005678177,0.17025060951709747,0.038232192397117615,0.025105342268943787,0.09681356698274612,0.1729484498500824,0.5045697093009949,0.15820609033107758,0.041882652789354324,0.2656722366809845,0.10823973268270493,0.1544547975063324,0.05925438180565834,0.027662647888064384,0.024550657719373703,0.024993550032377243,0.02435404621064663,0.021431652829051018
10,14,3.162498002871871,1.0369069576263428,1.0392894744873047,0.9818386435508728,0.02281697653234005,0.02754405327141285,0.054967500269412994,0.02665446698665619,0.020410966128110886,0.030635613948106766,0.0256339218467474,0.024162357673048973,0.19614176452159882,0.03868471086025238,0.022228972986340523,0.13022613525390625,0.21372880041599274,0.6473565697669983,0.28983721137046814,0.03929947316646576,0.29050490260124207,0.08238349109888077,0.19503891468048096,0.0496123768389225,0.025540791451931,0.026927674189209938,0.023113196715712547,0.025814292952418327,0.021625852212309837
10,15,4.325558242201805,1.0365678071975708,1.0388314723968506,0.9818609952926636,0.02209036983549595,0.02804584987461567,0.10814797878265381,0.02701791375875473,0.027459027245640755,0.032492633908987045,0.031097646802663803,0.024877266958355904,0.1541154980659485,0.037965718656778336,0.021351883187890053,0.15298905968666077,0.22774581611156464,0.7701407670974731,0.768683910369873,0.0363762341439724,0.5991164445877075,0.11621728539466858,0.35930103063583374,0.0460117943584919,0.02573312819004059,0.023458432406187057,0.020721666514873505,0.028787773102521896,0.02416105754673481
10,16,4.206329514458775,1.035773515701294,1.0389254093170166,0.9818471670150757,0.02353544533252716,0.02455962635576725,0.05681455135345459,0.02919861115515232,0.04345325380563736,0.02628040872514248,0.03079916536808014,0.02325284294784069,0.18167230486869812,0.03235052525997162,0.024252356961369514,0.17211812734603882,0.20423297584056854,1.1371245384216309,0.7839846611022949,0.03925198316574097,0.10946705937385559,0.12783458828926086,0.34974348545074463,0.05281279981136322,0.02727626822888851,0.025747455656528473,0.02141311950981617,0.027668422088027,0.020175719633698463
10,17,4.606650359928608,1.03595769405365,1.0411889553070068,0.9818465709686279,0.022259287536144257,0.02606509067118168,0.09337475150823593,0.03518933430314064,0.03385080024600029,0.02306978963315487,0.0300237238407135,0.021379344165325165,0.1328381597995758,0.03203336149454117,0.02173531986773014,0.1599540114402771,0.22901718318462372,1.4146318435668945,0.7810508608818054,0.04380575940012932,0.1209244355559349,0.15281465649604797,0.44179055094718933,0.05687722936272621,0.02505386434495449,0.02467930130660534,0.023208294063806534,0.024977145716547966,0.02424761652946472
10,18,4.856655363738537,1.0361427068710327,1.0412706136703491,0.9818598031997681,0.02151801995933056,0.026770729571580887,0.09355422109365463,0.034582432359457016,0.03993634879589081,0.026495791971683502,0.030684135854244232,0.023544304072856903,0.1916372925043106,0.034446608275175095,0.020295167341828346,0.15154783427715302,0.25271937251091003,1.4571101665496826,0.6461028456687927,0.039877817034721375,0.2100990265607834,0.16857430338859558,0.5938653349876404,0.05782926827669144,0.024892454966902733,0.024474333971738815,0.024712909013032913,0.026218732818961143,0.02331128716468811
10,19,5.624625556543469,1.0363761186599731,1.042248249053955,0.981840968132019,0.024873049929738045,0.02707323245704174,0.11665283143520355,0.04005313292145729,0.03370256721973419,0.02452854812145233,0.03244679421186447,0.02175089530646801,0.15501122176647186,0.029406962916254997,0.021820779889822006,0.20894820988178253,0.2321578711271286,2.1507275104522705,0.7522314786911011,0.03763841837644577,0.1626071035861969,0.1468905210494995,0.6013491749763489,0.06874024868011475,0.026379341259598732,0.024047527462244034,0.02211879752576351,0.027205241844058037,0.024171028286218643
