dpo_loss,reward,cov_bonus,score,target,value,episode,step,run_started_at,run_dir,train_candidates_total,train_candidates_parsed,train_candidates_invalid,train_candidate_parse_rate,train_steps_total,train_steps_with_any_valid_candidate,train_steps_teacher_fallback,train_teacher_fallback_rate,n_nodes,prompt_strategy,prompt_tokens_mean,prompt_tokens_max,peak_vram_gb
0.69140625,4.0503836050629545,3.476039044739858,7.526422649802813,X2,1.5,0,2,2026-06-12T21:13:34,/projects/paco0228/ACE/results/scaling_kablation/K16/nodes50/ace/seed_42/run_20260612_211334_seed42,3984,3984,0,1.0,381,342,0,0.0,48,compact,762.19025,868,18.73577728
0.69140625,0.4855863265693223,2.0649869697271153,2.5505732962964376,X2,1.5,0,3,2026-06-12T21:13:34,/projects/paco0228/ACE/results/scaling_kablation/K16/nodes50/ace/seed_42/run_20260612_211334_seed42,3984,3984,0,1.0,381,342,0,0.0,48,compact,762.19025,868,18.73577728
0.69140625,28.593886606395237,0.06136158543701343,28.65524819183225,X2,1.5,0,5,2026-06-12T21:13:34,/projects/paco0228/ACE/results/scaling_kablation/K16/nodes50/ace/seed_42/run_20260612_211334_seed42,3984,3984,0,1.0,381,342,0,0.0,48,compact,762.19025,868,18.73577728
0.69140625,43.834727894514806,1.4428421839077232,45.27757007842253,X2,1.5,1,2,2026-06-12T21:13:34,/projects/paco0228/ACE/results/scaling_kablation/K16/nodes50/ace/seed_42/run_20260612_211334_seed42,3984,3984,0,1.0,381,342,0,0.0,48,compact,762.19025,868,18.73577728
0.69140625,11.835875391960144,1.5126407048886787,13.348516096848822,X2,1.5,1,3,2026-06-12T21:13:34,/projects/paco0228/ACE/results/scaling_kablation/K16/nodes50/ace/seed_42/run_20260612_211334_seed42,3984,3984,0,1.0,381,342,0,0.0,48,compact,762.19025,868,18.73577728
0.69140625,-1.9947230964899099,0.08083403338957741,100.0,X8,4.704006110222279,1,4,2026-06-12T21:13:34,/projects/paco0228/ACE/results/scaling_kablation/K16/nodes50/ace/seed_42/run_20260612_211334_seed42,3984,3984,0,1.0,381,342,0,0.0,48,compact,762.19025,868,18.73577728
0.51171875,-2.0,0.0749688270688188,100.0,X3,2.419500778394765,1,5,2026-06-12T21:13:34,/projects/paco0228/ACE/results/scaling_kablation/K16/nodes50/ace/seed_42/run_20260612_211334_seed42,3984,3984,0,1.0,381,342,0,0.0,48,compact,762.19025,868,18.73577728
0.51171875,3.95287979021667,0.06249609312170379,100.0,X8,4.028055457325827,1,6,2026-06-12T21:13:34,/projects/paco0228/ACE/results/scaling_kablation/K16/nodes50/ace/seed_42/run_20260612_211334_seed42,3984,3984,0,1.0,381,342,0,0.0,48,compact,762.19025,868,18.73577728
0.37109375,79.7101881057024,0.22090486223517697,100.0,X8,1.560580111117841,2,1,2026-06-12T21:13:34,/projects/paco0228/ACE/results/scaling_kablation/K16/nodes50/ace/seed_42/run_20260612_211334_seed42,3984,3984,0,1.0,381,342,0,0.0,48,compact,762.19025,868,18.73577728
0.69140625,44.126640811562545,0.2253737971071772,44.35201460866972,X2,1.5,2,2,2026-06-12T21:13:34,/projects/paco0228/ACE/results/scaling_kablation/K16/nodes50/ace/seed_42/run_20260612_211334_seed42,3984,3984,0,1.0,381,342,0,0.0,48,compact,762.19025,868,18.73577728
0.37109375,4.440728839486834,0.14630494438032848,100.0,X3,-2.142718491368475,2,3,2026-06-12T21:13:34,/projects/paco0228/ACE/results/scaling_kablation/K16/nodes50/ace/seed_42/run_20260612_211334_seed42,3984,3984,0,1.0,381,342,0,0.0,48,compact,762.19025,868,18.73577728
0.69140625,7.11607085168362,0.15790738006761143,7.273978231751232,X2,1.5,2,4,2026-06-12T21:13:34,/projects/paco0228/ACE/results/scaling_kablation/K16/nodes50/ace/seed_42/run_20260612_211334_seed42,3984,3984,0,1.0,381,342,0,0.0,48,compact,762.19025,868,18.73577728
0.69140625,0.020426951348770928,0.16340147281677353,0.18382842416554446,X2,1.5,2,5,2026-06-12T21:13:34,/projects/paco0228/ACE/results/scaling_kablation/K16/nodes50/ace/seed_42/run_20260612_211334_seed42,3984,3984,0,1.0,381,342,0,0.0,48,compact,762.19025,868,18.73577728
0.37109375,3.2888129688799417,0.09592497092207587,100.0,X8,-3.7377902512579375,2,7,2026-06-12T21:13:34,/projects/paco0228/ACE/results/scaling_kablation/K16/nodes50/ace/seed_42/run_20260612_211334_seed42,3984,3984,0,1.0,381,342,0,0.0,48,compact,762.19025,868,18.73577728
0.69140625,7.5186884701252055,0.12471451256257084,20.285107510141803,X2,1.5,2,8,2026-06-12T21:13:34,/projects/paco0228/ACE/results/scaling_kablation/K16/nodes50/ace/seed_42/run_20260612_211334_seed42,3984,3984,0,1.0,381,342,0,0.0,48,compact,762.19025,868,18.73577728
0.69140625,3.8740896023809945,0.09938547928498143,16.308648838068184,X2,1.5,2,9,2026-06-12T21:13:34,/projects/paco0228/ACE/results/scaling_kablation/K16/nodes50/ace/seed_42/run_20260612_211334_seed42,3984,3984,0,1.0,381,342,0,0.0,48,compact,762.19025,868,18.73577728
0.18359375,1.4427613019943308,0.10318461957005182,100.0,X3,3.3073101889060332,2,10,2026-06-12T21:13:34,/projects/paco0228/ACE/results/scaling_kablation/K16/nodes50/ace/seed_42/run_20260612_211334_seed42,3984,3984,0,1.0,381,342,0,0.0,48,compact,762.19025,868,18.73577728
0.126953125,-2.0,3.393247094278177,100.0,X8,-3.0588242190892654,3,2,2026-06-12T21:13:34,/projects/paco0228/ACE/results/scaling_kablation/K16/nodes50/ace/seed_42/run_20260612_211334_seed42,3984,3984,0,1.0,381,342,0,0.0,48,compact,762.19025,868,18.73577728
0.18359375,-2.0,0.1407167886225952,100.0,X3,-4.285901631441859,3,6,2026-06-12T21:13:34,/projects/paco0228/ACE/results/scaling_kablation/K16/nodes50/ace/seed_42/run_20260612_211334_seed42,3984,3984,0,1.0,381,342,0,0.0,48,compact,762.19025,868,18.73577728
0.059326171875,-2.0,3.215033153720938,100.0,X8,1.5766038648312897,4,2,2026-06-12T21:13:34,/projects/paco0228/ACE/results/scaling_kablation/K16/nodes50/ace/seed_42/run_20260612_211334_seed42,3984,3984,0,1.0,381,342,0,0.0,48,compact,762.19025,868,18.73577728
0.69140625,8.842018999159347,0.14223682357715473,21.569746038053623,X2,1.5,4,3,2026-06-12T21:13:34,/projects/paco0228/ACE/results/scaling_kablation/K16/nodes50/ace/seed_42/run_20260612_211334_seed42,3984,3984,0,1.0,381,342,0,0.0,48,compact,762.19025,868,18.73577728
0.059326171875,-2.0,0.08099722417006244,100.0,X3,-1.5487605830699245,4,5,2026-06-12T21:13:34,/projects/paco0228/ACE/results/scaling_kablation/K16/nodes50/ace/seed_42/run_20260612_211334_seed42,3984,3984,0,1.0,381,342,0,0.0,48,compact,762.19025,868,18.73577728
0.039794921875,-2.0,0.5426100671830434,100.0,X8,-2.5917020814368694,5,2,2026-06-12T21:13:34,/projects/paco0228/ACE/results/scaling_kablation/K16/nodes50/ace/seed_42/run_20260612_211334_seed42,3984,3984,0,1.0,381,342,0,0.0,48,compact,762.19025,868,18.73577728
0.69140625,0.9535903632640874,0.11307495302684913,13.388905660466401,X2,1.5,5,4,2026-06-12T21:13:34,/projects/paco0228/ACE/results/scaling_kablation/K16/nodes50/ace/seed_42/run_20260612_211334_seed42,3984,3984,0,1.0,381,342,0,0.0,48,compact,762.19025,868,18.73577728
0.027099609375,-2.0,0.12955178573391926,100.0,X3,2.3235976793923827,5,5,2026-06-12T21:13:34,/projects/paco0228/ACE/results/scaling_kablation/K16/nodes50/ace/seed_42/run_20260612_211334_seed42,3984,3984,0,1.0,381,342,0,0.0,48,compact,762.19025,868,18.73577728
0.0181884765625,-2.0,4.1583928517895465,100.0,X8,-4.028080013781784,6,1,2026-06-12T21:13:34,/projects/paco0228/ACE/results/scaling_kablation/K16/nodes50/ace/seed_42/run_20260612_211334_seed42,3984,3984,0,1.0,381,342,0,0.0,48,compact,762.19025,868,18.73577728
0.69140625,2.7785219177603793,0.17021036256546684,15.503730906563044,X2,1.5,6,2,2026-06-12T21:13:34,/projects/paco0228/ACE/results/scaling_kablation/K16/nodes50/ace/seed_42/run_20260612_211334_seed42,3984,3984,0,1.0,381,342,0,0.0,48,compact,762.19025,868,18.73577728
0.69140625,16.79755423963071,0.14608702989041958,29.35569230389215,X2,1.5,6,3,2026-06-12T21:13:34,/projects/paco0228/ACE/results/scaling_kablation/K16/nodes50/ace/seed_42/run_20260612_211334_seed42,3984,3984,0,1.0,381,342,0,0.0,48,compact,762.19025,868,18.73577728
0.007415771484375,0.0,0.12509509794455084,100.0,X3,3.6698090775983836,6,5,2026-06-12T21:13:34,/projects/paco0228/ACE/results/scaling_kablation/K16/nodes50/ace/seed_42/run_20260612_211334_seed42,3984,3984,0,1.0,381,342,0,0.0,48,compact,762.19025,868,18.73577728
0.0162353515625,0.0,1.7350217869873066,100.0,X8,2.2106067874614945,7,1,2026-06-12T21:13:34,/projects/paco0228/ACE/results/scaling_kablation/K16/nodes50/ace/seed_42/run_20260612_211334_seed42,3984,3984,0,1.0,381,342,0,0.0,48,compact,762.19025,868,18.73577728
0.0015106201171875,0.0,0.11421010558508489,100.0,X3,-2.1675352991955066,7,4,2026-06-12T21:13:34,/projects/paco0228/ACE/results/scaling_kablation/K16/nodes50/ace/seed_42/run_20260612_211334_seed42,3984,3984,0,1.0,381,342,0,0.0,48,compact,762.19025,868,18.73577728
0.00020503997802734375,0.0,2.8433067286171236,100.0,X8,1.2721740689977175,8,1,2026-06-12T21:13:34,/projects/paco0228/ACE/results/scaling_kablation/K16/nodes50/ace/seed_42/run_20260612_211334_seed42,3984,3984,0,1.0,381,342,0,0.0,48,compact,762.19025,868,18.73577728
0.00029754638671875,0.0,0.07714921548048949,100.0,X3,0.8273951458641964,8,4,2026-06-12T21:13:34,/projects/paco0228/ACE/results/scaling_kablation/K16/nodes50/ace/seed_42/run_20260612_211334_seed42,3984,3984,0,1.0,381,342,0,0.0,48,compact,762.19025,868,18.73577728
0.00020503997802734375,0.0,0.13130883981994784,100.0,X3,-4.143860450127383,9,4,2026-06-12T21:13:34,/projects/paco0228/ACE/results/scaling_kablation/K16/nodes50/ace/seed_42/run_20260612_211334_seed42,3984,3984,0,1.0,381,342,0,0.0,48,compact,762.19025,868,18.73577728
9.059906005859375e-05,0.0,0.09189828255033983,100.0,X8,-0.0247660750637273,9,7,2026-06-12T21:13:34,/projects/paco0228/ACE/results/scaling_kablation/K16/nodes50/ace/seed_42/run_20260612_211334_seed42,3984,3984,0,1.0,381,342,0,0.0,48,compact,762.19025,868,18.73577728
0.00013256072998046875,0.0,0.08497370413309334,100.0,X3,-2.3971022886009665,9,10,2026-06-12T21:13:34,/projects/paco0228/ACE/results/scaling_kablation/K16/nodes50/ace/seed_42/run_20260612_211334_seed42,3984,3984,0,1.0,381,342,0,0.0,48,compact,762.19025,868,18.73577728
6.246566772460938e-05,0.0,0.6691442303624486,100.0,X8,4.416069878685958,10,1,2026-06-12T21:13:34,/projects/paco0228/ACE/results/scaling_kablation/K16/nodes50/ace/seed_42/run_20260612_211334_seed42,3984,3984,0,1.0,381,342,0,0.0,48,compact,762.19025,868,18.73577728
0.00020503997802734375,0.0,0.08248126418813559,100.0,X3,-0.012402916023458666,10,4,2026-06-12T21:13:34,/projects/paco0228/ACE/results/scaling_kablation/K16/nodes50/ace/seed_42/run_20260612_211334_seed42,3984,3984,0,1.0,381,342,0,0.0,48,compact,762.19025,868,18.73577728
4.029273986816406e-05,0.0,0.06985697217975345,100.0,X3,3.0461583395657037,11,4,2026-06-12T21:13:34,/projects/paco0228/ACE/results/scaling_kablation/K16/nodes50/ace/seed_42/run_20260612_211334_seed42,3984,3984,0,1.0,381,342,0,0.0,48,compact,762.19025,868,18.73577728
2.765655517578125e-05,0.0,0.13860235055065215,100.0,X3,1.0573894808906932,12,3,2026-06-12T21:13:34,/projects/paco0228/ACE/results/scaling_kablation/K16/nodes50/ace/seed_42/run_20260612_211334_seed42,3984,3984,0,1.0,381,342,0,0.0,48,compact,762.19025,868,18.73577728
0.00020503997802734375,0.0,0.05997816097153158,100.0,X8,0.3193360849675875,12,7,2026-06-12T21:13:34,/projects/paco0228/ACE/results/scaling_kablation/K16/nodes50/ace/seed_42/run_20260612_211334_seed42,3984,3984,0,1.0,381,342,0,0.0,48,compact,762.19025,868,18.73577728
2.765655517578125e-05,0.0,0.3302250447523686,100.0,X3,3.493409322600405,13,2,2026-06-12T21:13:34,/projects/paco0228/ACE/results/scaling_kablation/K16/nodes50/ace/seed_42/run_20260612_211334_seed42,3984,3984,0,1.0,381,342,0,0.0,48,compact,762.19025,868,18.73577728
2.4139881134033203e-06,0.0,0.08987343314439067,100.0,X8,-2.787259016837748,13,5,2026-06-12T21:13:34,/projects/paco0228/ACE/results/scaling_kablation/K16/nodes50/ace/seed_42/run_20260612_211334_seed42,3984,3984,0,1.0,381,342,0,0.0,48,compact,762.19025,868,18.73577728
0.69140625,52.30274759605527,0.2307820936400878,65.47501468941869,X2,1.5,14,1,2026-06-12T21:13:34,/projects/paco0228/ACE/results/scaling_kablation/K16/nodes50/ace/seed_42/run_20260612_211334_seed42,3984,3984,0,1.0,381,342,0,0.0,48,compact,762.19025,868,18.73577728
0.00020503997802734375,0.0,0.12175605116062976,100.0,X8,-0.09396543889206743,14,3,2026-06-12T21:13:34,/projects/paco0228/ACE/results/scaling_kablation/K16/nodes50/ace/seed_42/run_20260612_211334_seed42,3984,3984,0,1.0,381,342,0,0.0,48,compact,762.19025,868,18.73577728
2.765655517578125e-05,0.0,0.05302039055929181,100.0,X3,-1.9534200424874304,14,6,2026-06-12T21:13:34,/projects/paco0228/ACE/results/scaling_kablation/K16/nodes50/ace/seed_42/run_20260612_211334_seed42,3984,3984,0,1.0,381,342,0,0.0,48,compact,762.19025,868,18.73577728
6.246566772460938e-05,0.0,1.2247142339921608,100.0,X8,0.10676240525044634,15,2,2026-06-12T21:13:34,/projects/paco0228/ACE/results/scaling_kablation/K16/nodes50/ace/seed_42/run_20260612_211334_seed42,3984,3984,0,1.0,381,342,0,0.0,48,compact,762.19025,868,18.73577728
0.00013256072998046875,0.0,0.07887964233353174,100.0,X3,-3.130401643679066,15,5,2026-06-12T21:13:34,/projects/paco0228/ACE/results/scaling_kablation/K16/nodes50/ace/seed_42/run_20260612_211334_seed42,3984,3984,0,1.0,381,342,0,0.0,48,compact,762.19025,868,18.73577728
3.7550926208496094e-06,0.0,4.569749085865134,100.0,X8,-3.3179102256342627,16,1,2026-06-12T21:13:34,/projects/paco0228/ACE/results/scaling_kablation/K16/nodes50/ace/seed_42/run_20260612_211334_seed42,3984,3984,0,1.0,381,342,0,0.0,48,compact,762.19025,868,18.73577728
3.7550926208496094e-06,0.0,0.09504945920633767,100.0,X3,-1.727107198390697,16,5,2026-06-12T21:13:34,/projects/paco0228/ACE/results/scaling_kablation/K16/nodes50/ace/seed_42/run_20260612_211334_seed42,3984,3984,0,1.0,381,342,0,0.0,48,compact,762.19025,868,18.73577728
1.7881393432617188e-05,0.0,3.5774363216502585,100.0,X8,3.171090269132984,17,1,2026-06-12T21:13:34,/projects/paco0228/ACE/results/scaling_kablation/K16/nodes50/ace/seed_42/run_20260612_211334_seed42,3984,3984,0,1.0,381,342,0,0.0,48,compact,762.19025,868,18.73577728
8.463859558105469e-06,0.0,0.11682578301901003,100.0,X3,0.2828650093618421,17,4,2026-06-12T21:13:34,/projects/paco0228/ACE/results/scaling_kablation/K16/nodes50/ace/seed_42/run_20260612_211334_seed42,3984,3984,0,1.0,381,342,0,0.0,48,compact,762.19025,868,18.73577728
1.6614794731140137e-06,0.0,4.241129247536665,100.0,X8,-1.3231222214318827,18,1,2026-06-12T21:13:34,/projects/paco0228/ACE/results/scaling_kablation/K16/nodes50/ace/seed_42/run_20260612_211334_seed42,3984,3984,0,1.0,381,342,0,0.0,48,compact,762.19025,868,18.73577728
3.7550926208496094e-06,0.0,0.13447353829694453,100.0,X3,3.7719861425157504,18,4,2026-06-12T21:13:34,/projects/paco0228/ACE/results/scaling_kablation/K16/nodes50/ace/seed_42/run_20260612_211334_seed42,3984,3984,0,1.0,381,342,0,0.0,48,compact,762.19025,868,18.73577728
0.69140625,0.7285282351076816,0.2532252502659815,13.263880324216817,X2,1.5,19,2,2026-06-12T21:13:34,/projects/paco0228/ACE/results/scaling_kablation/K16/nodes50/ace/seed_42/run_20260612_211334_seed42,3984,3984,0,1.0,381,342,0,0.0,48,compact,762.19025,868,18.73577728
2.765655517578125e-05,0.0,0.09763459188261511,100.0,X3,-1.8112243267062045,19,4,2026-06-12T21:13:34,/projects/paco0228/ACE/results/scaling_kablation/K16/nodes50/ace/seed_42/run_20260612_211334_seed42,3984,3984,0,1.0,381,342,0,0.0,48,compact,762.19025,868,18.73577728
1.6614794731140137e-06,0.0,0.07832226361503934,100.0,X8,3.4648088757913467,19,7,2026-06-12T21:13:34,/projects/paco0228/ACE/results/scaling_kablation/K16/nodes50/ace/seed_42/run_20260612_211334_seed42,3984,3984,0,1.0,381,342,0,0.0,48,compact,762.19025,868,18.73577728
2.4139881134033203e-06,0.0,2.2367827289730076,100.0,X3,2.4534332810198247,20,1,2026-06-12T21:13:34,/projects/paco0228/ACE/results/scaling_kablation/K16/nodes50/ace/seed_42/run_20260612_211334_seed42,3984,3984,0,1.0,381,342,0,0.0,48,compact,762.19025,868,18.73577728
2.765655517578125e-05,-2.0,0.09765181755965753,100.0,X8,0.940305440520949,20,5,2026-06-12T21:13:34,/projects/paco0228/ACE/results/scaling_kablation/K16/nodes50/ace/seed_42/run_20260612_211334_seed42,3984,3984,0,1.0,381,342,0,0.0,48,compact,762.19025,868,18.73577728
7.37607479095459e-07,-2.0,7.582510128050452,100.0,X3,3.437690743469366,21,1,2026-06-12T21:13:34,/projects/paco0228/ACE/results/scaling_kablation/K16/nodes50/ace/seed_42/run_20260612_211334_seed42,3984,3984,0,1.0,381,342,0,0.0,48,compact,762.19025,868,18.73577728
5.066394805908203e-07,0.0,0.10875285801657018,100.0,X8,-0.23737718918531403,21,4,2026-06-12T21:13:34,/projects/paco0228/ACE/results/scaling_kablation/K16/nodes50/ace/seed_42/run_20260612_211334_seed42,3984,3984,0,1.0,381,342,0,0.0,48,compact,762.19025,868,18.73577728
2.4139881134033203e-06,0.0,2.73822874821976,100.0,X3,4.249281667592735,22,1,2026-06-12T21:13:34,/projects/paco0228/ACE/results/scaling_kablation/K16/nodes50/ace/seed_42/run_20260612_211334_seed42,3984,3984,0,1.0,381,342,0,0.0,48,compact,762.19025,868,18.73577728
7.37607479095459e-07,0.0,0.07702678888355194,100.0,X8,4.742194246033105,22,4,2026-06-12T21:13:34,/projects/paco0228/ACE/results/scaling_kablation/K16/nodes50/ace/seed_42/run_20260612_211334_seed42,3984,3984,0,1.0,381,342,0,0.0,48,compact,762.19025,868,18.73577728
7.37607479095459e-07,0.0,0.11858039379636502,100.0,X8,1.7719615638731332,23,4,2026-06-12T21:13:34,/projects/paco0228/ACE/results/scaling_kablation/K16/nodes50/ace/seed_42/run_20260612_211334_seed42,3984,3984,0,1.0,381,342,0,0.0,48,compact,762.19025,868,18.73577728
9.059906005859375e-05,0.0,0.07536784371235966,100.0,X3,-2.4057372728801107,23,7,2026-06-12T21:13:34,/projects/paco0228/ACE/results/scaling_kablation/K16/nodes50/ace/seed_42/run_20260612_211334_seed42,3984,3984,0,1.0,381,342,0,0.0,48,compact,762.19025,868,18.73577728
3.2782554626464844e-07,0.0,0.1371195255567469,100.0,X8,-1.6868286302922355,24,2,2026-06-12T21:13:34,/projects/paco0228/ACE/results/scaling_kablation/K16/nodes50/ace/seed_42/run_20260612_211334_seed42,3984,3984,0,1.0,381,342,0,0.0,48,compact,762.19025,868,18.73577728
5.453824996948242e-06,0.0,0.0764448790289704,100.0,X3,-1.1668357994653933,24,6,2026-06-12T21:13:34,/projects/paco0228/ACE/results/scaling_kablation/K16/nodes50/ace/seed_42/run_20260612_211334_seed42,3984,3984,0,1.0,381,342,0,0.0,48,compact,762.19025,868,18.73577728
1.3828125,0.0,6.297810435001033,100.0,X8,-0.9660835549887468,25,1,2026-06-12T21:13:34,/projects/paco0228/ACE/results/scaling_kablation/K16/nodes50/ace/seed_42/run_20260612_211334_seed42,3984,3984,0,1.0,381,342,0,0.0,48,compact,762.19025,868,18.73577728
0.7421875,0.0,0.10662796409592444,100.0,X3,-3.6283647702019106,25,4,2026-06-12T21:13:34,/projects/paco0228/ACE/results/scaling_kablation/K16/nodes50/ace/seed_42/run_20260612_211334_seed42,3984,3984,0,1.0,381,342,0,0.0,48,compact,762.19025,868,18.73577728
1.3828125,0.0,0.07341309952842363,100.0,X8,-4.050015296694197,25,8,2026-06-12T21:13:34,/projects/paco0228/ACE/results/scaling_kablation/K16/nodes50/ace/seed_42/run_20260612_211334_seed42,3984,3984,0,1.0,381,342,0,0.0,48,compact,762.19025,868,18.73577728
0.7421875,0.0,0.13536499428767892,100.0,X3,-1.2024922088411238,26,2,2026-06-12T21:13:34,/projects/paco0228/ACE/results/scaling_kablation/K16/nodes50/ace/seed_42/run_20260612_211334_seed42,3984,3984,0,1.0,381,342,0,0.0,48,compact,762.19025,868,18.73577728
1.828125,0.0,0.09064818847456516,100.0,X8,4.877916247614772,26,5,2026-06-12T21:13:34,/projects/paco0228/ACE/results/scaling_kablation/K16/nodes50/ace/seed_42/run_20260612_211334_seed42,3984,3984,0,1.0,381,342,0,0.0,48,compact,762.19025,868,18.73577728
0.7421875,0.0,0.07204148486533932,100.0,X3,1.197579696770843,26,9,2026-06-12T21:13:34,/projects/paco0228/ACE/results/scaling_kablation/K16/nodes50/ace/seed_42/run_20260612_211334_seed42,3984,3984,0,1.0,381,342,0,0.0,48,compact,762.19025,868,18.73577728
0.1728515625,0.0,0.1737583618666895,100.0,X3,2.000142848971251,27,3,2026-06-12T21:13:34,/projects/paco0228/ACE/results/scaling_kablation/K16/nodes50/ace/seed_42/run_20260612_211334_seed42,3984,3984,0,1.0,381,342,0,0.0,48,compact,762.19025,868,18.73577728
0.11865234375,0.0,0.0950473459613965,100.0,X8,-2.04859434038394,27,7,2026-06-12T21:13:34,/projects/paco0228/ACE/results/scaling_kablation/K16/nodes50/ace/seed_42/run_20260612_211334_seed42,3984,3984,0,1.0,381,342,0,0.0,48,compact,762.19025,868,18.73577728
3.578125,0.0,3.7013486987710746,100.0,X3,0.46615136701241333,28,1,2026-06-12T21:13:34,/projects/paco0228/ACE/results/scaling_kablation/K16/nodes50/ace/seed_42/run_20260612_211334_seed42,3984,3984,0,1.0,381,342,0,0.0,48,compact,762.19025,868,18.73577728
0.05419921875,0.0,0.08534335420902887,100.0,X8,-3.1613090246464104,28,4,2026-06-12T21:13:34,/projects/paco0228/ACE/results/scaling_kablation/K16/nodes50/ace/seed_42/run_20260612_211334_seed42,3984,3984,0,1.0,381,342,0,0.0,48,compact,762.19025,868,18.73577728
0.11865234375,0.0,5.008060404877577,100.0,X3,4.56276206473399,29,1,2026-06-12T21:13:34,/projects/paco0228/ACE/results/scaling_kablation/K16/nodes50/ace/seed_42/run_20260612_211334_seed42,3984,3984,0,1.0,381,342,0,0.0,48,compact,762.19025,868,18.73577728
0.036376953125,0.0,0.08676911147754299,100.0,X8,0.3483437006100214,29,4,2026-06-12T21:13:34,/projects/paco0228/ACE/results/scaling_kablation/K16/nodes50/ace/seed_42/run_20260612_211334_seed42,3984,3984,0,1.0,381,342,0,0.0,48,compact,762.19025,868,18.73577728
0.01116943359375,0.0,0.10818982210283018,100.0,X8,0.6555200790510982,30,4,2026-06-12T21:13:34,/projects/paco0228/ACE/results/scaling_kablation/K16/nodes50/ace/seed_42/run_20260612_211334_seed42,3984,3984,0,1.0,381,342,0,0.0,48,compact,762.19025,868,18.73577728
0.00494384765625,0.0,0.08504619159122473,100.0,X3,-0.9486553244888594,30,7,2026-06-12T21:13:34,/projects/paco0228/ACE/results/scaling_kablation/K16/nodes50/ace/seed_42/run_20260612_211334_seed42,3984,3984,0,1.0,381,342,0,0.0,48,compact,762.19025,868,18.73577728
0.00067138671875,0.0,0.07493595391793051,100.0,X8,-2.8118088274097164,30,10,2026-06-12T21:13:34,/projects/paco0228/ACE/results/scaling_kablation/K16/nodes50/ace/seed_42/run_20260612_211334_seed42,3984,3984,0,1.0,381,342,0,0.0,48,compact,762.19025,868,18.73577728
0.000461578369140625,0.0,0.053422496133338694,100.0,X3,2.173027084540954,30,14,2026-06-12T21:13:34,/projects/paco0228/ACE/results/scaling_kablation/K16/nodes50/ace/seed_42/run_20260612_211334_seed42,3984,3984,0,1.0,381,342,0,0.0,48,compact,762.19025,868,18.73577728
0.0015106201171875,0.0,0.06427752737080578,100.0,X8,-3.2943321601030373,30,17,2026-06-12T21:13:34,/projects/paco0228/ACE/results/scaling_kablation/K16/nodes50/ace/seed_42/run_20260612_211334_seed42,3984,3984,0,1.0,381,342,0,0.0,48,compact,762.19025,868,18.73577728
0.00029754638671875,0.0,0.04659979886972467,100.0,X3,3.9696895284753158,30,20,2026-06-12T21:13:34,/projects/paco0228/ACE/results/scaling_kablation/K16/nodes50/ace/seed_42/run_20260612_211334_seed42,3984,3984,0,1.0,381,342,0,0.0,48,compact,762.19025,868,18.73577728
9.059906005859375e-05,0.0,0.043094940239725356,100.0,X8,2.549719006098334,30,24,2026-06-12T21:13:34,/projects/paco0228/ACE/results/scaling_kablation/K16/nodes50/ace/seed_42/run_20260612_211334_seed42,3984,3984,0,1.0,381,342,0,0.0,48,compact,762.19025,868,18.73577728
9.059906005859375e-05,-2.0,0.11547864131908417,100.0,X3,-2.78229755380488,31,2,2026-06-12T21:13:34,/projects/paco0228/ACE/results/scaling_kablation/K16/nodes50/ace/seed_42/run_20260612_211334_seed42,3984,3984,0,1.0,381,342,0,0.0,48,compact,762.19025,868,18.73577728
9.059906005859375e-05,0.0,0.07774655894257643,100.0,X8,0.17742700989294846,31,5,2026-06-12T21:13:34,/projects/paco0228/ACE/results/scaling_kablation/K16/nodes50/ace/seed_42/run_20260612_211334_seed42,3984,3984,0,1.0,381,342,0,0.0,48,compact,762.19025,868,18.73577728
6.246566772460938e-05,0.0,0.04343278360948197,100.0,X3,-1.8426930597107138,31,9,2026-06-12T21:13:34,/projects/paco0228/ACE/results/scaling_kablation/K16/nodes50/ace/seed_42/run_20260612_211334_seed42,3984,3984,0,1.0,381,342,0,0.0,48,compact,762.19025,868,18.73577728
0.00013256072998046875,0.0,0.2383541496401684,100.0,X3,-1.7456380008457364,32,3,2026-06-12T21:13:34,/projects/paco0228/ACE/results/scaling_kablation/K16/nodes50/ace/seed_42/run_20260612_211334_seed42,3984,3984,0,1.0,381,342,0,0.0,48,compact,762.19025,868,18.73577728
1.2278556823730469e-05,0.0,0.0847033377120384,100.0,X8,-0.23460575647862925,32,7,2026-06-12T21:13:34,/projects/paco0228/ACE/results/scaling_kablation/K16/nodes50/ace/seed_42/run_20260612_211334_seed42,3984,3984,0,1.0,381,342,0,0.0,48,compact,762.19025,868,18.73577728
5.066394805908203e-07,0.0,0.06753120078303573,100.0,X3,3.489007719388086,32,10,2026-06-12T21:13:34,/projects/paco0228/ACE/results/scaling_kablation/K16/nodes50/ace/seed_42/run_20260612_211334_seed42,3984,3984,0,1.0,381,342,0,0.0,48,compact,762.19025,868,18.73577728
1.2278556823730469e-05,-2.0,0.05509663553750353,100.0,X8,-2.3754773573501287,32,13,2026-06-12T21:13:34,/projects/paco0228/ACE/results/scaling_kablation/K16/nodes50/ace/seed_42/run_20260612_211334_seed42,3984,3984,0,1.0,381,342,0,0.0,48,compact,762.19025,868,18.73577728
3.7550926208496094e-06,0.0,0.2334765238663377,100.0,X3,-4.916828894036267,33,2,2026-06-12T21:13:34,/projects/paco0228/ACE/results/scaling_kablation/K16/nodes50/ace/seed_42/run_20260612_211334_seed42,3984,3984,0,1.0,381,342,0,0.0,48,compact,762.19025,868,18.73577728
8.463859558105469e-06,0.0,0.08065887773712607,100.0,X8,1.3689270954834676,33,5,2026-06-12T21:13:34,/projects/paco0228/ACE/results/scaling_kablation/K16/nodes50/ace/seed_42/run_20260612_211334_seed42,3984,3984,0,1.0,381,342,0,0.0,48,compact,762.19025,868,18.73577728
1.7881393432617188e-05,0.0,8.127716719123462,100.0,X3,3.172507239995703,34,1,2026-06-12T21:13:34,/projects/paco0228/ACE/results/scaling_kablation/K16/nodes50/ace/seed_42/run_20260612_211334_seed42,3984,3984,0,1.0,381,342,0,0.0,48,compact,762.19025,868,18.73577728
5.066394805908203e-07,-2.0,0.08546586192268506,100.0,X8,-3.423015438026249,34,5,2026-06-12T21:13:34,/projects/paco0228/ACE/results/scaling_kablation/K16/nodes50/ace/seed_42/run_20260612_211334_seed42,3984,3984,0,1.0,381,342,0,0.0,48,compact,762.19025,868,18.73577728
5.453824996948242e-06,0.0,0.10663643169683781,100.0,X8,3.7349277758057227,35,3,2026-06-12T21:13:34,/projects/paco0228/ACE/results/scaling_kablation/K16/nodes50/ace/seed_42/run_20260612_211334_seed42,3984,3984,0,1.0,381,342,0,0.0,48,compact,762.19025,868,18.73577728
2.4139881134033203e-06,0.0,0.044828398004035826,100.0,X3,-0.8481539975025978,35,7,2026-06-12T21:13:34,/projects/paco0228/ACE/results/scaling_kablation/K16/nodes50/ace/seed_42/run_20260612_211334_seed42,3984,3984,0,1.0,381,342,0,0.0,48,compact,762.19025,868,18.73577728
8.463859558105469e-06,0.0,0.44182617976642696,100.0,X8,2.2631327833729156,36,2,2026-06-12T21:13:34,/projects/paco0228/ACE/results/scaling_kablation/K16/nodes50/ace/seed_42/run_20260612_211334_seed42,3984,3984,0,1.0,381,342,0,0.0,48,compact,762.19025,868,18.73577728
8.463859558105469e-06,0.0,0.08191138760581461,100.0,X3,3.2570524438488544,36,5,2026-06-12T21:13:34,/projects/paco0228/ACE/results/scaling_kablation/K16/nodes50/ace/seed_42/run_20260612_211334_seed42,3984,3984,0,1.0,381,342,0,0.0,48,compact,762.19025,868,18.73577728
5.066394805908203e-07,-2.0,0.20517336003821943,100.0,X8,-1.008087004530581,37,2,2026-06-12T21:13:34,/projects/paco0228/ACE/results/scaling_kablation/K16/nodes50/ace/seed_42/run_20260612_211334_seed42,3984,3984,0,1.0,381,342,0,0.0,48,compact,762.19025,868,18.73577728
2.4139881134033203e-06,-2.0,0.09974012042490984,100.0,X3,3.1817192013181437,37,5,2026-06-12T21:13:34,/projects/paco0228/ACE/results/scaling_kablation/K16/nodes50/ace/seed_42/run_20260612_211334_seed42,3984,3984,0,1.0,381,342,0,0.0,48,compact,762.19025,868,18.73577728
3.7550926208496094e-06,0.0,2.0276042306641586,100.0,X8,2.891884945074221,38,1,2026-06-12T21:13:34,/projects/paco0228/ACE/results/scaling_kablation/K16/nodes50/ace/seed_42/run_20260612_211334_seed42,3984,3984,0,1.0,381,342,0,0.0,48,compact,762.19025,868,18.73577728
0.69140625,11.375896580517306,0.16448882629768888,23.82251224565815,X2,1.5,38,2,2026-06-12T21:13:34,/projects/paco0228/ACE/results/scaling_kablation/K16/nodes50/ace/seed_42/run_20260612_211334_seed42,3984,3984,0,1.0,381,342,0,0.0,48,compact,762.19025,868,18.73577728
7.37607479095459e-07,0.0,0.08128438690553923,100.0,X3,-4.705341015447923,38,5,2026-06-12T21:13:34,/projects/paco0228/ACE/results/scaling_kablation/K16/nodes50/ace/seed_42/run_20260612_211334_seed42,3984,3984,0,1.0,381,342,0,0.0,48,compact,762.19025,868,18.73577728
7.37607479095459e-07,0.0,3.486295929131528,100.0,X8,4.171121206734174,39,1,2026-06-12T21:13:34,/projects/paco0228/ACE/results/scaling_kablation/K16/nodes50/ace/seed_42/run_20260612_211334_seed42,3984,3984,0,1.0,381,342,0,0.0,48,compact,762.19025,868,18.73577728
3.7550926208496094e-06,0.0,0.10891906559051563,100.0,X3,1.0471175960275145,39,4,2026-06-12T21:13:34,/projects/paco0228/ACE/results/scaling_kablation/K16/nodes50/ace/seed_42/run_20260612_211334_seed42,3984,3984,0,1.0,381,342,0,0.0,48,compact,762.19025,868,18.73577728
3.2782554626464844e-07,0.0,0.07295804974583767,100.0,X8,2.3517008155026744,39,8,2026-06-12T21:13:34,/projects/paco0228/ACE/results/scaling_kablation/K16/nodes50/ace/seed_42/run_20260612_211334_seed42,3984,3984,0,1.0,381,342,0,0.0,48,compact,762.19025,868,18.73577728
